#-----------------------------------------------------------
# Vivado v2025.1 (64-bit)
# SW Build 6140274 on Thu May 22 00:12:29 MDT 2025
# IP Build 6138677 on Thu May 22 03:10:11 MDT 2025
# SharedData Build 6139179 on Tue May 20 17:58:58 MDT 2025
# Start of session at: Sun Apr 26 18:41:55 2026
# Process ID         : 41544
# Current directory  : D:/1012/project1
# Command line       : vivado.exe -mode batch -source D:\1012\project1\scripts\run_vivado_multi_synth.tcl
# Log file           : D:/1012/project1/vivado.log
# Journal file       : D:/1012/project1\vivado.jou
# Running On         : DESKTOP-JH0OJSQ
# Platform           : Windows Server 2016 or Windows 10
# Operating System   : 26200
# Processor Detail   : AMD Ryzen 7 4800HS with Radeon Graphics         
# CPU Frequency      : 2895 MHz
# CPU Physical cores : 8
# CPU Logical cores  : 16
# Host memory        : 16556 MB
# Swap memory        : 17161 MB
# Total Virtual      : 33717 MB
# Available Virtual  : 4974 MB
#-----------------------------------------------------------
source {D:\1012\project1\scripts\run_vivado_multi_synth.tcl}
# set root [file normalize [file join [file dirname [info script]] ..]]
# set proj_dir [file join $root build vivado_multi]
# set build_dir [file join $root build]
# file mkdir $proj_dir
# file mkdir $build_dir
# set part_name xc7a200tfbg676-2
# set tops [list \
#     cnn_compare_base_top \
#     cnn_compare_booth_top \
#     cnn_compare_booth_simd_top \
#     cnn_compare_booth_simd_pipe_top \
#     cnn_compare_booth_simd_pipe_dsp_top \
# ]
# proc read_all_sources {root} {
#     read_verilog [file join $root src baseline mul8.v]
#     read_verilog [file join $root src baseline add8.v]
#     read_verilog [file join $root src baseline relu_s20.v]
#     read_verilog [file join $root src baseline div4.v]
#     read_verilog [file join $root src baseline cnn_chain_core_base.v]
#     read_verilog [file join $root src baseline cnn_compare_base_top.v]
# 
#     read_verilog [file join $root src optimized mul8_booth_wallace.v]
#     read_verilog [file join $root src optimized mul8_dsp48e1.v]
#     read_verilog [file join $root src optimized simd_add8x4.v]
#     read_verilog [file join $root src optimized simd_mul8x4.v]
#     read_verilog [file join $root src optimized simd_mul8x4_dsp.v]
#     read_verilog [file join $root src optimized simd_relu8x4.v]
#     read_verilog [file join $root src optimized simd_avgpool2x2_8bit.v]
#     read_verilog [file join $root src optimized cnn_conv3x3_simd_core.v]
#     read_verilog [file join $root src optimized cnn_chain_core_booth_simd.v]
#     read_verilog [file join $root src optimized cnn_chain_core_booth_simd_pipe.v]
#     read_verilog [file join $root src optimized cnn_chain_core_booth_simd_pipe_dsp.v]
#     read_verilog [file join $root src optimized cnn_compare_booth_top.v]
#     read_verilog [file join $root src optimized cnn_compare_booth_simd_top.v]
#     read_verilog [file join $root src optimized cnn_compare_booth_simd_pipe_top.v]
#     read_verilog [file join $root src optimized cnn_compare_booth_simd_pipe_dsp_top.v]
# 
#     read_xdc [file join $root constraints project1.xdc]
# }
# foreach top $tops {
#     set prj_name "project1_${top}"
#     create_project $prj_name [file join $proj_dir $prj_name] -part $part_name -force
#     read_all_sources $root
#     synth_design -top $top -part $part_name
#     report_utilization -file [file join $build_dir "${top}_utilization.rpt"]
#     report_timing_summary -delay_type max -max_paths 10 -file [file join $build_dir "${top}_timing_summary.rpt"]
#     report_clock_utilization -file [file join $build_dir "${top}_clock_utilization.rpt"]
#     write_checkpoint -force [file join $build_dir "${top}_synth.dcp"]
#     close_project
# }
create_project: Time (s): cpu = 00:00:08 ; elapsed = 00:00:05 . Memory (MB): peak = 501.551 ; gain = 216.680
Command: synth_design -top cnn_compare_base_top -part xc7a200tfbg676-2
Starting synth_design
Attempting to get a license for feature 'Synthesis' and/or device 'xc7a200t'
INFO: [Common 17-349] Got license for feature 'Synthesis' and/or device 'xc7a200t'
INFO: [Device 21-403] Loading part xc7a200tfbg676-2
INFO: [Synth 8-7079] Multithreading enabled for synth_design using a maximum of 2 processes.
INFO: [Synth 8-7078] Launching helper process for spawning children vivado processes
INFO: [Synth 8-7075] Helper process launched with PID 20236
---------------------------------------------------------------------------------
Starting RTL Elaboration : Time (s): cpu = 00:00:06 ; elapsed = 00:00:06 . Memory (MB): peak = 1228.316 ; gain = 493.535
---------------------------------------------------------------------------------
INFO: [Synth 8-6157] synthesizing module 'cnn_compare_base_top' [D:/1012/project1/src/baseline/cnn_compare_base_top.v:1]
INFO: [Synth 8-6157] synthesizing module 'cnn_chain_core_base' [D:/1012/project1/src/baseline/cnn_chain_core_base.v:1]
INFO: [Synth 8-6157] synthesizing module 'mul8' [D:/1012/project1/src/baseline/mul8.v:1]
INFO: [Synth 8-6155] done synthesizing module 'mul8' (0#1) [D:/1012/project1/src/baseline/mul8.v:1]
INFO: [Synth 8-6157] synthesizing module 'mul8_booth_wallace' [D:/1012/project1/src/optimized/mul8_booth_wallace.v:1]
INFO: [Synth 8-226] default block is never used [D:/1012/project1/src/optimized/mul8_booth_wallace.v:10]
INFO: [Synth 8-6155] done synthesizing module 'mul8_booth_wallace' (0#1) [D:/1012/project1/src/optimized/mul8_booth_wallace.v:1]
INFO: [Synth 8-6157] synthesizing module 'relu_s20' [D:/1012/project1/src/baseline/relu_s20.v:1]
INFO: [Synth 8-6155] done synthesizing module 'relu_s20' (0#1) [D:/1012/project1/src/baseline/relu_s20.v:1]
INFO: [Synth 8-6157] synthesizing module 'div4' [D:/1012/project1/src/baseline/div4.v:1]
INFO: [Synth 8-6155] done synthesizing module 'div4' (0#1) [D:/1012/project1/src/baseline/div4.v:1]
INFO: [Synth 8-6155] done synthesizing module 'cnn_chain_core_base' (0#1) [D:/1012/project1/src/baseline/cnn_chain_core_base.v:1]
INFO: [Synth 8-6155] done synthesizing module 'cnn_compare_base_top' (0#1) [D:/1012/project1/src/baseline/cnn_compare_base_top.v:1]
WARNING: [Synth 8-7129] Port x_u10[1] in module div4 is either unconnected or has no load
WARNING: [Synth 8-7129] Port x_u10[0] in module div4 is either unconnected or has no load
---------------------------------------------------------------------------------
Finished RTL Elaboration : Time (s): cpu = 00:00:08 ; elapsed = 00:00:08 . Memory (MB): peak = 1340.273 ; gain = 605.492
---------------------------------------------------------------------------------
---------------------------------------------------------------------------------
Start Handling Custom Attributes
---------------------------------------------------------------------------------
---------------------------------------------------------------------------------
Finished Handling Custom Attributes : Time (s): cpu = 00:00:08 ; elapsed = 00:00:08 . Memory (MB): peak = 1340.273 ; gain = 605.492
---------------------------------------------------------------------------------
---------------------------------------------------------------------------------
Finished RTL Optimization Phase 1 : Time (s): cpu = 00:00:08 ; elapsed = 00:00:08 . Memory (MB): peak = 1340.273 ; gain = 605.492
---------------------------------------------------------------------------------
Netlist sorting complete. Time (s): cpu = 00:00:00 ; elapsed = 00:00:00.013 . Memory (MB): peak = 1340.273 ; gain = 0.000
INFO: [Project 1-570] Preparing netlist for logic optimization

Processing XDC Constraints
Initializing timing engine
Parsing XDC File [D:/1012/project1/constraints/project1.xdc]
Finished Parsing XDC File [D:/1012/project1/constraints/project1.xdc]
Completed Processing XDC Constraints

Netlist sorting complete. Time (s): cpu = 00:00:00 ; elapsed = 00:00:00.001 . Memory (MB): peak = 1400.492 ; gain = 0.000
INFO: [Project 1-111] Unisim Transformation Summary:
No Unisim elements were transformed.

Constraint Validation Runtime : Time (s): cpu = 00:00:00 ; elapsed = 00:00:00.011 . Memory (MB): peak = 1400.492 ; gain = 0.000
---------------------------------------------------------------------------------
Finished Constraint Validation : Time (s): cpu = 00:00:17 ; elapsed = 00:00:18 . Memory (MB): peak = 1400.492 ; gain = 665.711
---------------------------------------------------------------------------------
---------------------------------------------------------------------------------
Start Loading Part and Timing Information
---------------------------------------------------------------------------------
Loading part: xc7a200tfbg676-2
---------------------------------------------------------------------------------
Finished Loading Part and Timing Information : Time (s): cpu = 00:00:17 ; elapsed = 00:00:18 . Memory (MB): peak = 1400.492 ; gain = 665.711
---------------------------------------------------------------------------------
---------------------------------------------------------------------------------
Start Applying 'set_property' XDC Constraints
---------------------------------------------------------------------------------
---------------------------------------------------------------------------------
Finished applying 'set_property' XDC Constraints : Time (s): cpu = 00:00:17 ; elapsed = 00:00:18 . Memory (MB): peak = 1400.492 ; gain = 665.711
---------------------------------------------------------------------------------
INFO: [Synth 8-802] inferred FSM for state register 'state_reg' in module 'cnn_chain_core_base'
---------------------------------------------------------------------------------------------------
                   State |                     New Encoding |                Previous Encoding 
---------------------------------------------------------------------------------------------------
                  S_IDLE |                            00001 |                              000
                  S_CONV |                            00010 |                              001
                  S_RELU |                            00100 |                              010
                  S_POOL |                            01000 |                              011
                  S_DONE |                            10000 |                              100
---------------------------------------------------------------------------------------------------
INFO: [Synth 8-3354] encoded FSM with state register 'state_reg' using encoding 'one-hot' in module 'cnn_chain_core_base'
---------------------------------------------------------------------------------
Finished RTL Optimization Phase 2 : Time (s): cpu = 00:00:18 ; elapsed = 00:00:19 . Memory (MB): peak = 1400.492 ; gain = 665.711
---------------------------------------------------------------------------------
---------------------------------------------------------------------------------
Start RTL Component Statistics 
---------------------------------------------------------------------------------
Detailed RTL Component Info : 
+---Adders : 
	   2 Input   20 Bit       Adders := 1     
	   2 Input   16 Bit       Adders := 1     
	   4 Input   10 Bit       Adders := 1     
	   2 Input    4 Bit       Adders := 2     
	   2 Input    2 Bit       Adders := 3     
+---XORs : 
	   3 Input     16 Bit         XORs := 2     
+---Registers : 
	               32 Bit    Registers := 1     
	               20 Bit    Registers := 9     
	                8 Bit    Registers := 9     
	                4 Bit    Registers := 2     
	                2 Bit    Registers := 3     
	                1 Bit    Registers := 1     
+---Muxes : 
	   5 Input   32 Bit        Muxes := 2     
	   5 Input   20 Bit        Muxes := 1     
	   2 Input   16 Bit        Muxes := 1     
	   2 Input    8 Bit        Muxes := 1     
	   5 Input    8 Bit        Muxes := 1     
	   2 Input    4 Bit        Muxes := 2     
	   5 Input    4 Bit        Muxes := 2     
	   5 Input    3 Bit        Muxes := 1     
	   2 Input    2 Bit        Muxes := 3     
	   5 Input    2 Bit        Muxes := 3     
	   2 Input    1 Bit        Muxes := 24    
	   5 Input    1 Bit        Muxes := 23    
---------------------------------------------------------------------------------
Finished RTL Component Statistics 
---------------------------------------------------------------------------------
---------------------------------------------------------------------------------
Start Part Resource Summary
---------------------------------------------------------------------------------
Part Resources:
DSPs: 740 (col length:100)
BRAMs: 730 (col length: RAMB18 100 RAMB36 50)
---------------------------------------------------------------------------------
Finished Part Resource Summary
---------------------------------------------------------------------------------
---------------------------------------------------------------------------------
Start Cross Boundary and Area Optimization
---------------------------------------------------------------------------------
WARNING: [Synth 8-7080] Parallel synthesis criteria is not met
---------------------------------------------------------------------------------
Finished Cross Boundary and Area Optimization : Time (s): cpu = 00:00:26 ; elapsed = 00:00:27 . Memory (MB): peak = 1474.156 ; gain = 739.375
---------------------------------------------------------------------------------
---------------------------------------------------------------------------------
Start Applying XDC Timing Constraints
---------------------------------------------------------------------------------
---------------------------------------------------------------------------------
Finished Applying XDC Timing Constraints : Time (s): cpu = 00:00:33 ; elapsed = 00:00:34 . Memory (MB): peak = 1557.594 ; gain = 822.812
---------------------------------------------------------------------------------
---------------------------------------------------------------------------------
Start Timing Optimization
---------------------------------------------------------------------------------
---------------------------------------------------------------------------------
Finished Timing Optimization : Time (s): cpu = 00:00:38 ; elapsed = 00:00:39 . Memory (MB): peak = 1684.734 ; gain = 949.953
---------------------------------------------------------------------------------
---------------------------------------------------------------------------------
Start Technology Mapping
---------------------------------------------------------------------------------
---------------------------------------------------------------------------------
Finished Technology Mapping : Time (s): cpu = 00:00:39 ; elapsed = 00:00:40 . Memory (MB): peak = 1684.734 ; gain = 949.953
---------------------------------------------------------------------------------
---------------------------------------------------------------------------------
Start IO Insertion
---------------------------------------------------------------------------------
---------------------------------------------------------------------------------
Start Flattening Before IO Insertion
---------------------------------------------------------------------------------
---------------------------------------------------------------------------------
Finished Flattening Before IO Insertion
---------------------------------------------------------------------------------
---------------------------------------------------------------------------------
Start Final Netlist Cleanup
---------------------------------------------------------------------------------
---------------------------------------------------------------------------------
Finished Final Netlist Cleanup
---------------------------------------------------------------------------------
---------------------------------------------------------------------------------
Finished IO Insertion : Time (s): cpu = 00:00:45 ; elapsed = 00:00:46 . Memory (MB): peak = 1837.906 ; gain = 1103.125
---------------------------------------------------------------------------------
---------------------------------------------------------------------------------
Start Renaming Generated Instances
---------------------------------------------------------------------------------
---------------------------------------------------------------------------------
Finished Renaming Generated Instances : Time (s): cpu = 00:00:45 ; elapsed = 00:00:46 . Memory (MB): peak = 1837.906 ; gain = 1103.125
---------------------------------------------------------------------------------
---------------------------------------------------------------------------------
Start Rebuilding User Hierarchy
---------------------------------------------------------------------------------
---------------------------------------------------------------------------------
Finished Rebuilding User Hierarchy : Time (s): cpu = 00:00:45 ; elapsed = 00:00:47 . Memory (MB): peak = 1837.906 ; gain = 1103.125
---------------------------------------------------------------------------------
---------------------------------------------------------------------------------
Start Renaming Generated Ports
---------------------------------------------------------------------------------
---------------------------------------------------------------------------------
Finished Renaming Generated Ports : Time (s): cpu = 00:00:45 ; elapsed = 00:00:47 . Memory (MB): peak = 1837.906 ; gain = 1103.125
---------------------------------------------------------------------------------
---------------------------------------------------------------------------------
Start Handling Custom Attributes
---------------------------------------------------------------------------------
---------------------------------------------------------------------------------
Finished Handling Custom Attributes : Time (s): cpu = 00:00:45 ; elapsed = 00:00:47 . Memory (MB): peak = 1837.906 ; gain = 1103.125
---------------------------------------------------------------------------------
---------------------------------------------------------------------------------
Start Renaming Generated Nets
---------------------------------------------------------------------------------
---------------------------------------------------------------------------------
Finished Renaming Generated Nets : Time (s): cpu = 00:00:45 ; elapsed = 00:00:47 . Memory (MB): peak = 1837.906 ; gain = 1103.125
---------------------------------------------------------------------------------
---------------------------------------------------------------------------------
Start Writing Synthesis Report
---------------------------------------------------------------------------------

Report BlackBoxes: 
+-+--------------+----------+
| |BlackBox name |Instances |
+-+--------------+----------+
+-+--------------+----------+

Report Cell Usage: 
+------+-------+------+
|      |Cell   |Count |
+------+-------+------+
|1     |BUFG   |     1|
|2     |CARRY4 |    22|
|3     |LUT1   |     2|
|4     |LUT2   |    58|
|5     |LUT3   |    22|
|6     |LUT4   |    79|
|7     |LUT5   |    35|
|8     |LUT6   |   412|
|9     |FDCE   |   303|
|10    |FDPE   |     1|
|11    |IBUF   |   275|
|12    |OBUF   |    33|
+------+-------+------+
---------------------------------------------------------------------------------
Finished Writing Synthesis Report : Time (s): cpu = 00:00:45 ; elapsed = 00:00:47 . Memory (MB): peak = 1837.906 ; gain = 1103.125
---------------------------------------------------------------------------------
Synthesis finished with 0 errors, 0 critical warnings and 1 warnings.
Synthesis Optimization Runtime : Time (s): cpu = 00:00:34 ; elapsed = 00:00:44 . Memory (MB): peak = 1837.906 ; gain = 1042.906
Synthesis Optimization Complete : Time (s): cpu = 00:00:45 ; elapsed = 00:00:47 . Memory (MB): peak = 1837.906 ; gain = 1103.125
INFO: [Project 1-571] Translating synthesized netlist
Netlist sorting complete. Time (s): cpu = 00:00:00 ; elapsed = 00:00:00.015 . Memory (MB): peak = 1847.098 ; gain = 0.000
INFO: [Netlist 29-17] Analyzing 22 Unisim elements for replacement
INFO: [Netlist 29-28] Unisim Transformation completed in 0 CPU seconds
INFO: [Project 1-570] Preparing netlist for logic optimization
Parsing XDC File [D:/1012/project1/constraints/project1.xdc]
Finished Parsing XDC File [D:/1012/project1/constraints/project1.xdc]
INFO: [Opt 31-138] Pushed 0 inverter(s) to 0 load pin(s).
Netlist sorting complete. Time (s): cpu = 00:00:00 ; elapsed = 00:00:00 . Memory (MB): peak = 1853.293 ; gain = 0.000
INFO: [Project 1-111] Unisim Transformation Summary:
No Unisim elements were transformed.

Synth Design complete | Checksum: b1e1cf07
INFO: [Common 17-83] Releasing license: Synthesis
29 Infos, 3 Warnings, 0 Critical Warnings and 0 Errors encountered.
synth_design completed successfully
synth_design: Time (s): cpu = 00:00:50 ; elapsed = 00:00:54 . Memory (MB): peak = 1853.293 ; gain = 1351.742
INFO: [Timing 38-91] UpdateTimingParams: Speed grade: -2, Delay Type: max.
INFO: [Timing 38-191] Multithreading enabled for timing update using a maximum of 2 CPUs
INFO: [Timing 38-35] Done setting XDC timing constraints.
report_timing_summary: Time (s): cpu = 00:00:09 ; elapsed = 00:00:08 . Memory (MB): peak = 2059.680 ; gain = 206.387
INFO: [Timing 38-480] Writing timing data to binary archive.
Write ShapeDB Complete: Time (s): cpu = 00:00:00 ; elapsed = 00:00:00.008 . Memory (MB): peak = 2060.496 ; gain = 0.055
INFO: [Common 17-1381] The checkpoint 'D:/1012/project1/build/cnn_compare_base_top_synth.dcp' has been generated.
Command: synth_design -top cnn_compare_booth_top -part xc7a200tfbg676-2
Starting synth_design
Attempting to get a license for feature 'Synthesis' and/or device 'xc7a200t'
INFO: [Common 17-349] Got license for feature 'Synthesis' and/or device 'xc7a200t'
INFO: [Synth 8-7079] Multithreading enabled for synth_design using a maximum of 2 processes.
---------------------------------------------------------------------------------
Starting RTL Elaboration : Time (s): cpu = 00:00:07 ; elapsed = 00:00:06 . Memory (MB): peak = 2060.496 ; gain = 0.000
---------------------------------------------------------------------------------
INFO: [Synth 8-6157] synthesizing module 'cnn_compare_booth_top' [D:/1012/project1/src/optimized/cnn_compare_booth_top.v:1]
INFO: [Synth 8-6157] synthesizing module 'cnn_chain_core_base' [D:/1012/project1/src/baseline/cnn_chain_core_base.v:1]
INFO: [Synth 8-6157] synthesizing module 'mul8' [D:/1012/project1/src/baseline/mul8.v:1]
INFO: [Synth 8-6155] done synthesizing module 'mul8' (0#1) [D:/1012/project1/src/baseline/mul8.v:1]
INFO: [Synth 8-6157] synthesizing module 'mul8_booth_wallace' [D:/1012/project1/src/optimized/mul8_booth_wallace.v:1]
INFO: [Synth 8-226] default block is never used [D:/1012/project1/src/optimized/mul8_booth_wallace.v:10]
INFO: [Synth 8-6155] done synthesizing module 'mul8_booth_wallace' (0#1) [D:/1012/project1/src/optimized/mul8_booth_wallace.v:1]
INFO: [Synth 8-6157] synthesizing module 'relu_s20' [D:/1012/project1/src/baseline/relu_s20.v:1]
INFO: [Synth 8-6155] done synthesizing module 'relu_s20' (0#1) [D:/1012/project1/src/baseline/relu_s20.v:1]
INFO: [Synth 8-6157] synthesizing module 'div4' [D:/1012/project1/src/baseline/div4.v:1]
INFO: [Synth 8-6155] done synthesizing module 'div4' (0#1) [D:/1012/project1/src/baseline/div4.v:1]
INFO: [Synth 8-6155] done synthesizing module 'cnn_chain_core_base' (0#1) [D:/1012/project1/src/baseline/cnn_chain_core_base.v:1]
INFO: [Synth 8-6155] done synthesizing module 'cnn_compare_booth_top' (0#1) [D:/1012/project1/src/optimized/cnn_compare_booth_top.v:1]
WARNING: [Synth 8-7129] Port x_u10[1] in module div4 is either unconnected or has no load
WARNING: [Synth 8-7129] Port x_u10[0] in module div4 is either unconnected or has no load
---------------------------------------------------------------------------------
Finished RTL Elaboration : Time (s): cpu = 00:00:09 ; elapsed = 00:00:08 . Memory (MB): peak = 2060.496 ; gain = 0.000
---------------------------------------------------------------------------------
---------------------------------------------------------------------------------
Start Handling Custom Attributes
---------------------------------------------------------------------------------
---------------------------------------------------------------------------------
Finished Handling Custom Attributes : Time (s): cpu = 00:00:09 ; elapsed = 00:00:08 . Memory (MB): peak = 2060.496 ; gain = 0.000
---------------------------------------------------------------------------------
---------------------------------------------------------------------------------
Finished RTL Optimization Phase 1 : Time (s): cpu = 00:00:09 ; elapsed = 00:00:08 . Memory (MB): peak = 2060.496 ; gain = 0.000
---------------------------------------------------------------------------------
Netlist sorting complete. Time (s): cpu = 00:00:00 ; elapsed = 00:00:00.012 . Memory (MB): peak = 2060.496 ; gain = 0.000
INFO: [Project 1-570] Preparing netlist for logic optimization

Processing XDC Constraints
Initializing timing engine
Parsing XDC File [D:/1012/project1/constraints/project1.xdc]
Finished Parsing XDC File [D:/1012/project1/constraints/project1.xdc]
Completed Processing XDC Constraints

Netlist sorting complete. Time (s): cpu = 00:00:00 ; elapsed = 00:00:00.001 . Memory (MB): peak = 2060.496 ; gain = 0.000
INFO: [Project 1-111] Unisim Transformation Summary:
No Unisim elements were transformed.

Constraint Validation Runtime : Time (s): cpu = 00:00:00 ; elapsed = 00:00:00.010 . Memory (MB): peak = 2060.496 ; gain = 0.000
---------------------------------------------------------------------------------
Finished Constraint Validation : Time (s): cpu = 00:00:18 ; elapsed = 00:00:18 . Memory (MB): peak = 2060.496 ; gain = 0.000
---------------------------------------------------------------------------------
---------------------------------------------------------------------------------
Start Loading Part and Timing Information
---------------------------------------------------------------------------------
Loading part: xc7a200tfbg676-2
---------------------------------------------------------------------------------
Finished Loading Part and Timing Information : Time (s): cpu = 00:00:18 ; elapsed = 00:00:18 . Memory (MB): peak = 2060.496 ; gain = 0.000
---------------------------------------------------------------------------------
---------------------------------------------------------------------------------
Start Applying 'set_property' XDC Constraints
---------------------------------------------------------------------------------
---------------------------------------------------------------------------------
Finished applying 'set_property' XDC Constraints : Time (s): cpu = 00:00:18 ; elapsed = 00:00:18 . Memory (MB): peak = 2060.496 ; gain = 0.000
---------------------------------------------------------------------------------
INFO: [Synth 8-802] inferred FSM for state register 'state_reg' in module 'cnn_chain_core_base'
---------------------------------------------------------------------------------------------------
                   State |                     New Encoding |                Previous Encoding 
---------------------------------------------------------------------------------------------------
                  S_IDLE |                            00001 |                              000
                  S_CONV |                            00010 |                              001
                  S_RELU |                            00100 |                              010
                  S_POOL |                            01000 |                              011
                  S_DONE |                            10000 |                              100
---------------------------------------------------------------------------------------------------
INFO: [Synth 8-3354] encoded FSM with state register 'state_reg' using encoding 'one-hot' in module 'cnn_chain_core_base'
---------------------------------------------------------------------------------
Finished RTL Optimization Phase 2 : Time (s): cpu = 00:00:19 ; elapsed = 00:00:19 . Memory (MB): peak = 2060.496 ; gain = 0.000
---------------------------------------------------------------------------------
---------------------------------------------------------------------------------
Start RTL Component Statistics 
---------------------------------------------------------------------------------
Detailed RTL Component Info : 
+---Adders : 
	   2 Input   20 Bit       Adders := 1     
	   2 Input   16 Bit       Adders := 1     
	   4 Input   10 Bit       Adders := 1     
	   2 Input    4 Bit       Adders := 2     
	   2 Input    2 Bit       Adders := 3     
+---XORs : 
	   3 Input     16 Bit         XORs := 2     
+---Registers : 
	               32 Bit    Registers := 1     
	               20 Bit    Registers := 9     
	                8 Bit    Registers := 9     
	                4 Bit    Registers := 2     
	                2 Bit    Registers := 3     
	                1 Bit    Registers := 1     
+---Muxes : 
	   5 Input   32 Bit        Muxes := 2     
	   5 Input   20 Bit        Muxes := 1     
	   2 Input   16 Bit        Muxes := 1     
	   2 Input    8 Bit        Muxes := 1     
	   5 Input    8 Bit        Muxes := 1     
	   2 Input    4 Bit        Muxes := 2     
	   5 Input    4 Bit        Muxes := 2     
	   5 Input    3 Bit        Muxes := 1     
	   2 Input    2 Bit        Muxes := 3     
	   5 Input    2 Bit        Muxes := 3     
	   2 Input    1 Bit        Muxes := 24    
	   5 Input    1 Bit        Muxes := 23    
---------------------------------------------------------------------------------
Finished RTL Component Statistics 
---------------------------------------------------------------------------------
---------------------------------------------------------------------------------
Start Part Resource Summary
---------------------------------------------------------------------------------
Part Resources:
DSPs: 740 (col length:100)
BRAMs: 730 (col length: RAMB18 100 RAMB36 50)
---------------------------------------------------------------------------------
Finished Part Resource Summary
---------------------------------------------------------------------------------
---------------------------------------------------------------------------------
Start Cross Boundary and Area Optimization
---------------------------------------------------------------------------------
WARNING: [Synth 8-7080] Parallel synthesis criteria is not met
---------------------------------------------------------------------------------
Finished Cross Boundary and Area Optimization : Time (s): cpu = 00:00:39 ; elapsed = 00:00:39 . Memory (MB): peak = 2060.496 ; gain = 0.000
---------------------------------------------------------------------------------
---------------------------------------------------------------------------------
Start Applying XDC Timing Constraints
---------------------------------------------------------------------------------
---------------------------------------------------------------------------------
Finished Applying XDC Timing Constraints : Time (s): cpu = 00:00:46 ; elapsed = 00:00:47 . Memory (MB): peak = 2060.496 ; gain = 0.000
---------------------------------------------------------------------------------
---------------------------------------------------------------------------------
Start Timing Optimization
---------------------------------------------------------------------------------
---------------------------------------------------------------------------------
Finished Timing Optimization : Time (s): cpu = 00:01:15 ; elapsed = 00:01:16 . Memory (MB): peak = 2185.746 ; gain = 125.250
---------------------------------------------------------------------------------
---------------------------------------------------------------------------------
Start Technology Mapping
---------------------------------------------------------------------------------
---------------------------------------------------------------------------------
Finished Technology Mapping : Time (s): cpu = 00:01:15 ; elapsed = 00:01:16 . Memory (MB): peak = 2185.746 ; gain = 125.250
---------------------------------------------------------------------------------
---------------------------------------------------------------------------------
Start IO Insertion
---------------------------------------------------------------------------------
---------------------------------------------------------------------------------
Start Flattening Before IO Insertion
---------------------------------------------------------------------------------
---------------------------------------------------------------------------------
Finished Flattening Before IO Insertion
---------------------------------------------------------------------------------
---------------------------------------------------------------------------------
Start Final Netlist Cleanup
---------------------------------------------------------------------------------
---------------------------------------------------------------------------------
Finished Final Netlist Cleanup
---------------------------------------------------------------------------------
---------------------------------------------------------------------------------
Finished IO Insertion : Time (s): cpu = 00:01:21 ; elapsed = 00:01:22 . Memory (MB): peak = 2188.613 ; gain = 128.117
---------------------------------------------------------------------------------
---------------------------------------------------------------------------------
Start Renaming Generated Instances
---------------------------------------------------------------------------------
---------------------------------------------------------------------------------
Finished Renaming Generated Instances : Time (s): cpu = 00:01:21 ; elapsed = 00:01:22 . Memory (MB): peak = 2188.613 ; gain = 128.117
---------------------------------------------------------------------------------
---------------------------------------------------------------------------------
Start Rebuilding User Hierarchy
---------------------------------------------------------------------------------
---------------------------------------------------------------------------------
Finished Rebuilding User Hierarchy : Time (s): cpu = 00:01:21 ; elapsed = 00:01:22 . Memory (MB): peak = 2188.613 ; gain = 128.117
---------------------------------------------------------------------------------
---------------------------------------------------------------------------------
Start Renaming Generated Ports
---------------------------------------------------------------------------------
---------------------------------------------------------------------------------
Finished Renaming Generated Ports : Time (s): cpu = 00:01:21 ; elapsed = 00:01:22 . Memory (MB): peak = 2188.613 ; gain = 128.117
---------------------------------------------------------------------------------
---------------------------------------------------------------------------------
Start Handling Custom Attributes
---------------------------------------------------------------------------------
---------------------------------------------------------------------------------
Finished Handling Custom Attributes : Time (s): cpu = 00:01:21 ; elapsed = 00:01:22 . Memory (MB): peak = 2188.613 ; gain = 128.117
---------------------------------------------------------------------------------
---------------------------------------------------------------------------------
Start Renaming Generated Nets
---------------------------------------------------------------------------------
---------------------------------------------------------------------------------
Finished Renaming Generated Nets : Time (s): cpu = 00:01:21 ; elapsed = 00:01:22 . Memory (MB): peak = 2188.613 ; gain = 128.117
---------------------------------------------------------------------------------
---------------------------------------------------------------------------------
Start Writing Synthesis Report
---------------------------------------------------------------------------------

Report BlackBoxes: 
+-+--------------+----------+
| |BlackBox name |Instances |
+-+--------------+----------+
+-+--------------+----------+

Report Cell Usage: 
+------+-------+------+
|      |Cell   |Count |
+------+-------+------+
|1     |BUFG   |     1|
|2     |CARRY4 |    14|
|3     |LUT1   |     2|
|4     |LUT2   |    61|
|5     |LUT3   |    35|
|6     |LUT4   |    64|
|7     |LUT5   |    41|
|8     |LUT6   |   374|
|9     |MUXF7  |     2|
|10    |FDCE   |   303|
|11    |FDPE   |     1|
|12    |IBUF   |   275|
|13    |OBUF   |    33|
+------+-------+------+
---------------------------------------------------------------------------------
Finished Writing Synthesis Report : Time (s): cpu = 00:01:21 ; elapsed = 00:01:22 . Memory (MB): peak = 2188.613 ; gain = 128.117
---------------------------------------------------------------------------------
Synthesis finished with 0 errors, 0 critical warnings and 1 warnings.
Synthesis Optimization Runtime : Time (s): cpu = 00:01:10 ; elapsed = 00:01:19 . Memory (MB): peak = 2188.613 ; gain = 128.117
Synthesis Optimization Complete : Time (s): cpu = 00:01:22 ; elapsed = 00:01:22 . Memory (MB): peak = 2188.613 ; gain = 128.117
INFO: [Project 1-571] Translating synthesized netlist
Netlist sorting complete. Time (s): cpu = 00:00:00 ; elapsed = 00:00:00.014 . Memory (MB): peak = 2188.613 ; gain = 0.000
INFO: [Netlist 29-17] Analyzing 16 Unisim elements for replacement
INFO: [Netlist 29-28] Unisim Transformation completed in 0 CPU seconds
INFO: [Project 1-570] Preparing netlist for logic optimization
Parsing XDC File [D:/1012/project1/constraints/project1.xdc]
Finished Parsing XDC File [D:/1012/project1/constraints/project1.xdc]
INFO: [Opt 31-138] Pushed 0 inverter(s) to 0 load pin(s).
Netlist sorting complete. Time (s): cpu = 00:00:00 ; elapsed = 00:00:00 . Memory (MB): peak = 2206.023 ; gain = 0.000
INFO: [Project 1-111] Unisim Transformation Summary:
No Unisim elements were transformed.

Synth Design complete | Checksum: 38e9254d
INFO: [Common 17-83] Releasing license: Synthesis
26 Infos, 3 Warnings, 0 Critical Warnings and 0 Errors encountered.
synth_design completed successfully
synth_design: Time (s): cpu = 00:01:26 ; elapsed = 00:01:28 . Memory (MB): peak = 2206.023 ; gain = 145.527
INFO: [Timing 38-91] UpdateTimingParams: Speed grade: -2, Delay Type: max.
INFO: [Timing 38-191] Multithreading enabled for timing update using a maximum of 2 CPUs
INFO: [Timing 38-35] Done setting XDC timing constraints.
report_timing_summary: Time (s): cpu = 00:00:09 ; elapsed = 00:00:09 . Memory (MB): peak = 2206.023 ; gain = 0.000
INFO: [Timing 38-480] Writing timing data to binary archive.
Write ShapeDB Complete: Time (s): cpu = 00:00:00 ; elapsed = 00:00:00.014 . Memory (MB): peak = 2206.023 ; gain = 0.000
INFO: [Common 17-1381] The checkpoint 'D:/1012/project1/build/cnn_compare_booth_top_synth.dcp' has been generated.
Command: synth_design -top cnn_compare_booth_simd_top -part xc7a200tfbg676-2
Starting synth_design
Attempting to get a license for feature 'Synthesis' and/or device 'xc7a200t'
INFO: [Common 17-349] Got license for feature 'Synthesis' and/or device 'xc7a200t'
INFO: [Synth 8-7079] Multithreading enabled for synth_design using a maximum of 2 processes.
---------------------------------------------------------------------------------
Starting RTL Elaboration : Time (s): cpu = 00:00:07 ; elapsed = 00:00:07 . Memory (MB): peak = 2206.023 ; gain = 0.000
---------------------------------------------------------------------------------
INFO: [Synth 8-6157] synthesizing module 'cnn_compare_booth_simd_top' [D:/1012/project1/src/optimized/cnn_compare_booth_simd_top.v:1]
INFO: [Synth 8-6157] synthesizing module 'cnn_chain_core_booth_simd' [D:/1012/project1/src/optimized/cnn_chain_core_booth_simd.v:1]
INFO: [Synth 8-6157] synthesizing module 'cnn_conv3x3_simd_core' [D:/1012/project1/src/optimized/cnn_conv3x3_simd_core.v:1]
	Parameter use_dsp bound to: 1'b0 
INFO: [Synth 8-6157] synthesizing module 'simd_mul8x4' [D:/1012/project1/src/optimized/simd_mul8x4.v:1]
INFO: [Synth 8-6157] synthesizing module 'mul8_booth_wallace' [D:/1012/project1/src/optimized/mul8_booth_wallace.v:1]
INFO: [Synth 8-226] default block is never used [D:/1012/project1/src/optimized/mul8_booth_wallace.v:10]
INFO: [Synth 8-6155] done synthesizing module 'mul8_booth_wallace' (0#1) [D:/1012/project1/src/optimized/mul8_booth_wallace.v:1]
INFO: [Synth 8-6155] done synthesizing module 'simd_mul8x4' (0#1) [D:/1012/project1/src/optimized/simd_mul8x4.v:1]
INFO: [Synth 8-6155] done synthesizing module 'cnn_conv3x3_simd_core' (0#1) [D:/1012/project1/src/optimized/cnn_conv3x3_simd_core.v:1]
INFO: [Synth 8-6157] synthesizing module 'simd_relu8x4' [D:/1012/project1/src/optimized/simd_relu8x4.v:1]
INFO: [Synth 8-6155] done synthesizing module 'simd_relu8x4' (0#1) [D:/1012/project1/src/optimized/simd_relu8x4.v:1]
INFO: [Synth 8-6157] synthesizing module 'simd_avgpool2x2_8bit' [D:/1012/project1/src/optimized/simd_avgpool2x2_8bit.v:1]
INFO: [Synth 8-6157] synthesizing module 'simd_add8x4' [D:/1012/project1/src/optimized/simd_add8x4.v:1]
INFO: [Synth 8-6155] done synthesizing module 'simd_add8x4' (0#1) [D:/1012/project1/src/optimized/simd_add8x4.v:1]
INFO: [Synth 8-6155] done synthesizing module 'simd_avgpool2x2_8bit' (0#1) [D:/1012/project1/src/optimized/simd_avgpool2x2_8bit.v:1]
INFO: [Synth 8-6155] done synthesizing module 'cnn_chain_core_booth_simd' (0#1) [D:/1012/project1/src/optimized/cnn_chain_core_booth_simd.v:1]
INFO: [Synth 8-6155] done synthesizing module 'cnn_compare_booth_simd_top' (0#1) [D:/1012/project1/src/optimized/cnn_compare_booth_simd_top.v:1]
---------------------------------------------------------------------------------
Finished RTL Elaboration : Time (s): cpu = 00:00:09 ; elapsed = 00:00:09 . Memory (MB): peak = 2206.023 ; gain = 0.000
---------------------------------------------------------------------------------
---------------------------------------------------------------------------------
Start Handling Custom Attributes
---------------------------------------------------------------------------------
---------------------------------------------------------------------------------
Finished Handling Custom Attributes : Time (s): cpu = 00:00:09 ; elapsed = 00:00:09 . Memory (MB): peak = 2206.023 ; gain = 0.000
---------------------------------------------------------------------------------
---------------------------------------------------------------------------------
Finished RTL Optimization Phase 1 : Time (s): cpu = 00:00:09 ; elapsed = 00:00:09 . Memory (MB): peak = 2206.023 ; gain = 0.000
---------------------------------------------------------------------------------
Netlist sorting complete. Time (s): cpu = 00:00:00 ; elapsed = 00:00:00.189 . Memory (MB): peak = 2206.023 ; gain = 0.000
INFO: [Project 1-570] Preparing netlist for logic optimization

Processing XDC Constraints
Initializing timing engine
Parsing XDC File [D:/1012/project1/constraints/project1.xdc]
Finished Parsing XDC File [D:/1012/project1/constraints/project1.xdc]
Completed Processing XDC Constraints

Netlist sorting complete. Time (s): cpu = 00:00:00 ; elapsed = 00:00:00.002 . Memory (MB): peak = 2206.023 ; gain = 0.000
INFO: [Project 1-111] Unisim Transformation Summary:
No Unisim elements were transformed.

Constraint Validation Runtime : Time (s): cpu = 00:00:00 ; elapsed = 00:00:00.016 . Memory (MB): peak = 2206.023 ; gain = 0.000
---------------------------------------------------------------------------------
Finished Constraint Validation : Time (s): cpu = 00:00:21 ; elapsed = 00:00:21 . Memory (MB): peak = 2206.023 ; gain = 0.000
---------------------------------------------------------------------------------
---------------------------------------------------------------------------------
Start Loading Part and Timing Information
---------------------------------------------------------------------------------
Loading part: xc7a200tfbg676-2
---------------------------------------------------------------------------------
Finished Loading Part and Timing Information : Time (s): cpu = 00:00:21 ; elapsed = 00:00:21 . Memory (MB): peak = 2206.023 ; gain = 0.000
---------------------------------------------------------------------------------
---------------------------------------------------------------------------------
Start Applying 'set_property' XDC Constraints
---------------------------------------------------------------------------------
---------------------------------------------------------------------------------
Finished applying 'set_property' XDC Constraints : Time (s): cpu = 00:00:21 ; elapsed = 00:00:21 . Memory (MB): peak = 2206.023 ; gain = 0.000
---------------------------------------------------------------------------------
---------------------------------------------------------------------------------
Finished RTL Optimization Phase 2 : Time (s): cpu = 00:00:21 ; elapsed = 00:00:21 . Memory (MB): peak = 2206.023 ; gain = 0.000
---------------------------------------------------------------------------------
---------------------------------------------------------------------------------
Start RTL Component Statistics 
---------------------------------------------------------------------------------
Detailed RTL Component Info : 
+---Adders : 
	   9 Input   20 Bit       Adders := 9     
	   2 Input   16 Bit       Adders := 108   
	   2 Input   10 Bit       Adders := 4     
	   2 Input    9 Bit       Adders := 16    
+---XORs : 
	   3 Input     16 Bit         XORs := 216   
+---Registers : 
	               32 Bit    Registers := 1     
	                1 Bit    Registers := 1     
+---Muxes : 
	   2 Input    8 Bit        Muxes := 24    
---------------------------------------------------------------------------------
Finished RTL Component Statistics 
---------------------------------------------------------------------------------
---------------------------------------------------------------------------------
Start Part Resource Summary
---------------------------------------------------------------------------------
Part Resources:
DSPs: 740 (col length:100)
BRAMs: 730 (col length: RAMB18 100 RAMB36 50)
---------------------------------------------------------------------------------
Finished Part Resource Summary
---------------------------------------------------------------------------------
---------------------------------------------------------------------------------
Start Cross Boundary and Area Optimization
---------------------------------------------------------------------------------
WARNING: [Synth 8-7080] Parallel synthesis criteria is not met
---------------------------------------------------------------------------------
Finished Cross Boundary and Area Optimization : Time (s): cpu = 00:01:55 ; elapsed = 00:01:56 . Memory (MB): peak = 2390.664 ; gain = 184.641
---------------------------------------------------------------------------------
---------------------------------------------------------------------------------
Start Applying XDC Timing Constraints
---------------------------------------------------------------------------------
---------------------------------------------------------------------------------
Finished Applying XDC Timing Constraints : Time (s): cpu = 00:02:03 ; elapsed = 00:02:04 . Memory (MB): peak = 2390.664 ; gain = 184.641
---------------------------------------------------------------------------------
---------------------------------------------------------------------------------
Start Timing Optimization
---------------------------------------------------------------------------------
---------------------------------------------------------------------------------
Finished Timing Optimization : Time (s): cpu = 00:02:30 ; elapsed = 00:02:32 . Memory (MB): peak = 2390.664 ; gain = 184.641
---------------------------------------------------------------------------------
---------------------------------------------------------------------------------
Start Technology Mapping
---------------------------------------------------------------------------------
---------------------------------------------------------------------------------
Finished Technology Mapping : Time (s): cpu = 00:02:38 ; elapsed = 00:02:40 . Memory (MB): peak = 2468.223 ; gain = 262.199
---------------------------------------------------------------------------------
---------------------------------------------------------------------------------
Start IO Insertion
---------------------------------------------------------------------------------
---------------------------------------------------------------------------------
Start Flattening Before IO Insertion
---------------------------------------------------------------------------------
---------------------------------------------------------------------------------
Finished Flattening Before IO Insertion
---------------------------------------------------------------------------------
---------------------------------------------------------------------------------
Start Final Netlist Cleanup
---------------------------------------------------------------------------------
---------------------------------------------------------------------------------
Finished Final Netlist Cleanup
---------------------------------------------------------------------------------
---------------------------------------------------------------------------------
Finished IO Insertion : Time (s): cpu = 00:02:44 ; elapsed = 00:02:46 . Memory (MB): peak = 2481.863 ; gain = 275.840
---------------------------------------------------------------------------------
---------------------------------------------------------------------------------
Start Renaming Generated Instances
---------------------------------------------------------------------------------
---------------------------------------------------------------------------------
Finished Renaming Generated Instances : Time (s): cpu = 00:02:44 ; elapsed = 00:02:46 . Memory (MB): peak = 2481.863 ; gain = 275.840
---------------------------------------------------------------------------------
---------------------------------------------------------------------------------
Start Rebuilding User Hierarchy
---------------------------------------------------------------------------------
---------------------------------------------------------------------------------
Finished Rebuilding User Hierarchy : Time (s): cpu = 00:02:45 ; elapsed = 00:02:48 . Memory (MB): peak = 2481.863 ; gain = 275.840
---------------------------------------------------------------------------------
---------------------------------------------------------------------------------
Start Renaming Generated Ports
---------------------------------------------------------------------------------
---------------------------------------------------------------------------------
Finished Renaming Generated Ports : Time (s): cpu = 00:02:45 ; elapsed = 00:02:48 . Memory (MB): peak = 2481.863 ; gain = 275.840
---------------------------------------------------------------------------------
---------------------------------------------------------------------------------
Start Handling Custom Attributes
---------------------------------------------------------------------------------
---------------------------------------------------------------------------------
Finished Handling Custom Attributes : Time (s): cpu = 00:02:45 ; elapsed = 00:02:48 . Memory (MB): peak = 2481.863 ; gain = 275.840
---------------------------------------------------------------------------------
---------------------------------------------------------------------------------
Start Renaming Generated Nets
---------------------------------------------------------------------------------
---------------------------------------------------------------------------------
Finished Renaming Generated Nets : Time (s): cpu = 00:02:45 ; elapsed = 00:02:48 . Memory (MB): peak = 2481.863 ; gain = 275.840
---------------------------------------------------------------------------------
---------------------------------------------------------------------------------
Start Writing Synthesis Report
---------------------------------------------------------------------------------

Report BlackBoxes: 
+-+--------------+----------+
| |BlackBox name |Instances |
+-+--------------+----------+
+-+--------------+----------+

Report Cell Usage: 
+------+-------+------+
|      |Cell   |Count |
+------+-------+------+
|1     |BUFG   |     1|
|2     |CARRY4 |   552|
|3     |LUT1   |     1|
|4     |LUT2   |   294|
|5     |LUT3   |  1382|
|6     |LUT4   |   419|
|7     |LUT5   |  1578|
|8     |LUT6   |  4547|
|9     |FDCE   |    33|
|10    |IBUF   |   275|
|11    |OBUF   |    33|
+------+-------+------+
---------------------------------------------------------------------------------
Finished Writing Synthesis Report : Time (s): cpu = 00:02:45 ; elapsed = 00:02:48 . Memory (MB): peak = 2481.863 ; gain = 275.840
---------------------------------------------------------------------------------
Synthesis finished with 0 errors, 0 critical warnings and 1 warnings.
Synthesis Optimization Runtime : Time (s): cpu = 00:02:32 ; elapsed = 00:02:44 . Memory (MB): peak = 2481.863 ; gain = 275.840
Synthesis Optimization Complete : Time (s): cpu = 00:02:46 ; elapsed = 00:02:48 . Memory (MB): peak = 2481.863 ; gain = 275.840
INFO: [Project 1-571] Translating synthesized netlist
Netlist sorting complete. Time (s): cpu = 00:00:00 ; elapsed = 00:00:00.157 . Memory (MB): peak = 2481.863 ; gain = 0.000
INFO: [Netlist 29-17] Analyzing 552 Unisim elements for replacement
INFO: [Netlist 29-28] Unisim Transformation completed in 0 CPU seconds
INFO: [Project 1-570] Preparing netlist for logic optimization
Parsing XDC File [D:/1012/project1/constraints/project1.xdc]
Finished Parsing XDC File [D:/1012/project1/constraints/project1.xdc]
INFO: [Opt 31-138] Pushed 0 inverter(s) to 0 load pin(s).
Netlist sorting complete. Time (s): cpu = 00:00:00 ; elapsed = 00:00:00.006 . Memory (MB): peak = 2481.863 ; gain = 0.000
INFO: [Project 1-111] Unisim Transformation Summary:
No Unisim elements were transformed.

Synth Design complete | Checksum: 4e35252b
INFO: [Common 17-83] Releasing license: Synthesis
28 Infos, 1 Warnings, 0 Critical Warnings and 0 Errors encountered.
synth_design completed successfully
synth_design: Time (s): cpu = 00:02:51 ; elapsed = 00:02:55 . Memory (MB): peak = 2481.863 ; gain = 275.840
INFO: [Timing 38-91] UpdateTimingParams: Speed grade: -2, Delay Type: max.
INFO: [Timing 38-191] Multithreading enabled for timing update using a maximum of 2 CPUs
INFO: [Timing 38-35] Done setting XDC timing constraints.
report_timing_summary: Time (s): cpu = 00:00:10 ; elapsed = 00:00:10 . Memory (MB): peak = 2481.863 ; gain = 0.000
INFO: [Timing 38-480] Writing timing data to binary archive.
Write ShapeDB Complete: Time (s): cpu = 00:00:00 ; elapsed = 00:00:00.024 . Memory (MB): peak = 2481.863 ; gain = 0.000
INFO: [Common 17-1381] The checkpoint 'D:/1012/project1/build/cnn_compare_booth_simd_top_synth.dcp' has been generated.
Command: synth_design -top cnn_compare_booth_simd_pipe_top -part xc7a200tfbg676-2
Starting synth_design
Attempting to get a license for feature 'Synthesis' and/or device 'xc7a200t'
INFO: [Common 17-349] Got license for feature 'Synthesis' and/or device 'xc7a200t'
INFO: [Synth 8-7079] Multithreading enabled for synth_design using a maximum of 2 processes.
---------------------------------------------------------------------------------
Starting RTL Elaboration : Time (s): cpu = 00:00:07 ; elapsed = 00:00:07 . Memory (MB): peak = 2481.863 ; gain = 0.000
---------------------------------------------------------------------------------
INFO: [Synth 8-6157] synthesizing module 'cnn_compare_booth_simd_pipe_top' [D:/1012/project1/src/optimized/cnn_compare_booth_simd_pipe_top.v:1]
INFO: [Synth 8-6157] synthesizing module 'cnn_chain_core_booth_simd_pipe' [D:/1012/project1/src/optimized/cnn_chain_core_booth_simd_pipe.v:1]
INFO: [Synth 8-6157] synthesizing module 'cnn_conv3x3_simd_core' [D:/1012/project1/src/optimized/cnn_conv3x3_simd_core.v:1]
	Parameter use_dsp bound to: 1'b0 
INFO: [Synth 8-6157] synthesizing module 'simd_mul8x4' [D:/1012/project1/src/optimized/simd_mul8x4.v:1]
INFO: [Synth 8-6157] synthesizing module 'mul8_booth_wallace' [D:/1012/project1/src/optimized/mul8_booth_wallace.v:1]
INFO: [Synth 8-226] default block is never used [D:/1012/project1/src/optimized/mul8_booth_wallace.v:10]
INFO: [Synth 8-6155] done synthesizing module 'mul8_booth_wallace' (0#1) [D:/1012/project1/src/optimized/mul8_booth_wallace.v:1]
INFO: [Synth 8-6155] done synthesizing module 'simd_mul8x4' (0#1) [D:/1012/project1/src/optimized/simd_mul8x4.v:1]
INFO: [Synth 8-6155] done synthesizing module 'cnn_conv3x3_simd_core' (0#1) [D:/1012/project1/src/optimized/cnn_conv3x3_simd_core.v:1]
INFO: [Synth 8-6157] synthesizing module 'simd_relu8x4' [D:/1012/project1/src/optimized/simd_relu8x4.v:1]
INFO: [Synth 8-6155] done synthesizing module 'simd_relu8x4' (0#1) [D:/1012/project1/src/optimized/simd_relu8x4.v:1]
INFO: [Synth 8-6157] synthesizing module 'simd_avgpool2x2_8bit' [D:/1012/project1/src/optimized/simd_avgpool2x2_8bit.v:1]
INFO: [Synth 8-6157] synthesizing module 'simd_add8x4' [D:/1012/project1/src/optimized/simd_add8x4.v:1]
INFO: [Synth 8-6155] done synthesizing module 'simd_add8x4' (0#1) [D:/1012/project1/src/optimized/simd_add8x4.v:1]
INFO: [Synth 8-6155] done synthesizing module 'simd_avgpool2x2_8bit' (0#1) [D:/1012/project1/src/optimized/simd_avgpool2x2_8bit.v:1]
INFO: [Synth 8-6155] done synthesizing module 'cnn_chain_core_booth_simd_pipe' (0#1) [D:/1012/project1/src/optimized/cnn_chain_core_booth_simd_pipe.v:1]
INFO: [Synth 8-6155] done synthesizing module 'cnn_compare_booth_simd_pipe_top' (0#1) [D:/1012/project1/src/optimized/cnn_compare_booth_simd_pipe_top.v:1]
---------------------------------------------------------------------------------
Finished RTL Elaboration : Time (s): cpu = 00:00:09 ; elapsed = 00:00:09 . Memory (MB): peak = 2481.863 ; gain = 0.000
---------------------------------------------------------------------------------
---------------------------------------------------------------------------------
Start Handling Custom Attributes
---------------------------------------------------------------------------------
---------------------------------------------------------------------------------
Finished Handling Custom Attributes : Time (s): cpu = 00:00:09 ; elapsed = 00:00:09 . Memory (MB): peak = 2481.863 ; gain = 0.000
---------------------------------------------------------------------------------
---------------------------------------------------------------------------------
Finished RTL Optimization Phase 1 : Time (s): cpu = 00:00:09 ; elapsed = 00:00:09 . Memory (MB): peak = 2481.863 ; gain = 0.000
---------------------------------------------------------------------------------
Netlist sorting complete. Time (s): cpu = 00:00:01 ; elapsed = 00:00:00.179 . Memory (MB): peak = 2481.863 ; gain = 0.000
INFO: [Project 1-570] Preparing netlist for logic optimization

Processing XDC Constraints
Initializing timing engine
Parsing XDC File [D:/1012/project1/constraints/project1.xdc]
Finished Parsing XDC File [D:/1012/project1/constraints/project1.xdc]
Completed Processing XDC Constraints

Netlist sorting complete. Time (s): cpu = 00:00:00 ; elapsed = 00:00:00.002 . Memory (MB): peak = 2481.863 ; gain = 0.000
INFO: [Project 1-111] Unisim Transformation Summary:
No Unisim elements were transformed.

Constraint Validation Runtime : Time (s): cpu = 00:00:00 ; elapsed = 00:00:00.021 . Memory (MB): peak = 2481.863 ; gain = 0.000
---------------------------------------------------------------------------------
Finished Constraint Validation : Time (s): cpu = 00:00:22 ; elapsed = 00:00:22 . Memory (MB): peak = 2481.863 ; gain = 0.000
---------------------------------------------------------------------------------
---------------------------------------------------------------------------------
Start Loading Part and Timing Information
---------------------------------------------------------------------------------
Loading part: xc7a200tfbg676-2
---------------------------------------------------------------------------------
Finished Loading Part and Timing Information : Time (s): cpu = 00:00:22 ; elapsed = 00:00:22 . Memory (MB): peak = 2481.863 ; gain = 0.000
---------------------------------------------------------------------------------
---------------------------------------------------------------------------------
Start Applying 'set_property' XDC Constraints
---------------------------------------------------------------------------------
---------------------------------------------------------------------------------
Finished applying 'set_property' XDC Constraints : Time (s): cpu = 00:00:22 ; elapsed = 00:00:22 . Memory (MB): peak = 2481.863 ; gain = 0.000
---------------------------------------------------------------------------------
---------------------------------------------------------------------------------
Finished RTL Optimization Phase 2 : Time (s): cpu = 00:00:22 ; elapsed = 00:00:23 . Memory (MB): peak = 2481.863 ; gain = 0.000
---------------------------------------------------------------------------------
---------------------------------------------------------------------------------
Start RTL Component Statistics 
---------------------------------------------------------------------------------
Detailed RTL Component Info : 
+---Adders : 
	   9 Input   20 Bit       Adders := 9     
	   2 Input   16 Bit       Adders := 108   
	   2 Input   10 Bit       Adders := 4     
	   2 Input    9 Bit       Adders := 16    
+---XORs : 
	   3 Input     16 Bit         XORs := 216   
+---Registers : 
	               80 Bit    Registers := 3     
	               32 Bit    Registers := 4     
	                3 Bit    Registers := 1     
	                1 Bit    Registers := 1     
+---Muxes : 
	   2 Input    8 Bit        Muxes := 24    
---------------------------------------------------------------------------------
Finished RTL Component Statistics 
---------------------------------------------------------------------------------
---------------------------------------------------------------------------------
Start Part Resource Summary
---------------------------------------------------------------------------------
Part Resources:
DSPs: 740 (col length:100)
BRAMs: 730 (col length: RAMB18 100 RAMB36 50)
---------------------------------------------------------------------------------
Finished Part Resource Summary
---------------------------------------------------------------------------------
---------------------------------------------------------------------------------
Start Cross Boundary and Area Optimization
---------------------------------------------------------------------------------
WARNING: [Synth 8-7080] Parallel synthesis criteria is not met
---------------------------------------------------------------------------------
Finished Cross Boundary and Area Optimization : Time (s): cpu = 00:01:59 ; elapsed = 00:02:01 . Memory (MB): peak = 2481.863 ; gain = 0.000
---------------------------------------------------------------------------------
---------------------------------------------------------------------------------
Start Applying XDC Timing Constraints
---------------------------------------------------------------------------------
---------------------------------------------------------------------------------
Finished Applying XDC Timing Constraints : Time (s): cpu = 00:02:07 ; elapsed = 00:02:09 . Memory (MB): peak = 2481.863 ; gain = 0.000
---------------------------------------------------------------------------------
---------------------------------------------------------------------------------
Start Timing Optimization
---------------------------------------------------------------------------------
---------------------------------------------------------------------------------
Finished Timing Optimization : Time (s): cpu = 00:02:34 ; elapsed = 00:02:37 . Memory (MB): peak = 2481.863 ; gain = 0.000
---------------------------------------------------------------------------------
---------------------------------------------------------------------------------
Start Technology Mapping
---------------------------------------------------------------------------------
---------------------------------------------------------------------------------
Finished Technology Mapping : Time (s): cpu = 00:02:43 ; elapsed = 00:02:45 . Memory (MB): peak = 2529.406 ; gain = 47.543
---------------------------------------------------------------------------------
---------------------------------------------------------------------------------
Start IO Insertion
---------------------------------------------------------------------------------
---------------------------------------------------------------------------------
Start Flattening Before IO Insertion
---------------------------------------------------------------------------------
---------------------------------------------------------------------------------
Finished Flattening Before IO Insertion
---------------------------------------------------------------------------------
---------------------------------------------------------------------------------
Start Final Netlist Cleanup
---------------------------------------------------------------------------------
---------------------------------------------------------------------------------
Finished Final Netlist Cleanup
---------------------------------------------------------------------------------
---------------------------------------------------------------------------------
Finished IO Insertion : Time (s): cpu = 00:02:49 ; elapsed = 00:02:52 . Memory (MB): peak = 2543.090 ; gain = 61.227
---------------------------------------------------------------------------------
---------------------------------------------------------------------------------
Start Renaming Generated Instances
---------------------------------------------------------------------------------
---------------------------------------------------------------------------------
Finished Renaming Generated Instances : Time (s): cpu = 00:02:49 ; elapsed = 00:02:52 . Memory (MB): peak = 2543.090 ; gain = 61.227
---------------------------------------------------------------------------------
---------------------------------------------------------------------------------
Start Rebuilding User Hierarchy
---------------------------------------------------------------------------------
---------------------------------------------------------------------------------
Finished Rebuilding User Hierarchy : Time (s): cpu = 00:02:50 ; elapsed = 00:02:53 . Memory (MB): peak = 2543.090 ; gain = 61.227
---------------------------------------------------------------------------------
---------------------------------------------------------------------------------
Start Renaming Generated Ports
---------------------------------------------------------------------------------
---------------------------------------------------------------------------------
Finished Renaming Generated Ports : Time (s): cpu = 00:02:50 ; elapsed = 00:02:53 . Memory (MB): peak = 2543.090 ; gain = 61.227
---------------------------------------------------------------------------------
---------------------------------------------------------------------------------
Start Handling Custom Attributes
---------------------------------------------------------------------------------
---------------------------------------------------------------------------------
Finished Handling Custom Attributes : Time (s): cpu = 00:02:50 ; elapsed = 00:02:53 . Memory (MB): peak = 2543.090 ; gain = 61.227
---------------------------------------------------------------------------------
---------------------------------------------------------------------------------
Start Renaming Generated Nets
---------------------------------------------------------------------------------
---------------------------------------------------------------------------------
Finished Renaming Generated Nets : Time (s): cpu = 00:02:50 ; elapsed = 00:02:53 . Memory (MB): peak = 2543.090 ; gain = 61.227
---------------------------------------------------------------------------------
---------------------------------------------------------------------------------
Start Writing Synthesis Report
---------------------------------------------------------------------------------

Report BlackBoxes: 
+-+--------------+----------+
| |BlackBox name |Instances |
+-+--------------+----------+
+-+--------------+----------+

Report Cell Usage: 
+------+-------+------+
|      |Cell   |Count |
+------+-------+------+
|1     |BUFG   |     1|
|2     |CARRY4 |   552|
|3     |LUT1   |     1|
|4     |LUT2   |   342|
|5     |LUT3   |  1410|
|6     |LUT4   |   367|
|7     |LUT5   |  1578|
|8     |LUT6   |  4547|
|9     |FDCE   |   287|
|10    |IBUF   |   275|
|11    |OBUF   |    33|
+------+-------+------+
---------------------------------------------------------------------------------
Finished Writing Synthesis Report : Time (s): cpu = 00:02:50 ; elapsed = 00:02:53 . Memory (MB): peak = 2543.090 ; gain = 61.227
---------------------------------------------------------------------------------
Synthesis finished with 0 errors, 0 critical warnings and 1 warnings.
Synthesis Optimization Runtime : Time (s): cpu = 00:02:37 ; elapsed = 00:02:49 . Memory (MB): peak = 2543.090 ; gain = 61.227
Synthesis Optimization Complete : Time (s): cpu = 00:02:51 ; elapsed = 00:02:54 . Memory (MB): peak = 2543.090 ; gain = 61.227
INFO: [Project 1-571] Translating synthesized netlist
Netlist sorting complete. Time (s): cpu = 00:00:00 ; elapsed = 00:00:00.123 . Memory (MB): peak = 2543.090 ; gain = 0.000
INFO: [Netlist 29-17] Analyzing 552 Unisim elements for replacement
INFO: [Netlist 29-28] Unisim Transformation completed in 1 CPU seconds
INFO: [Project 1-570] Preparing netlist for logic optimization
Parsing XDC File [D:/1012/project1/constraints/project1.xdc]
Finished Parsing XDC File [D:/1012/project1/constraints/project1.xdc]
INFO: [Opt 31-138] Pushed 0 inverter(s) to 0 load pin(s).
Netlist sorting complete. Time (s): cpu = 00:00:00 ; elapsed = 00:00:00.005 . Memory (MB): peak = 2561.062 ; gain = 0.000
INFO: [Project 1-111] Unisim Transformation Summary:
No Unisim elements were transformed.

Synth Design complete | Checksum: 2e7bd0bb
INFO: [Common 17-83] Releasing license: Synthesis
28 Infos, 1 Warnings, 0 Critical Warnings and 0 Errors encountered.
synth_design completed successfully
synth_design: Time (s): cpu = 00:02:56 ; elapsed = 00:03:00 . Memory (MB): peak = 2561.062 ; gain = 79.199
INFO: [Timing 38-91] UpdateTimingParams: Speed grade: -2, Delay Type: max.
INFO: [Timing 38-191] Multithreading enabled for timing update using a maximum of 2 CPUs
INFO: [Timing 38-35] Done setting XDC timing constraints.
report_timing_summary: Time (s): cpu = 00:00:11 ; elapsed = 00:00:10 . Memory (MB): peak = 2561.062 ; gain = 0.000
INFO: [Timing 38-480] Writing timing data to binary archive.
Write ShapeDB Complete: Time (s): cpu = 00:00:00 ; elapsed = 00:00:00.015 . Memory (MB): peak = 2561.062 ; gain = 0.000
INFO: [Common 17-1381] The checkpoint 'D:/1012/project1/build/cnn_compare_booth_simd_pipe_top_synth.dcp' has been generated.
Command: synth_design -top cnn_compare_booth_simd_pipe_dsp_top -part xc7a200tfbg676-2
Starting synth_design
Attempting to get a license for feature 'Synthesis' and/or device 'xc7a200t'
INFO: [Common 17-349] Got license for feature 'Synthesis' and/or device 'xc7a200t'
INFO: [Synth 8-7079] Multithreading enabled for synth_design using a maximum of 2 processes.
---------------------------------------------------------------------------------
Starting RTL Elaboration : Time (s): cpu = 00:00:07 ; elapsed = 00:00:07 . Memory (MB): peak = 2561.062 ; gain = 0.000
---------------------------------------------------------------------------------
INFO: [Synth 8-6157] synthesizing module 'cnn_compare_booth_simd_pipe_dsp_top' [D:/1012/project1/src/optimized/cnn_compare_booth_simd_pipe_dsp_top.v:1]
INFO: [Synth 8-6157] synthesizing module 'cnn_chain_core_booth_simd_pipe_dsp' [D:/1012/project1/src/optimized/cnn_chain_core_booth_simd_pipe_dsp.v:1]
INFO: [Synth 8-6157] synthesizing module 'cnn_conv3x3_simd_core' [D:/1012/project1/src/optimized/cnn_conv3x3_simd_core.v:1]
	Parameter use_dsp bound to: 1'b1 
INFO: [Synth 8-6157] synthesizing module 'simd_mul8x4_dsp' [D:/1012/project1/src/optimized/simd_mul8x4_dsp.v:1]
INFO: [Synth 8-6157] synthesizing module 'mul8_dsp48e1' [D:/1012/project1/src/optimized/mul8_dsp48e1.v:1]
INFO: [Synth 8-6157] synthesizing module 'DSP48E1' [C:/Xilinx/2025.1/Vivado/scripts/rt/data/unisim_comp.v:42971]
	Parameter ACASCREG bound to: 0 - type: integer 
	Parameter ADREG bound to: 0 - type: integer 
	Parameter ALUMODEREG bound to: 0 - type: integer 
	Parameter AREG bound to: 0 - type: integer 
	Parameter A_INPUT bound to: DIRECT - type: string 
	Parameter BCASCREG bound to: 0 - type: integer 
	Parameter BREG bound to: 0 - type: integer 
	Parameter B_INPUT bound to: DIRECT - type: string 
	Parameter CARRYINREG bound to: 0 - type: integer 
	Parameter CARRYINSELREG bound to: 0 - type: integer 
	Parameter CREG bound to: 0 - type: integer 
	Parameter DREG bound to: 0 - type: integer 
	Parameter INMODEREG bound to: 0 - type: integer 
	Parameter MREG bound to: 0 - type: integer 
	Parameter OPMODEREG bound to: 0 - type: integer 
	Parameter PREG bound to: 0 - type: integer 
	Parameter USE_DPORT bound to: FALSE - type: string 
	Parameter USE_MULT bound to: MULTIPLY - type: string 
	Parameter USE_SIMD bound to: ONE48 - type: string 
INFO: [Synth 8-6155] done synthesizing module 'DSP48E1' (0#1) [C:/Xilinx/2025.1/Vivado/scripts/rt/data/unisim_comp.v:42971]
INFO: [Synth 8-6155] done synthesizing module 'mul8_dsp48e1' (0#1) [D:/1012/project1/src/optimized/mul8_dsp48e1.v:1]
INFO: [Synth 8-6155] done synthesizing module 'simd_mul8x4_dsp' (0#1) [D:/1012/project1/src/optimized/simd_mul8x4_dsp.v:1]
INFO: [Synth 8-6155] done synthesizing module 'cnn_conv3x3_simd_core' (0#1) [D:/1012/project1/src/optimized/cnn_conv3x3_simd_core.v:1]
INFO: [Synth 8-6157] synthesizing module 'simd_relu8x4' [D:/1012/project1/src/optimized/simd_relu8x4.v:1]
INFO: [Synth 8-6155] done synthesizing module 'simd_relu8x4' (0#1) [D:/1012/project1/src/optimized/simd_relu8x4.v:1]
INFO: [Synth 8-6157] synthesizing module 'simd_avgpool2x2_8bit' [D:/1012/project1/src/optimized/simd_avgpool2x2_8bit.v:1]
INFO: [Synth 8-6157] synthesizing module 'simd_add8x4' [D:/1012/project1/src/optimized/simd_add8x4.v:1]
INFO: [Synth 8-6155] done synthesizing module 'simd_add8x4' (0#1) [D:/1012/project1/src/optimized/simd_add8x4.v:1]
INFO: [Synth 8-6155] done synthesizing module 'simd_avgpool2x2_8bit' (0#1) [D:/1012/project1/src/optimized/simd_avgpool2x2_8bit.v:1]
INFO: [Synth 8-6155] done synthesizing module 'cnn_chain_core_booth_simd_pipe_dsp' (0#1) [D:/1012/project1/src/optimized/cnn_chain_core_booth_simd_pipe_dsp.v:1]
INFO: [Synth 8-6155] done synthesizing module 'cnn_compare_booth_simd_pipe_dsp_top' (0#1) [D:/1012/project1/src/optimized/cnn_compare_booth_simd_pipe_dsp_top.v:1]
---------------------------------------------------------------------------------
Finished RTL Elaboration : Time (s): cpu = 00:00:09 ; elapsed = 00:00:09 . Memory (MB): peak = 2561.062 ; gain = 0.000
---------------------------------------------------------------------------------
---------------------------------------------------------------------------------
Start Handling Custom Attributes
---------------------------------------------------------------------------------
---------------------------------------------------------------------------------
Finished Handling Custom Attributes : Time (s): cpu = 00:00:09 ; elapsed = 00:00:09 . Memory (MB): peak = 2561.062 ; gain = 0.000
---------------------------------------------------------------------------------
---------------------------------------------------------------------------------
Finished RTL Optimization Phase 1 : Time (s): cpu = 00:00:09 ; elapsed = 00:00:09 . Memory (MB): peak = 2561.062 ; gain = 0.000
---------------------------------------------------------------------------------
Netlist sorting complete. Time (s): cpu = 00:00:00 ; elapsed = 00:00:00.057 . Memory (MB): peak = 2561.062 ; gain = 0.000
INFO: [Netlist 29-17] Analyzing 108 Unisim elements for replacement
INFO: [Netlist 29-28] Unisim Transformation completed in 0 CPU seconds
INFO: [Project 1-570] Preparing netlist for logic optimization

Processing XDC Constraints
Initializing timing engine
Parsing XDC File [D:/1012/project1/constraints/project1.xdc]
Finished Parsing XDC File [D:/1012/project1/constraints/project1.xdc]
Completed Processing XDC Constraints

Netlist sorting complete. Time (s): cpu = 00:00:00 ; elapsed = 00:00:00 . Memory (MB): peak = 2561.062 ; gain = 0.000
INFO: [Project 1-111] Unisim Transformation Summary:
No Unisim elements were transformed.

Constraint Validation Runtime : Time (s): cpu = 00:00:00 ; elapsed = 00:00:00.018 . Memory (MB): peak = 2561.062 ; gain = 0.000
---------------------------------------------------------------------------------
Finished Constraint Validation : Time (s): cpu = 00:00:20 ; elapsed = 00:00:20 . Memory (MB): peak = 2561.062 ; gain = 0.000
---------------------------------------------------------------------------------
---------------------------------------------------------------------------------
Start Loading Part and Timing Information
---------------------------------------------------------------------------------
Loading part: xc7a200tfbg676-2
---------------------------------------------------------------------------------
Finished Loading Part and Timing Information : Time (s): cpu = 00:00:20 ; elapsed = 00:00:20 . Memory (MB): peak = 2561.062 ; gain = 0.000
---------------------------------------------------------------------------------
---------------------------------------------------------------------------------
Start Applying 'set_property' XDC Constraints
---------------------------------------------------------------------------------
---------------------------------------------------------------------------------
Finished applying 'set_property' XDC Constraints : Time (s): cpu = 00:00:20 ; elapsed = 00:00:20 . Memory (MB): peak = 2561.062 ; gain = 0.000
---------------------------------------------------------------------------------
---------------------------------------------------------------------------------
Finished RTL Optimization Phase 2 : Time (s): cpu = 00:00:21 ; elapsed = 00:00:21 . Memory (MB): peak = 2561.062 ; gain = 0.000
---------------------------------------------------------------------------------
---------------------------------------------------------------------------------
Start RTL Component Statistics 
---------------------------------------------------------------------------------
Detailed RTL Component Info : 
+---Adders : 
	   9 Input   20 Bit       Adders := 9     
	   2 Input   10 Bit       Adders := 4     
	   2 Input    9 Bit       Adders := 16    
+---Registers : 
	               80 Bit    Registers := 3     
	               32 Bit    Registers := 4     
	                3 Bit    Registers := 1     
	                1 Bit    Registers := 1     
+---Muxes : 
	   2 Input    8 Bit        Muxes := 24    
---------------------------------------------------------------------------------
Finished RTL Component Statistics 
---------------------------------------------------------------------------------
---------------------------------------------------------------------------------
Start Part Resource Summary
---------------------------------------------------------------------------------
Part Resources:
DSPs: 740 (col length:100)
BRAMs: 730 (col length: RAMB18 100 RAMB36 50)
---------------------------------------------------------------------------------
Finished Part Resource Summary
---------------------------------------------------------------------------------
---------------------------------------------------------------------------------
Start Cross Boundary and Area Optimization
---------------------------------------------------------------------------------
WARNING: [Synth 8-7080] Parallel synthesis criteria is not met
---------------------------------------------------------------------------------
Finished Cross Boundary and Area Optimization : Time (s): cpu = 00:00:23 ; elapsed = 00:00:23 . Memory (MB): peak = 2561.062 ; gain = 0.000
---------------------------------------------------------------------------------
---------------------------------------------------------------------------------
Start Applying XDC Timing Constraints
---------------------------------------------------------------------------------
---------------------------------------------------------------------------------
Finished Applying XDC Timing Constraints : Time (s): cpu = 00:00:33 ; elapsed = 00:00:33 . Memory (MB): peak = 2561.062 ; gain = 0.000
---------------------------------------------------------------------------------
---------------------------------------------------------------------------------
Start Timing Optimization
---------------------------------------------------------------------------------
---------------------------------------------------------------------------------
Finished Timing Optimization : Time (s): cpu = 00:00:38 ; elapsed = 00:00:38 . Memory (MB): peak = 2561.062 ; gain = 0.000
---------------------------------------------------------------------------------
---------------------------------------------------------------------------------
Start Technology Mapping
---------------------------------------------------------------------------------
---------------------------------------------------------------------------------
Finished Technology Mapping : Time (s): cpu = 00:00:41 ; elapsed = 00:00:41 . Memory (MB): peak = 2561.062 ; gain = 0.000
---------------------------------------------------------------------------------
---------------------------------------------------------------------------------
Start IO Insertion
---------------------------------------------------------------------------------
---------------------------------------------------------------------------------
Start Flattening Before IO Insertion
---------------------------------------------------------------------------------
---------------------------------------------------------------------------------
Finished Flattening Before IO Insertion
---------------------------------------------------------------------------------
---------------------------------------------------------------------------------
Start Final Netlist Cleanup
---------------------------------------------------------------------------------
---------------------------------------------------------------------------------
Finished Final Netlist Cleanup
---------------------------------------------------------------------------------
---------------------------------------------------------------------------------
Finished IO Insertion : Time (s): cpu = 00:00:47 ; elapsed = 00:00:47 . Memory (MB): peak = 2561.062 ; gain = 0.000
---------------------------------------------------------------------------------
---------------------------------------------------------------------------------
Start Renaming Generated Instances
---------------------------------------------------------------------------------
---------------------------------------------------------------------------------
Finished Renaming Generated Instances : Time (s): cpu = 00:00:47 ; elapsed = 00:00:47 . Memory (MB): peak = 2561.062 ; gain = 0.000
---------------------------------------------------------------------------------
---------------------------------------------------------------------------------
Start Rebuilding User Hierarchy
---------------------------------------------------------------------------------
---------------------------------------------------------------------------------
Finished Rebuilding User Hierarchy : Time (s): cpu = 00:00:49 ; elapsed = 00:00:49 . Memory (MB): peak = 2561.062 ; gain = 0.000
---------------------------------------------------------------------------------
---------------------------------------------------------------------------------
Start Renaming Generated Ports
---------------------------------------------------------------------------------
---------------------------------------------------------------------------------
Finished Renaming Generated Ports : Time (s): cpu = 00:00:49 ; elapsed = 00:00:49 . Memory (MB): peak = 2561.062 ; gain = 0.000
---------------------------------------------------------------------------------
---------------------------------------------------------------------------------
Start Handling Custom Attributes
---------------------------------------------------------------------------------
---------------------------------------------------------------------------------
Finished Handling Custom Attributes : Time (s): cpu = 00:00:49 ; elapsed = 00:00:50 . Memory (MB): peak = 2561.062 ; gain = 0.000
---------------------------------------------------------------------------------
---------------------------------------------------------------------------------
Start Renaming Generated Nets
---------------------------------------------------------------------------------
---------------------------------------------------------------------------------
Finished Renaming Generated Nets : Time (s): cpu = 00:00:49 ; elapsed = 00:00:50 . Memory (MB): peak = 2561.062 ; gain = 0.000
---------------------------------------------------------------------------------
---------------------------------------------------------------------------------
Start Writing Synthesis Report
---------------------------------------------------------------------------------

DSP Final Report (the ' indicates corresponding REG is set)
+-----------------+-------------+--------+--------+--------+--------+--------+------+------+------+------+-------+------+------+
|Module Name      | DSP Mapping | A Size | B Size | C Size | D Size | P Size | AREG | BREG | CREG | DREG | ADREG | MREG | PREG | 
+-----------------+-------------+--------+--------+--------+--------+--------+------+------+------+------+-------+------+------+
|mul8_dsp48e1_108 | A*B         | 8      | 18     | -      | -      | 16     | 0    | 0    | -    | -    | -     | 0    | 0    | 
|mul8_dsp48e1_109 | A*B         | 8      | 18     | -      | -      | 16     | 0    | 0    | -    | -    | -     | 0    | 0    | 
|mul8_dsp48e1_110 | A*B         | 8      | 18     | -      | -      | 16     | 0    | 0    | -    | -    | -     | 0    | 0    | 
|mul8_dsp48e1_111 | A*B         | 8      | 18     | -      | -      | 16     | 0    | 0    | -    | -    | -     | 0    | 0    | 
|mul8_dsp48e1_104 | A*B         | 8      | 18     | -      | -      | 16     | 0    | 0    | -    | -    | -     | 0    | 0    | 
|mul8_dsp48e1_105 | A*B         | 8      | 18     | -      | -      | 16     | 0    | 0    | -    | -    | -     | 0    | 0    | 
|mul8_dsp48e1_106 | A*B         | 8      | 18     | -      | -      | 16     | 0    | 0    | -    | -    | -     | 0    | 0    | 
|mul8_dsp48e1_107 | A*B         | 8      | 18     | -      | -      | 16     | 0    | 0    | -    | -    | -     | 0    | 0    | 
|mul8_dsp48e1_100 | A*B         | 8      | 18     | -      | -      | 16     | 0    | 0    | -    | -    | -     | 0    | 0    | 
|mul8_dsp48e1_101 | A*B         | 8      | 18     | -      | -      | 16     | 0    | 0    | -    | -    | -     | 0    | 0    | 
|mul8_dsp48e1_102 | A*B         | 8      | 18     | -      | -      | 16     | 0    | 0    | -    | -    | -     | 0    | 0    | 
|mul8_dsp48e1_103 | A*B         | 8      | 18     | -      | -      | 16     | 0    | 0    | -    | -    | -     | 0    | 0    | 
|mul8_dsp48e1_96  | A*B         | 8      | 18     | -      | -      | 16     | 0    | 0    | -    | -    | -     | 0    | 0    | 
|mul8_dsp48e1_97  | A*B         | 8      | 18     | -      | -      | 16     | 0    | 0    | -    | -    | -     | 0    | 0    | 
|mul8_dsp48e1_98  | A*B         | 8      | 18     | -      | -      | 16     | 0    | 0    | -    | -    | -     | 0    | 0    | 
|mul8_dsp48e1_99  | A*B         | 8      | 18     | -      | -      | 16     | 0    | 0    | -    | -    | -     | 0    | 0    | 
|mul8_dsp48e1_92  | A*B         | 8      | 18     | -      | -      | 16     | 0    | 0    | -    | -    | -     | 0    | 0    | 
|mul8_dsp48e1_93  | A*B         | 8      | 18     | -      | -      | 16     | 0    | 0    | -    | -    | -     | 0    | 0    | 
|mul8_dsp48e1_94  | A*B         | 8      | 18     | -      | -      | 16     | 0    | 0    | -    | -    | -     | 0    | 0    | 
|mul8_dsp48e1_95  | A*B         | 8      | 18     | -      | -      | 16     | 0    | 0    | -    | -    | -     | 0    | 0    | 
|mul8_dsp48e1_88  | A*B         | 8      | 18     | -      | -      | 16     | 0    | 0    | -    | -    | -     | 0    | 0    | 
|mul8_dsp48e1_89  | A*B         | 8      | 18     | -      | -      | 16     | 0    | 0    | -    | -    | -     | 0    | 0    | 
|mul8_dsp48e1_90  | A*B         | 8      | 18     | -      | -      | 16     | 0    | 0    | -    | -    | -     | 0    | 0    | 
|mul8_dsp48e1_91  | A*B         | 8      | 18     | -      | -      | 16     | 0    | 0    | -    | -    | -     | 0    | 0    | 
|mul8_dsp48e1_84  | A*B         | 8      | 18     | -      | -      | 16     | 0    | 0    | -    | -    | -     | 0    | 0    | 
|mul8_dsp48e1_85  | A*B         | 8      | 18     | -      | -      | 16     | 0    | 0    | -    | -    | -     | 0    | 0    | 
|mul8_dsp48e1_86  | A*B         | 8      | 18     | -      | -      | 16     | 0    | 0    | -    | -    | -     | 0    | 0    | 
|mul8_dsp48e1_87  | A*B         | 8      | 18     | -      | -      | 16     | 0    | 0    | -    | -    | -     | 0    | 0    | 
|mul8_dsp48e1_80  | A*B         | 8      | 18     | -      | -      | 16     | 0    | 0    | -    | -    | -     | 0    | 0    | 
|mul8_dsp48e1_81  | A*B         | 8      | 18     | -      | -      | 16     | 0    | 0    | -    | -    | -     | 0    | 0    | 
|mul8_dsp48e1_82  | A*B         | 8      | 18     | -      | -      | 16     | 0    | 0    | -    | -    | -     | 0    | 0    | 
|mul8_dsp48e1_83  | A*B         | 8      | 18     | -      | -      | 16     | 0    | 0    | -    | -    | -     | 0    | 0    | 
|mul8_dsp48e1_76  | A*B         | 8      | 18     | -      | -      | 16     | 0    | 0    | -    | -    | -     | 0    | 0    | 
|mul8_dsp48e1_77  | A*B         | 8      | 18     | -      | -      | 16     | 0    | 0    | -    | -    | -     | 0    | 0    | 
|mul8_dsp48e1_78  | A*B         | 8      | 18     | -      | -      | 16     | 0    | 0    | -    | -    | -     | 0    | 0    | 
|mul8_dsp48e1_79  | A*B         | 8      | 18     | -      | -      | 16     | 0    | 0    | -    | -    | -     | 0    | 0    | 
|mul8_dsp48e1_72  | A*B         | 8      | 18     | -      | -      | 16     | 0    | 0    | -    | -    | -     | 0    | 0    | 
|mul8_dsp48e1_73  | A*B         | 8      | 18     | -      | -      | 16     | 0    | 0    | -    | -    | -     | 0    | 0    | 
|mul8_dsp48e1_74  | A*B         | 8      | 18     | -      | -      | 16     | 0    | 0    | -    | -    | -     | 0    | 0    | 
|mul8_dsp48e1_75  | A*B         | 8      | 18     | -      | -      | 16     | 0    | 0    | -    | -    | -     | 0    | 0    | 
|mul8_dsp48e1_68  | A*B         | 8      | 18     | -      | -      | 16     | 0    | 0    | -    | -    | -     | 0    | 0    | 
|mul8_dsp48e1_69  | A*B         | 8      | 18     | -      | -      | 16     | 0    | 0    | -    | -    | -     | 0    | 0    | 
|mul8_dsp48e1_70  | A*B         | 8      | 18     | -      | -      | 16     | 0    | 0    | -    | -    | -     | 0    | 0    | 
|mul8_dsp48e1_71  | A*B         | 8      | 18     | -      | -      | 16     | 0    | 0    | -    | -    | -     | 0    | 0    | 
|mul8_dsp48e1_64  | A*B         | 8      | 18     | -      | -      | 16     | 0    | 0    | -    | -    | -     | 0    | 0    | 
|mul8_dsp48e1_65  | A*B         | 8      | 18     | -      | -      | 16     | 0    | 0    | -    | -    | -     | 0    | 0    | 
|mul8_dsp48e1_66  | A*B         | 8      | 18     | -      | -      | 16     | 0    | 0    | -    | -    | -     | 0    | 0    | 
|mul8_dsp48e1_67  | A*B         | 8      | 18     | -      | -      | 16     | 0    | 0    | -    | -    | -     | 0    | 0    | 
|mul8_dsp48e1_60  | A*B         | 8      | 18     | -      | -      | 16     | 0    | 0    | -    | -    | -     | 0    | 0    | 
|mul8_dsp48e1_61  | A*B         | 8      | 18     | -      | -      | 16     | 0    | 0    | -    | -    | -     | 0    | 0    | 
|mul8_dsp48e1_62  | A*B         | 8      | 18     | -      | -      | 16     | 0    | 0    | -    | -    | -     | 0    | 0    | 
|mul8_dsp48e1_63  | A*B         | 8      | 18     | -      | -      | 16     | 0    | 0    | -    | -    | -     | 0    | 0    | 
|mul8_dsp48e1_56  | A*B         | 8      | 18     | -      | -      | 16     | 0    | 0    | -    | -    | -     | 0    | 0    | 
|mul8_dsp48e1_57  | A*B         | 8      | 18     | -      | -      | 16     | 0    | 0    | -    | -    | -     | 0    | 0    | 
|mul8_dsp48e1_58  | A*B         | 8      | 18     | -      | -      | 16     | 0    | 0    | -    | -    | -     | 0    | 0    | 
|mul8_dsp48e1_59  | A*B         | 8      | 18     | -      | -      | 16     | 0    | 0    | -    | -    | -     | 0    | 0    | 
|mul8_dsp48e1_52  | A*B         | 8      | 18     | -      | -      | 16     | 0    | 0    | -    | -    | -     | 0    | 0    | 
|mul8_dsp48e1_53  | A*B         | 8      | 18     | -      | -      | 16     | 0    | 0    | -    | -    | -     | 0    | 0    | 
|mul8_dsp48e1_54  | A*B         | 8      | 18     | -      | -      | 16     | 0    | 0    | -    | -    | -     | 0    | 0    | 
|mul8_dsp48e1_55  | A*B         | 8      | 18     | -      | -      | 16     | 0    | 0    | -    | -    | -     | 0    | 0    | 
|mul8_dsp48e1_48  | A*B         | 8      | 18     | -      | -      | 16     | 0    | 0    | -    | -    | -     | 0    | 0    | 
|mul8_dsp48e1_49  | A*B         | 8      | 18     | -      | -      | 16     | 0    | 0    | -    | -    | -     | 0    | 0    | 
|mul8_dsp48e1_50  | A*B         | 8      | 18     | -      | -      | 16     | 0    | 0    | -    | -    | -     | 0    | 0    | 
|mul8_dsp48e1_51  | A*B         | 8      | 18     | -      | -      | 16     | 0    | 0    | -    | -    | -     | 0    | 0    | 
|mul8_dsp48e1_44  | A*B         | 8      | 18     | -      | -      | 16     | 0    | 0    | -    | -    | -     | 0    | 0    | 
|mul8_dsp48e1_45  | A*B         | 8      | 18     | -      | -      | 16     | 0    | 0    | -    | -    | -     | 0    | 0    | 
|mul8_dsp48e1_46  | A*B         | 8      | 18     | -      | -      | 16     | 0    | 0    | -    | -    | -     | 0    | 0    | 
|mul8_dsp48e1_47  | A*B         | 8      | 18     | -      | -      | 16     | 0    | 0    | -    | -    | -     | 0    | 0    | 
|mul8_dsp48e1_40  | A*B         | 8      | 18     | -      | -      | 16     | 0    | 0    | -    | -    | -     | 0    | 0    | 
|mul8_dsp48e1_41  | A*B         | 8      | 18     | -      | -      | 16     | 0    | 0    | -    | -    | -     | 0    | 0    | 
|mul8_dsp48e1_42  | A*B         | 8      | 18     | -      | -      | 16     | 0    | 0    | -    | -    | -     | 0    | 0    | 
|mul8_dsp48e1_43  | A*B         | 8      | 18     | -      | -      | 16     | 0    | 0    | -    | -    | -     | 0    | 0    | 
|mul8_dsp48e1_39  | A*B         | 8      | 18     | -      | -      | 16     | 0    | 0    | -    | -    | -     | 0    | 0    | 
|mul8_dsp48e1_38  | A*B         | 8      | 18     | -      | -      | 16     | 0    | 0    | -    | -    | -     | 0    | 0    | 
|mul8_dsp48e1_37  | A*B         | 8      | 18     | -      | -      | 16     | 0    | 0    | -    | -    | -     | 0    | 0    | 
|mul8_dsp48e1_36  | A*B         | 8      | 18     | -      | -      | 16     | 0    | 0    | -    | -    | -     | 0    | 0    | 
|mul8_dsp48e1_35  | A*B         | 8      | 18     | -      | -      | 16     | 0    | 0    | -    | -    | -     | 0    | 0    | 
|mul8_dsp48e1_34  | A*B         | 8      | 18     | -      | -      | 16     | 0    | 0    | -    | -    | -     | 0    | 0    | 
|mul8_dsp48e1_33  | A*B         | 8      | 18     | -      | -      | 16     | 0    | 0    | -    | -    | -     | 0    | 0    | 
|mul8_dsp48e1_32  | A*B         | 8      | 18     | -      | -      | 16     | 0    | 0    | -    | -    | -     | 0    | 0    | 
|mul8_dsp48e1     | A*B         | 8      | 18     | -      | -      | 16     | 0    | 0    | -    | -    | -     | 0    | 0    | 
+-----------------+-------------+--------+--------+--------+--------+--------+------+------+------+------+-------+------+------+


Report BlackBoxes: 
+-+--------------+----------+
| |BlackBox name |Instances |
+-+--------------+----------+
+-+--------------+----------+

Report Cell Usage: 
+------+--------+------+
|      |Cell    |Count |
+------+--------+------+
|1     |BUFG    |     1|
|2     |CARRY4  |   228|
|3     |DSP48E1 |    81|
|4     |LUT1    |     1|
|5     |LUT2    |   192|
|6     |LUT3    |   729|
|7     |LUT4    |     9|
|8     |LUT6    |   567|
|9     |FDCE    |   287|
|10    |IBUF    |   275|
|11    |OBUF    |    33|
+------+--------+------+
---------------------------------------------------------------------------------
Finished Writing Synthesis Report : Time (s): cpu = 00:00:49 ; elapsed = 00:00:50 . Memory (MB): peak = 2561.062 ; gain = 0.000
---------------------------------------------------------------------------------
Synthesis finished with 0 errors, 0 critical warnings and 1 warnings.
Synthesis Optimization Runtime : Time (s): cpu = 00:00:37 ; elapsed = 00:00:46 . Memory (MB): peak = 2561.062 ; gain = 0.000
Synthesis Optimization Complete : Time (s): cpu = 00:00:50 ; elapsed = 00:00:50 . Memory (MB): peak = 2561.062 ; gain = 0.000
INFO: [Project 1-571] Translating synthesized netlist
Netlist sorting complete. Time (s): cpu = 00:00:00 ; elapsed = 00:00:00.054 . Memory (MB): peak = 2561.062 ; gain = 0.000
INFO: [Netlist 29-17] Analyzing 309 Unisim elements for replacement
INFO: [Netlist 29-28] Unisim Transformation completed in 0 CPU seconds
INFO: [Project 1-570] Preparing netlist for logic optimization
Parsing XDC File [D:/1012/project1/constraints/project1.xdc]
Finished Parsing XDC File [D:/1012/project1/constraints/project1.xdc]
INFO: [Opt 31-138] Pushed 0 inverter(s) to 0 load pin(s).
Netlist sorting complete. Time (s): cpu = 00:00:00 ; elapsed = 00:00:00.002 . Memory (MB): peak = 2561.062 ; gain = 0.000
INFO: [Project 1-111] Unisim Transformation Summary:
No Unisim elements were transformed.

Synth Design complete | Checksum: 3eaacb9a
INFO: [Common 17-83] Releasing license: Synthesis
31 Infos, 1 Warnings, 0 Critical Warnings and 0 Errors encountered.
synth_design completed successfully
synth_design: Time (s): cpu = 00:00:54 ; elapsed = 00:00:55 . Memory (MB): peak = 2561.062 ; gain = 0.000
INFO: [Timing 38-91] UpdateTimingParams: Speed grade: -2, Delay Type: max.
INFO: [Timing 38-191] Multithreading enabled for timing update using a maximum of 2 CPUs
INFO: [Timing 38-35] Done setting XDC timing constraints.
report_timing_summary: Time (s): cpu = 00:00:10 ; elapsed = 00:00:10 . Memory (MB): peak = 2561.062 ; gain = 0.000
INFO: [Timing 38-480] Writing timing data to binary archive.
Write ShapeDB Complete: Time (s): cpu = 00:00:00 ; elapsed = 00:00:00.012 . Memory (MB): peak = 2561.062 ; gain = 0.000
INFO: [Common 17-1381] The checkpoint 'D:/1012/project1/build/cnn_compare_booth_simd_pipe_dsp_top_synth.dcp' has been generated.
# exit
INFO: [Common 17-206] Exiting Vivado at Sun Apr 26 18:52:17 2026...
