#! /c/Source/iverilog-install/bin/vvp
:ivl_version "12.0 (devel)" "(s20150603-1539-g2693dd32b)";
:ivl_delay_selection "TYPICAL";
:vpi_time_precision - 12;
:vpi_module "C:\iverilog\lib\ivl\system.vpi";
:vpi_module "C:\iverilog\lib\ivl\vhdl_sys.vpi";
:vpi_module "C:\iverilog\lib\ivl\vhdl_textio.vpi";
:vpi_module "C:\iverilog\lib\ivl\v2005_math.vpi";
:vpi_module "C:\iverilog\lib\ivl\va_math.vpi";
:vpi_module "C:\iverilog\lib\ivl\v2009.vpi";
S_00000203ba68d7d0 .scope package, "$unit" "$unit" 2 1;
 .timescale 0 0;
S_00000203ba68d960 .scope module, "multi_cycle_cpu" "multi_cycle_cpu" 3 9;
 .timescale -9 -12;
    .port_info 0 /INPUT 1 "clk";
    .port_info 1 /INPUT 1 "resetn";
    .port_info 2 /INPUT 5 "rf_addr";
    .port_info 3 /INPUT 32 "mem_addr";
    .port_info 4 /OUTPUT 32 "rf_data";
    .port_info 5 /OUTPUT 32 "mem_data";
    .port_info 6 /OUTPUT 32 "IF_pc";
    .port_info 7 /OUTPUT 32 "IF_inst";
    .port_info 8 /OUTPUT 32 "ID_pc";
    .port_info 9 /OUTPUT 32 "EXE_pc";
    .port_info 10 /OUTPUT 32 "MEM_pc";
    .port_info 11 /OUTPUT 32 "WB_pc";
    .port_info 12 /OUTPUT 32 "display_state";
    .port_info 13 /OUTPUT 32 "cycle_count";
    .port_info 14 /OUTPUT 1 "fib_done";
P_00000203ba68daf0 .param/l "DECODE" 0 3 37, C4<010>;
P_00000203ba68db28 .param/l "EXE" 0 3 38, C4<011>;
P_00000203ba68db60 .param/l "FETCH" 0 3 36, C4<001>;
P_00000203ba68db98 .param/l "IDLE" 0 3 35, C4<000>;
P_00000203ba68dbd0 .param/l "MEM" 0 3 39, C4<100>;
P_00000203ba68dc08 .param/l "WB" 0 3 40, C4<101>;
L_00000203ba7e03b0 .functor AND 1, L_00000203ba883570, L_00000203ba89bb00, C4<1>, C4<1>;
L_00000203ba7e0ff0 .functor AND 1, L_00000203ba7e03b0, L_00000203ba8998e0, C4<1>, C4<1>;
L_00000203ba7e1290 .functor AND 1, L_00000203ba8836b0, L_00000203ba8e8610, C4<1>, C4<1>;
L_00000203ba7e0110 .functor OR 1, L_00000203ba7e0ff0, L_00000203ba7e1290, C4<0>, C4<0>;
L_00000203ba8e9c60 .functor AND 1, L_00000203ba944c00, L_00000203ba946be0, C4<1>, C4<1>;
L_00000203ba8e9cd0 .functor AND 1, L_00000203ba8e9c60, L_00000203ba9459c0, C4<1>, C4<1>;
v00000203ba882710_0 .net "EXE_MEM_bus", 105 0, L_00000203ba9436c0;  1 drivers
v00000203ba880cd0_0 .var "EXE_MEM_bus_r", 105 0;
v00000203ba8828f0_0 .net "EXE_over", 0 0, L_00000203ba89c580;  1 drivers
v00000203ba880a50_0 .net "EXE_pc", 31 0, L_00000203ba89c6d0;  1 drivers
v00000203ba8818b0_0 .net "EXE_valid", 0 0, L_00000203ba884d30;  1 drivers
v00000203ba881d10_0 .net "ID_EXE_bus", 149 0, L_00000203ba8cef80;  1 drivers
v00000203ba881450_0 .var "ID_EXE_bus_r", 149 0;
v00000203ba8827b0_0 .net "ID_over", 0 0, L_00000203ba89bb00;  1 drivers
v00000203ba882f30_0 .net "ID_pc", 31 0, L_00000203ba89ab40;  1 drivers
v00000203ba880af0_0 .net "ID_valid", 0 0, L_00000203ba883610;  1 drivers
v00000203ba882ad0_0 .net "IF_ID_bus", 63 0, L_00000203ba8855f0;  1 drivers
v00000203ba882b70_0 .var "IF_ID_bus_r", 63 0;
v00000203ba882cb0_0 .net "IF_inst", 31 0, L_00000203ba7dfbd0;  1 drivers
v00000203ba881090_0 .net "IF_over", 0 0, v00000203ba87c9a0_0;  1 drivers
v00000203ba881310_0 .net "IF_pc", 31 0, L_00000203ba7e0730;  1 drivers
v00000203ba882490_0 .net "IF_valid", 0 0, L_00000203ba884c90;  1 drivers
v00000203ba882990_0 .net "MEM_WB_bus", 69 0, L_00000203ba945a60;  1 drivers
v00000203ba882fd0_0 .var "MEM_WB_bus_r", 69 0;
v00000203ba881810_0 .net "MEM_over", 0 0, L_00000203ba945d80;  1 drivers
v00000203ba880b90_0 .net "MEM_pc", 31 0, L_00000203ba8e8f40;  1 drivers
v00000203ba880d70_0 .net "MEM_valid", 0 0, L_00000203ba884ab0;  1 drivers
v00000203ba881a90_0 .net "WB_over", 0 0, L_00000203ba8e8610;  1 drivers
v00000203ba882d50_0 .net "WB_pc", 31 0, L_00000203ba8e9410;  1 drivers
v00000203ba882e90_0 .net "WB_valid", 0 0, L_00000203ba883430;  1 drivers
L_00000203ba8f0088 .functor BUFT 1, C4<00000000000000000000000000000>, C4<0>, C4<0>, C4<0>;
v00000203ba882df0_0 .net/2u *"_ivl_0", 28 0, L_00000203ba8f0088;  1 drivers
L_00000203ba8f0160 .functor BUFT 1, C4<011>, C4<0>, C4<0>, C4<0>;
v00000203ba882a30_0 .net/2u *"_ivl_12", 2 0, L_00000203ba8f0160;  1 drivers
L_00000203ba8f01a8 .functor BUFT 1, C4<100>, C4<0>, C4<0>, C4<0>;
v00000203ba883110_0 .net/2u *"_ivl_16", 2 0, L_00000203ba8f01a8;  1 drivers
L_00000203ba8f01f0 .functor BUFT 1, C4<101>, C4<0>, C4<0>, C4<0>;
v00000203ba881270_0 .net/2u *"_ivl_20", 2 0, L_00000203ba8f01f0;  1 drivers
L_00000203ba8f0238 .functor BUFT 1, C4<010>, C4<0>, C4<0>, C4<0>;
v00000203ba880c30_0 .net/2u *"_ivl_24", 2 0, L_00000203ba8f0238;  1 drivers
v00000203ba881b30_0 .net *"_ivl_26", 0 0, L_00000203ba883570;  1 drivers
v00000203ba881130_0 .net *"_ivl_28", 0 0, L_00000203ba7e03b0;  1 drivers
v00000203ba8813b0_0 .net *"_ivl_30", 0 0, L_00000203ba7e0ff0;  1 drivers
L_00000203ba8f0280 .functor BUFT 1, C4<101>, C4<0>, C4<0>, C4<0>;
v00000203ba8814f0_0 .net/2u *"_ivl_32", 2 0, L_00000203ba8f0280;  1 drivers
v00000203ba881590_0 .net *"_ivl_34", 0 0, L_00000203ba8836b0;  1 drivers
v00000203ba881630_0 .net *"_ivl_36", 0 0, L_00000203ba7e1290;  1 drivers
L_00000203ba8f00d0 .functor BUFT 1, C4<001>, C4<0>, C4<0>, C4<0>;
v00000203ba8816d0_0 .net/2u *"_ivl_4", 2 0, L_00000203ba8f00d0;  1 drivers
L_00000203ba8f2128 .functor BUFT 1, C4<1111>, C4<0>, C4<0>, C4<0>;
v00000203ba882030_0 .net/2u *"_ivl_50", 3 0, L_00000203ba8f2128;  1 drivers
v00000203ba881950_0 .net *"_ivl_52", 0 0, L_00000203ba944c00;  1 drivers
L_00000203ba8f2170 .functor BUFT 1, C4<00000000000000000000000000000100>, C4<0>, C4<0>, C4<0>;
v00000203ba8819f0_0 .net/2u *"_ivl_54", 31 0, L_00000203ba8f2170;  1 drivers
v00000203ba881db0_0 .net *"_ivl_56", 0 0, L_00000203ba946be0;  1 drivers
v00000203ba881e50_0 .net *"_ivl_59", 0 0, L_00000203ba8e9c60;  1 drivers
L_00000203ba8f21b8 .functor BUFT 1, C4<00000000000000000000000000110111>, C4<0>, C4<0>, C4<0>;
v00000203ba881ef0_0 .net/2u *"_ivl_60", 31 0, L_00000203ba8f21b8;  1 drivers
v00000203ba881f90_0 .net *"_ivl_62", 0 0, L_00000203ba9459c0;  1 drivers
L_00000203ba8f0118 .functor BUFT 1, C4<010>, C4<0>, C4<0>, C4<0>;
v00000203ba8820d0_0 .net/2u *"_ivl_8", 2 0, L_00000203ba8f0118;  1 drivers
o00000203ba81d608 .functor BUFZ 1, C4<z>; HiZ drive
v00000203ba882350_0 .net "clk", 0 0, o00000203ba81d608;  0 drivers
v00000203ba8823f0_0 .var "cycle_count", 31 0;
v00000203ba882530_0 .net "display_state", 31 0, L_00000203ba885730;  1 drivers
v00000203ba8825d0_0 .net "dm_addr", 31 0, L_00000203ba8e88b0;  1 drivers
o00000203ba81e298 .functor BUFZ 32, C4<zzzzzzzzzzzzzzzzzzzzzzzzzzzzzzzz>; HiZ drive
v00000203ba882670_0 .net "dm_rdata", 31 0, o00000203ba81e298;  0 drivers
v00000203ba883ed0_0 .net "dm_wdata", 31 0, v00000203ba887710_0;  1 drivers
v00000203ba8832f0_0 .net "dm_wen", 3 0, v00000203ba885f50_0;  1 drivers
v00000203ba884bf0_0 .net "fib_commit", 0 0, L_00000203ba8e9cd0;  1 drivers
v00000203ba884650_0 .var "fib_done", 0 0;
o00000203ba81d638 .functor BUFZ 32, C4<zzzzzzzzzzzzzzzzzzzzzzzzzzzzzzzz>; HiZ drive
v00000203ba8834d0_0 .net "inst", 31 0, o00000203ba81d638;  0 drivers
v00000203ba8839d0_0 .net "inst_addr", 31 0, L_00000203ba7e0180;  1 drivers
v00000203ba885370_0 .net "jbr_bus", 32 0, L_00000203ba8cc000;  1 drivers
v00000203ba885910_0 .net "jbr_not_link", 0 0, L_00000203ba8998e0;  1 drivers
o00000203ba81fb28 .functor BUFZ 32, C4<zzzzzzzzzzzzzzzzzzzzzzzzzzzzzzzz>; HiZ drive
v00000203ba884f10_0 .net "mem_addr", 31 0, o00000203ba81fb28;  0 drivers
o00000203ba81eb68 .functor BUFZ 32, C4<zzzzzzzzzzzzzzzzzzzzzzzzzzzzzzzz>; HiZ drive
v00000203ba885410_0 .net "mem_data", 31 0, o00000203ba81eb68;  0 drivers
v00000203ba8857d0_0 .net "next_fetch", 0 0, L_00000203ba7e0110;  1 drivers
v00000203ba884790_0 .var "next_state", 2 0;
o00000203ba81d7b8 .functor BUFZ 1, C4<z>; HiZ drive
v00000203ba8837f0_0 .net "resetn", 0 0, o00000203ba81d7b8;  0 drivers
o00000203ba81f468 .functor BUFZ 5, C4<zzzzz>; HiZ drive
v00000203ba884970_0 .net "rf_addr", 4 0, o00000203ba81f468;  0 drivers
v00000203ba883890_0 .net "rf_data", 31 0, v00000203ba882170_0;  1 drivers
v00000203ba884150_0 .net "rf_wdata", 31 0, L_00000203ba8e98e0;  1 drivers
v00000203ba8854b0_0 .net "rf_wdest", 4 0, L_00000203ba8e8a00;  1 drivers
v00000203ba884010_0 .net "rf_wen", 0 0, L_00000203ba8e9aa0;  1 drivers
v00000203ba884e70_0 .net "rs", 4 0, L_00000203ba883750;  1 drivers
v00000203ba883390_0 .net "rs_value", 31 0, v00000203ba881c70_0;  1 drivers
v00000203ba883d90_0 .net "rt", 4 0, L_00000203ba883930;  1 drivers
v00000203ba884fb0_0 .net "rt_value", 31 0, v00000203ba880f50_0;  1 drivers
v00000203ba883bb0_0 .var "state", 2 0;
E_00000203ba7d7ee0/0 .event anyedge, v00000203ba883bb0_0, v00000203ba87c9a0_0, v00000203ba8765f0_0, v00000203ba87db20_0;
E_00000203ba7d7ee0/1 .event anyedge, v00000203ba872a40_0, v00000203ba87ef20_0, v00000203ba886e50_0;
E_00000203ba7d7ee0 .event/or E_00000203ba7d7ee0/0, E_00000203ba7d7ee0/1;
L_00000203ba885730 .concat [ 3 29 0 0], v00000203ba883bb0_0, L_00000203ba8f0088;
L_00000203ba884c90 .cmp/eq 3, v00000203ba883bb0_0, L_00000203ba8f00d0;
L_00000203ba883610 .cmp/eq 3, v00000203ba883bb0_0, L_00000203ba8f0118;
L_00000203ba884d30 .cmp/eq 3, v00000203ba883bb0_0, L_00000203ba8f0160;
L_00000203ba884ab0 .cmp/eq 3, v00000203ba883bb0_0, L_00000203ba8f01a8;
L_00000203ba883430 .cmp/eq 3, v00000203ba883bb0_0, L_00000203ba8f01f0;
L_00000203ba883570 .cmp/eq 3, v00000203ba883bb0_0, L_00000203ba8f0238;
L_00000203ba8836b0 .cmp/eq 3, v00000203ba883bb0_0, L_00000203ba8f0280;
L_00000203ba945920 .part L_00000203ba7e0180, 2, 8;
L_00000203ba9465a0 .part L_00000203ba8e88b0, 2, 8;
L_00000203ba944ca0 .part o00000203ba81fb28, 2, 8;
L_00000203ba944c00 .cmp/eq 4, v00000203ba885f50_0, L_00000203ba8f2128;
L_00000203ba946be0 .cmp/eq 32, L_00000203ba8e88b0, L_00000203ba8f2170;
L_00000203ba9459c0 .cmp/eq 32, v00000203ba887710_0, L_00000203ba8f21b8;
S_00000203ba66fc10 .scope module, "EXE_module" "exe" 3 246, 4 8 0, S_00000203ba68d960;
 .timescale -9 -12;
    .port_info 0 /INPUT 1 "EXE_valid";
    .port_info 1 /INPUT 150 "ID_EXE_bus_r";
    .port_info 2 /OUTPUT 1 "EXE_over";
    .port_info 3 /OUTPUT 106 "EXE_MEM_bus";
    .port_info 4 /OUTPUT 32 "EXE_pc";
L_00000203ba89b8d0 .functor BUFZ 150, v00000203ba881450_0, C4<000000000000000000000000000000000000000000000000000000000000000000000000000000000000000000000000000000000000000000000000000000000000000000000000000000>, C4<000000000000000000000000000000000000000000000000000000000000000000000000000000000000000000000000000000000000000000000000000000000000000000000000000000>, C4<000000000000000000000000000000000000000000000000000000000000000000000000000000000000000000000000000000000000000000000000000000000000000000000000000000>;
L_00000203ba89c580 .functor BUFZ 1, L_00000203ba884d30, C4<0>, C4<0>, C4<0>;
L_00000203ba89c6d0 .functor BUFZ 32, L_00000203ba8cd540, C4<00000000000000000000000000000000>, C4<00000000000000000000000000000000>, C4<00000000000000000000000000000000>;
v00000203ba871c80_0 .net "EXE_MEM_bus", 105 0, L_00000203ba9436c0;  alias, 1 drivers
v00000203ba872a40_0 .net "EXE_over", 0 0, L_00000203ba89c580;  alias, 1 drivers
v00000203ba872720_0 .net "EXE_pc", 31 0, L_00000203ba89c6d0;  alias, 1 drivers
v00000203ba872220_0 .net "EXE_valid", 0 0, L_00000203ba884d30;  alias, 1 drivers
v00000203ba873080_0 .net "ID_EXE_bus_r", 149 0, v00000203ba881450_0;  1 drivers
v00000203ba8722c0_0 .net *"_ivl_10", 149 0, L_00000203ba89b8d0;  1 drivers
v00000203ba871a00_0 .net "alu_control", 11 0, L_00000203ba8cdea0;  1 drivers
v00000203ba871aa0_0 .net "alu_operand1", 31 0, L_00000203ba8cf0c0;  1 drivers
v00000203ba872400_0 .net "alu_operand2", 31 0, L_00000203ba8ce620;  1 drivers
v00000203ba8724a0_0 .net "alu_result", 31 0, L_00000203ba944840;  1 drivers
v00000203ba872e00_0 .net "mem_control", 3 0, L_00000203ba8cdae0;  1 drivers
v00000203ba871b40_0 .net "pc", 31 0, L_00000203ba8cd540;  1 drivers
v00000203ba872ae0_0 .net "rf_wdest", 4 0, L_00000203ba8cee40;  1 drivers
v00000203ba871be0_0 .net "rf_wen", 0 0, L_00000203ba8cd0e0;  1 drivers
v00000203ba8725e0_0 .net "store_data", 31 0, L_00000203ba8cd900;  1 drivers
L_00000203ba8cdea0 .part L_00000203ba89b8d0, 138, 12;
L_00000203ba8cf0c0 .part L_00000203ba89b8d0, 106, 32;
L_00000203ba8ce620 .part L_00000203ba89b8d0, 74, 32;
L_00000203ba8cdae0 .part L_00000203ba89b8d0, 70, 4;
L_00000203ba8cd900 .part L_00000203ba89b8d0, 38, 32;
L_00000203ba8cd0e0 .part L_00000203ba89b8d0, 37, 1;
L_00000203ba8cee40 .part L_00000203ba89b8d0, 32, 5;
L_00000203ba8cd540 .part L_00000203ba89b8d0, 0, 32;
LS_00000203ba9436c0_0_0 .concat [ 32 5 1 32], L_00000203ba8cd540, L_00000203ba8cee40, L_00000203ba8cd0e0, L_00000203ba944840;
LS_00000203ba9436c0_0_4 .concat [ 32 4 0 0], L_00000203ba8cd900, L_00000203ba8cdae0;
L_00000203ba9436c0 .concat [ 70 36 0 0], LS_00000203ba9436c0_0_0, LS_00000203ba9436c0_0_4;
S_00000203ba66fda0 .scope module, "alu_module" "alu" 4 47, 5 8 0, S_00000203ba66fc10;
 .timescale -9 -12;
    .port_info 0 /INPUT 12 "alu_control";
    .port_info 1 /INPUT 32 "alu_src1";
    .port_info 2 /INPUT 32 "alu_src2";
    .port_info 3 /OUTPUT 32 "alu_result";
L_00000203ba89b7f0 .functor AND 32, L_00000203ba8cf0c0, L_00000203ba8ce620, C4<11111111111111111111111111111111>, C4<11111111111111111111111111111111>;
L_00000203ba89a6e0 .functor OR 32, L_00000203ba8cf0c0, L_00000203ba8ce620, C4<00000000000000000000000000000000>, C4<00000000000000000000000000000000>;
L_00000203ba89a980 .functor NOT 32, L_00000203ba89a6e0, C4<00000000000000000000000000000000>, C4<00000000000000000000000000000000>, C4<00000000000000000000000000000000>;
L_00000203ba89c0b0 .functor XOR 32, L_00000203ba8cf0c0, L_00000203ba8ce620, C4<00000000000000000000000000000000>, C4<00000000000000000000000000000000>;
L_00000203ba89b780 .functor BUFZ 32, L_00000203ba8cf0c0, C4<00000000000000000000000000000000>, C4<00000000000000000000000000000000>, C4<00000000000000000000000000000000>;
L_00000203ba89ba20 .functor NOT 32, L_00000203ba8ce620, C4<00000000000000000000000000000000>, C4<00000000000000000000000000000000>, C4<00000000000000000000000000000000>;
L_00000203ba89a7c0 .functor NOT 1, L_00000203ba8ce120, C4<0>, C4<0>, C4<0>;
L_00000203ba89b2b0 .functor BUFZ 32, L_00000203ba8cd180, C4<00000000000000000000000000000000>, C4<00000000000000000000000000000000>, C4<00000000000000000000000000000000>;
L_00000203ba89aa60 .functor NOT 1, L_00000203ba8cd2c0, C4<0>, C4<0>, C4<0>;
L_00000203ba89a9f0 .functor AND 1, L_00000203ba8cdcc0, L_00000203ba89aa60, C4<1>, C4<1>;
L_00000203ba89afa0 .functor XOR 1, L_00000203ba8cdc20, L_00000203ba8cdd60, C4<0>, C4<0>;
L_00000203ba89aec0 .functor NOT 1, L_00000203ba89afa0, C4<0>, C4<0>, C4<0>;
L_00000203ba89b470 .functor AND 1, L_00000203ba89aec0, L_00000203ba8cd5e0, C4<1>, C4<1>;
L_00000203ba89ade0 .functor OR 1, L_00000203ba89a9f0, L_00000203ba89b470, C4<0>, C4<0>;
L_00000203ba89aad0 .functor NOT 1, L_00000203ba8cd220, C4<0>, C4<0>, C4<0>;
L_00000203ba89c120 .functor AND 32, L_00000203ba8ce300, L_00000203ba8ce620, C4<11111111111111111111111111111111>, C4<11111111111111111111111111111111>;
L_00000203ba89ae50 .functor AND 32, L_00000203ba8cdfe0, L_00000203ba8ce080, C4<11111111111111111111111111111111>, C4<11111111111111111111111111111111>;
L_00000203ba89b940 .functor OR 32, L_00000203ba89c120, L_00000203ba89ae50, C4<00000000000000000000000000000000>, C4<00000000000000000000000000000000>;
L_00000203ba89be10 .functor AND 32, L_00000203ba8cf200, L_00000203ba8cf2a0, C4<11111111111111111111111111111111>, C4<11111111111111111111111111111111>;
L_00000203ba89bbe0 .functor OR 32, L_00000203ba89b940, L_00000203ba89be10, C4<00000000000000000000000000000000>, C4<00000000000000000000000000000000>;
L_00000203ba89b9b0 .functor AND 32, L_00000203ba8ce8a0, L_00000203ba8ceb20, C4<11111111111111111111111111111111>, C4<11111111111111111111111111111111>;
L_00000203ba89abb0 .functor OR 32, L_00000203ba89bbe0, L_00000203ba89b9b0, C4<00000000000000000000000000000000>, C4<00000000000000000000000000000000>;
L_00000203ba89b080 .functor AND 32, L_00000203ba8cf3e0, L_00000203ba89abb0, C4<11111111111111111111111111111111>, C4<11111111111111111111111111111111>;
L_00000203ba89ac20 .functor AND 32, L_00000203ba8cf480, L_00000203ba8cf700, C4<11111111111111111111111111111111>, C4<11111111111111111111111111111111>;
L_00000203ba89b320 .functor OR 32, L_00000203ba89b080, L_00000203ba89ac20, C4<00000000000000000000000000000000>, C4<00000000000000000000000000000000>;
L_00000203ba89ac90 .functor AND 32, L_00000203ba8d0b00, L_00000203ba8d0100, C4<11111111111111111111111111111111>, C4<11111111111111111111111111111111>;
L_00000203ba89be80 .functor OR 32, L_00000203ba89b320, L_00000203ba89ac90, C4<00000000000000000000000000000000>, C4<00000000000000000000000000000000>;
L_00000203ba89a8a0 .functor AND 32, L_00000203ba8cfb60, L_00000203ba8d0ba0, C4<11111111111111111111111111111111>, C4<11111111111111111111111111111111>;
L_00000203ba89b550 .functor OR 32, L_00000203ba89be80, L_00000203ba89a8a0, C4<00000000000000000000000000000000>, C4<00000000000000000000000000000000>;
L_00000203ba89b010 .functor AND 32, L_00000203ba8d1780, L_00000203ba8ce620, C4<11111111111111111111111111111111>, C4<11111111111111111111111111111111>;
L_00000203ba89a830 .functor AND 32, L_00000203ba8cf980, L_00000203ba8cfde0, C4<11111111111111111111111111111111>, C4<11111111111111111111111111111111>;
L_00000203ba89b0f0 .functor OR 32, L_00000203ba89b010, L_00000203ba89a830, C4<00000000000000000000000000000000>, C4<00000000000000000000000000000000>;
L_00000203ba89b1d0 .functor AND 32, L_00000203ba8d1a00, L_00000203ba8d1b40, C4<11111111111111111111111111111111>, C4<11111111111111111111111111111111>;
L_00000203ba89bc50 .functor OR 32, L_00000203ba89b0f0, L_00000203ba89b1d0, C4<00000000000000000000000000000000>, C4<00000000000000000000000000000000>;
L_00000203ba89bf60 .functor AND 32, L_00000203ba8d09c0, L_00000203ba8d0060, C4<11111111111111111111111111111111>, C4<11111111111111111111111111111111>;
L_00000203ba89bfd0 .functor OR 32, L_00000203ba89bc50, L_00000203ba89bf60, C4<00000000000000000000000000000000>, C4<00000000000000000000000000000000>;
L_00000203ba89b400 .functor AND 32, L_00000203ba8d1640, L_00000203ba89bfd0, C4<11111111111111111111111111111111>, C4<11111111111111111111111111111111>;
L_00000203ba89b240 .functor AND 32, L_00000203ba8cf840, L_00000203ba8d1960, C4<11111111111111111111111111111111>, C4<11111111111111111111111111111111>;
L_00000203ba89b390 .functor OR 32, L_00000203ba89b400, L_00000203ba89b240, C4<00000000000000000000000000000000>, C4<00000000000000000000000000000000>;
L_00000203ba89b4e0 .functor AND 32, L_00000203ba8cfe80, L_00000203ba8d0c40, C4<11111111111111111111111111111111>, C4<11111111111111111111111111111111>;
L_00000203ba89b630 .functor OR 32, L_00000203ba89b390, L_00000203ba89b4e0, C4<00000000000000000000000000000000>, C4<00000000000000000000000000000000>;
L_00000203ba89b6a0 .functor AND 32, L_00000203ba8d0ce0, L_00000203ba8d13c0, C4<11111111111111111111111111111111>, C4<11111111111111111111111111111111>;
L_00000203ba89bb70 .functor OR 32, L_00000203ba89b630, L_00000203ba89b6a0, C4<00000000000000000000000000000000>, C4<00000000000000000000000000000000>;
L_00000203ba89bcc0 .functor AND 32, L_00000203ba8d0a60, L_00000203ba8ce620, C4<11111111111111111111111111111111>, C4<11111111111111111111111111111111>;
L_00000203ba89c2e0 .functor AND 32, L_00000203ba8d1dc0, L_00000203ba8d0e20, C4<11111111111111111111111111111111>, C4<11111111111111111111111111111111>;
L_00000203ba89c350 .functor OR 32, L_00000203ba89bcc0, L_00000203ba89c2e0, C4<00000000000000000000000000000000>, C4<00000000000000000000000000000000>;
L_00000203ba89c3c0 .functor AND 32, L_00000203ba8d11e0, L_00000203ba8d1320, C4<11111111111111111111111111111111>, C4<11111111111111111111111111111111>;
L_00000203ba89c430 .functor OR 32, L_00000203ba89c350, L_00000203ba89c3c0, C4<00000000000000000000000000000000>, C4<00000000000000000000000000000000>;
L_00000203ba89c820 .functor AND 32, L_00000203ba8d1460, L_00000203ba8cf7a0, C4<11111111111111111111111111111111>, C4<11111111111111111111111111111111>;
L_00000203ba89c890 .functor OR 32, L_00000203ba89c430, L_00000203ba89c820, C4<00000000000000000000000000000000>, C4<00000000000000000000000000000000>;
L_00000203ba89c740 .functor AND 32, L_00000203ba8d0740, L_00000203ba89c890, C4<11111111111111111111111111111111>, C4<11111111111111111111111111111111>;
L_00000203ba89c900 .functor AND 32, L_00000203ba8d2220, L_00000203ba8d2180, C4<11111111111111111111111111111111>, C4<11111111111111111111111111111111>;
L_00000203ba89c4a0 .functor OR 32, L_00000203ba89c740, L_00000203ba89c900, C4<00000000000000000000000000000000>, C4<00000000000000000000000000000000>;
L_00000203ba89c7b0 .functor AND 32, L_00000203ba8d1fa0, L_00000203ba8d2040, C4<11111111111111111111111111111111>, C4<11111111111111111111111111111111>;
L_00000203ba89c660 .functor OR 32, L_00000203ba89c4a0, L_00000203ba89c7b0, C4<00000000000000000000000000000000>, C4<00000000000000000000000000000000>;
L_00000203ba89c270 .functor AND 32, L_00000203ba944200, L_00000203ba944520, C4<11111111111111111111111111111111>, C4<11111111111111111111111111111111>;
L_00000203ba89c510 .functor OR 32, L_00000203ba89c660, L_00000203ba89c270, C4<00000000000000000000000000000000>, C4<00000000000000000000000000000000>;
L_00000203ba89c5f0 .functor OR 1, L_00000203ba8ce120, L_00000203ba8cd360, C4<0>, C4<0>;
v00000203ba7f4030_0 .net *"_ivl_101", 31 0, L_00000203ba8cdfe0;  1 drivers
v00000203ba7f5bb0_0 .net *"_ivl_104", 30 0, L_00000203ba8ce440;  1 drivers
L_00000203ba8f1480 .functor BUFT 1, C4<0>, C4<0>, C4<0>, C4<0>;
v00000203ba7f4530_0 .net/2u *"_ivl_105", 0 0, L_00000203ba8f1480;  1 drivers
v00000203ba7f51b0_0 .net *"_ivl_107", 31 0, L_00000203ba8ce080;  1 drivers
v00000203ba7f4670_0 .net *"_ivl_109", 31 0, L_00000203ba89ae50;  1 drivers
v00000203ba7f6010_0 .net *"_ivl_111", 31 0, L_00000203ba89b940;  1 drivers
L_00000203ba8f14c8 .functor BUFT 1, C4<10>, C4<0>, C4<0>, C4<0>;
v00000203ba7f5c50_0 .net/2u *"_ivl_113", 1 0, L_00000203ba8f14c8;  1 drivers
v00000203ba7f42b0_0 .net *"_ivl_115", 0 0, L_00000203ba8ce800;  1 drivers
v00000203ba7f5250_0 .net *"_ivl_117", 31 0, L_00000203ba8cf200;  1 drivers
v00000203ba7f52f0_0 .net *"_ivl_120", 29 0, L_00000203ba8ce4e0;  1 drivers
L_00000203ba8f1510 .functor BUFT 1, C4<00>, C4<0>, C4<0>, C4<0>;
v00000203ba7f45d0_0 .net/2u *"_ivl_121", 1 0, L_00000203ba8f1510;  1 drivers
v00000203ba7f5f70_0 .net *"_ivl_123", 31 0, L_00000203ba8cf2a0;  1 drivers
v00000203ba7f5890_0 .net *"_ivl_125", 31 0, L_00000203ba89be10;  1 drivers
v00000203ba7f43f0_0 .net *"_ivl_127", 31 0, L_00000203ba89bbe0;  1 drivers
L_00000203ba8f1558 .functor BUFT 1, C4<11>, C4<0>, C4<0>, C4<0>;
v00000203ba7f4df0_0 .net/2u *"_ivl_129", 1 0, L_00000203ba8f1558;  1 drivers
v00000203ba7f5070_0 .net *"_ivl_131", 0 0, L_00000203ba8ce580;  1 drivers
v00000203ba7f5cf0_0 .net *"_ivl_133", 31 0, L_00000203ba8ce8a0;  1 drivers
v00000203ba7f40d0_0 .net *"_ivl_136", 28 0, L_00000203ba8ce9e0;  1 drivers
L_00000203ba8f15a0 .functor BUFT 1, C4<000>, C4<0>, C4<0>, C4<0>;
v00000203ba7f4ad0_0 .net/2u *"_ivl_137", 2 0, L_00000203ba8f15a0;  1 drivers
v00000203ba7f5610_0 .net *"_ivl_139", 31 0, L_00000203ba8ceb20;  1 drivers
v00000203ba7f4170_0 .net *"_ivl_141", 31 0, L_00000203ba89b9b0;  1 drivers
L_00000203ba8f15e8 .functor BUFT 1, C4<00>, C4<0>, C4<0>, C4<0>;
v00000203ba7f5ed0_0 .net/2u *"_ivl_145", 1 0, L_00000203ba8f15e8;  1 drivers
v00000203ba7f4350_0 .net *"_ivl_147", 0 0, L_00000203ba8cebc0;  1 drivers
v00000203ba7f60b0_0 .net *"_ivl_149", 31 0, L_00000203ba8cf3e0;  1 drivers
v00000203ba7f4710_0 .net *"_ivl_151", 31 0, L_00000203ba89b080;  1 drivers
L_00000203ba8f1630 .functor BUFT 1, C4<01>, C4<0>, C4<0>, C4<0>;
v00000203ba7f4e90_0 .net/2u *"_ivl_153", 1 0, L_00000203ba8f1630;  1 drivers
v00000203ba7f59d0_0 .net *"_ivl_155", 0 0, L_00000203ba8cec60;  1 drivers
v00000203ba7f4c10_0 .net *"_ivl_157", 31 0, L_00000203ba8cf480;  1 drivers
v00000203ba7f4850_0 .net *"_ivl_160", 27 0, L_00000203ba8cf520;  1 drivers
L_00000203ba8f1678 .functor BUFT 1, C4<0000>, C4<0>, C4<0>, C4<0>;
v00000203ba7f48f0_0 .net/2u *"_ivl_161", 3 0, L_00000203ba8f1678;  1 drivers
v00000203ba7f5110_0 .net *"_ivl_163", 31 0, L_00000203ba8cf700;  1 drivers
v00000203ba7f4490_0 .net *"_ivl_165", 31 0, L_00000203ba89ac20;  1 drivers
v00000203ba7f4fd0_0 .net *"_ivl_167", 31 0, L_00000203ba89b320;  1 drivers
L_00000203ba8f16c0 .functor BUFT 1, C4<10>, C4<0>, C4<0>, C4<0>;
v00000203ba7f4f30_0 .net/2u *"_ivl_169", 1 0, L_00000203ba8f16c0;  1 drivers
v00000203ba7f47b0_0 .net *"_ivl_171", 0 0, L_00000203ba8ccfa0;  1 drivers
v00000203ba7f3ef0_0 .net *"_ivl_173", 31 0, L_00000203ba8d0b00;  1 drivers
v00000203ba7f5390_0 .net *"_ivl_176", 23 0, L_00000203ba8cfd40;  1 drivers
L_00000203ba8f1708 .functor BUFT 1, C4<00000000>, C4<0>, C4<0>, C4<0>;
v00000203ba7f4cb0_0 .net/2u *"_ivl_177", 7 0, L_00000203ba8f1708;  1 drivers
v00000203ba7f5430_0 .net *"_ivl_179", 31 0, L_00000203ba8d0100;  1 drivers
v00000203ba7f5750_0 .net *"_ivl_181", 31 0, L_00000203ba89ac90;  1 drivers
v00000203ba7f4990_0 .net *"_ivl_183", 31 0, L_00000203ba89be80;  1 drivers
L_00000203ba8f1750 .functor BUFT 1, C4<11>, C4<0>, C4<0>, C4<0>;
v00000203ba7f5d90_0 .net/2u *"_ivl_185", 1 0, L_00000203ba8f1750;  1 drivers
v00000203ba7f4a30_0 .net *"_ivl_187", 0 0, L_00000203ba8d1000;  1 drivers
v00000203ba7f54d0_0 .net *"_ivl_189", 31 0, L_00000203ba8cfb60;  1 drivers
v00000203ba7f3db0_0 .net *"_ivl_192", 19 0, L_00000203ba8d02e0;  1 drivers
L_00000203ba8f1798 .functor BUFT 1, C4<000000000000>, C4<0>, C4<0>, C4<0>;
v00000203ba7f5570_0 .net/2u *"_ivl_193", 11 0, L_00000203ba8f1798;  1 drivers
v00000203ba7f4b70_0 .net *"_ivl_195", 31 0, L_00000203ba8d0ba0;  1 drivers
v00000203ba7f56b0_0 .net *"_ivl_197", 31 0, L_00000203ba89a8a0;  1 drivers
v00000203ba7f4d50_0 .net *"_ivl_202", 0 0, L_00000203ba8d1820;  1 drivers
v00000203ba7f6150_0 .net *"_ivl_204", 15 0, L_00000203ba8d07e0;  1 drivers
L_00000203ba8f17e0 .functor BUFT 1, C4<0000000000000000>, C4<0>, C4<0>, C4<0>;
v00000203ba7f57f0_0 .net/2u *"_ivl_205", 15 0, L_00000203ba8f17e0;  1 drivers
v00000203ba7f5930_0 .net *"_ivl_207", 31 0, L_00000203ba8cf8e0;  1 drivers
L_00000203ba8f1828 .functor BUFT 1, C4<00>, C4<0>, C4<0>, C4<0>;
v00000203ba7f5a70_0 .net/2u *"_ivl_211", 1 0, L_00000203ba8f1828;  1 drivers
v00000203ba7f5b10_0 .net *"_ivl_213", 0 0, L_00000203ba8d1aa0;  1 drivers
v00000203ba7f5e30_0 .net *"_ivl_215", 31 0, L_00000203ba8d1780;  1 drivers
v00000203ba7f61f0_0 .net *"_ivl_217", 31 0, L_00000203ba89b010;  1 drivers
L_00000203ba8f1870 .functor BUFT 1, C4<01>, C4<0>, C4<0>, C4<0>;
v00000203ba7f3a90_0 .net/2u *"_ivl_219", 1 0, L_00000203ba8f1870;  1 drivers
v00000203ba7f3b30_0 .net *"_ivl_221", 0 0, L_00000203ba8cff20;  1 drivers
v00000203ba7f3bd0_0 .net *"_ivl_223", 31 0, L_00000203ba8cf980;  1 drivers
L_00000203ba8f18b8 .functor BUFT 1, C4<0>, C4<0>, C4<0>, C4<0>;
v00000203ba7f3c70_0 .net/2u *"_ivl_225", 0 0, L_00000203ba8f18b8;  1 drivers
v00000203ba7f3d10_0 .net *"_ivl_228", 30 0, L_00000203ba8d0f60;  1 drivers
v00000203ba7edaa0_0 .net *"_ivl_229", 31 0, L_00000203ba8cfde0;  1 drivers
v00000203ba753e30_0 .net *"_ivl_231", 31 0, L_00000203ba89a830;  1 drivers
v00000203ba86d460_0 .net *"_ivl_233", 31 0, L_00000203ba89b0f0;  1 drivers
L_00000203ba8f1900 .functor BUFT 1, C4<10>, C4<0>, C4<0>, C4<0>;
v00000203ba86db40_0 .net/2u *"_ivl_235", 1 0, L_00000203ba8f1900;  1 drivers
v00000203ba86dfa0_0 .net *"_ivl_237", 0 0, L_00000203ba8d1140;  1 drivers
v00000203ba86e0e0_0 .net *"_ivl_239", 31 0, L_00000203ba8d1a00;  1 drivers
L_00000203ba8f1948 .functor BUFT 1, C4<00>, C4<0>, C4<0>, C4<0>;
v00000203ba86d500_0 .net/2u *"_ivl_241", 1 0, L_00000203ba8f1948;  1 drivers
v00000203ba86d640_0 .net *"_ivl_244", 29 0, L_00000203ba8d18c0;  1 drivers
v00000203ba86d780_0 .net *"_ivl_245", 31 0, L_00000203ba8d1b40;  1 drivers
v00000203ba86d3c0_0 .net *"_ivl_247", 31 0, L_00000203ba89b1d0;  1 drivers
v00000203ba86e720_0 .net *"_ivl_249", 31 0, L_00000203ba89bc50;  1 drivers
L_00000203ba8f1990 .functor BUFT 1, C4<11>, C4<0>, C4<0>, C4<0>;
v00000203ba86e7c0_0 .net/2u *"_ivl_251", 1 0, L_00000203ba8f1990;  1 drivers
v00000203ba86d6e0_0 .net *"_ivl_253", 0 0, L_00000203ba8d0600;  1 drivers
v00000203ba86dd20_0 .net *"_ivl_255", 31 0, L_00000203ba8d09c0;  1 drivers
L_00000203ba8f19d8 .functor BUFT 1, C4<000>, C4<0>, C4<0>, C4<0>;
v00000203ba86e4a0_0 .net/2u *"_ivl_257", 2 0, L_00000203ba8f19d8;  1 drivers
v00000203ba86e040_0 .net *"_ivl_260", 28 0, L_00000203ba8d1c80;  1 drivers
v00000203ba86d5a0_0 .net *"_ivl_261", 31 0, L_00000203ba8d0060;  1 drivers
v00000203ba86e180_0 .net *"_ivl_263", 31 0, L_00000203ba89bf60;  1 drivers
L_00000203ba8f1a20 .functor BUFT 1, C4<00>, C4<0>, C4<0>, C4<0>;
v00000203ba86d960_0 .net/2u *"_ivl_267", 1 0, L_00000203ba8f1a20;  1 drivers
v00000203ba86e860_0 .net *"_ivl_269", 0 0, L_00000203ba8d0920;  1 drivers
v00000203ba86e220_0 .net *"_ivl_271", 31 0, L_00000203ba8d1640;  1 drivers
v00000203ba86d1e0_0 .net *"_ivl_273", 31 0, L_00000203ba89b400;  1 drivers
L_00000203ba8f1a68 .functor BUFT 1, C4<01>, C4<0>, C4<0>, C4<0>;
v00000203ba86e2c0_0 .net/2u *"_ivl_275", 1 0, L_00000203ba8f1a68;  1 drivers
v00000203ba86e540_0 .net *"_ivl_277", 0 0, L_00000203ba8cfa20;  1 drivers
v00000203ba86e360_0 .net *"_ivl_279", 31 0, L_00000203ba8cf840;  1 drivers
L_00000203ba8f1ab0 .functor BUFT 1, C4<0000>, C4<0>, C4<0>, C4<0>;
v00000203ba86dbe0_0 .net/2u *"_ivl_281", 3 0, L_00000203ba8f1ab0;  1 drivers
v00000203ba86d820_0 .net *"_ivl_284", 27 0, L_00000203ba8cfac0;  1 drivers
v00000203ba86d8c0_0 .net *"_ivl_285", 31 0, L_00000203ba8d1960;  1 drivers
v00000203ba86da00_0 .net *"_ivl_287", 31 0, L_00000203ba89b240;  1 drivers
v00000203ba86daa0_0 .net *"_ivl_289", 31 0, L_00000203ba89b390;  1 drivers
L_00000203ba8f1af8 .functor BUFT 1, C4<10>, C4<0>, C4<0>, C4<0>;
v00000203ba86dc80_0 .net/2u *"_ivl_291", 1 0, L_00000203ba8f1af8;  1 drivers
v00000203ba86e400_0 .net *"_ivl_293", 0 0, L_00000203ba8d1be0;  1 drivers
v00000203ba86ddc0_0 .net *"_ivl_295", 31 0, L_00000203ba8cfe80;  1 drivers
L_00000203ba8f1b40 .functor BUFT 1, C4<00000000>, C4<0>, C4<0>, C4<0>;
v00000203ba86de60_0 .net/2u *"_ivl_297", 7 0, L_00000203ba8f1b40;  1 drivers
v00000203ba86e5e0_0 .net *"_ivl_300", 23 0, L_00000203ba8d0880;  1 drivers
v00000203ba86e680_0 .net *"_ivl_301", 31 0, L_00000203ba8d0c40;  1 drivers
v00000203ba86d280_0 .net *"_ivl_303", 31 0, L_00000203ba89b4e0;  1 drivers
v00000203ba86d320_0 .net *"_ivl_305", 31 0, L_00000203ba89b630;  1 drivers
L_00000203ba8f1b88 .functor BUFT 1, C4<11>, C4<0>, C4<0>, C4<0>;
v00000203ba86df00_0 .net/2u *"_ivl_307", 1 0, L_00000203ba8f1b88;  1 drivers
v00000203ba86ae40_0 .net *"_ivl_309", 0 0, L_00000203ba8cfc00;  1 drivers
v00000203ba86be80_0 .net *"_ivl_311", 31 0, L_00000203ba8d0ce0;  1 drivers
L_00000203ba8f1bd0 .functor BUFT 1, C4<000000000000>, C4<0>, C4<0>, C4<0>;
v00000203ba86c2e0_0 .net/2u *"_ivl_313", 11 0, L_00000203ba8f1bd0;  1 drivers
v00000203ba86ac60_0 .net *"_ivl_316", 19 0, L_00000203ba8cffc0;  1 drivers
v00000203ba86c060_0 .net *"_ivl_317", 31 0, L_00000203ba8d13c0;  1 drivers
v00000203ba86bfc0_0 .net *"_ivl_319", 31 0, L_00000203ba89b6a0;  1 drivers
v00000203ba86cba0_0 .net *"_ivl_324", 0 0, L_00000203ba8d0d80;  1 drivers
L_00000203ba8f1c18 .functor BUFT 1, C4<0000000000000000>, C4<0>, C4<0>, C4<0>;
v00000203ba86bb60_0 .net/2u *"_ivl_325", 15 0, L_00000203ba8f1c18;  1 drivers
v00000203ba86b700_0 .net *"_ivl_328", 15 0, L_00000203ba8d01a0;  1 drivers
v00000203ba86b980_0 .net *"_ivl_329", 31 0, L_00000203ba8d1d20;  1 drivers
v00000203ba86b5c0_0 .net *"_ivl_33", 15 0, L_00000203ba8ce760;  1 drivers
L_00000203ba8f1c60 .functor BUFT 1, C4<00>, C4<0>, C4<0>, C4<0>;
v00000203ba86ca60_0 .net/2u *"_ivl_333", 1 0, L_00000203ba8f1c60;  1 drivers
v00000203ba86cf60_0 .net *"_ivl_335", 0 0, L_00000203ba8d0240;  1 drivers
v00000203ba86c100_0 .net *"_ivl_337", 31 0, L_00000203ba8d0a60;  1 drivers
v00000203ba86cc40_0 .net *"_ivl_339", 31 0, L_00000203ba89bcc0;  1 drivers
L_00000203ba8f1240 .functor BUFT 1, C4<0000000000000000>, C4<0>, C4<0>, C4<0>;
v00000203ba86bc00_0 .net/2u *"_ivl_34", 15 0, L_00000203ba8f1240;  1 drivers
L_00000203ba8f1ca8 .functor BUFT 1, C4<01>, C4<0>, C4<0>, C4<0>;
v00000203ba86b7a0_0 .net/2u *"_ivl_341", 1 0, L_00000203ba8f1ca8;  1 drivers
v00000203ba86ba20_0 .net *"_ivl_343", 0 0, L_00000203ba8d0380;  1 drivers
v00000203ba86c240_0 .net *"_ivl_345", 31 0, L_00000203ba8d1dc0;  1 drivers
v00000203ba86bca0_0 .net *"_ivl_348", 0 0, L_00000203ba8d1e60;  1 drivers
v00000203ba86bf20_0 .net *"_ivl_350", 30 0, L_00000203ba8d0ec0;  1 drivers
v00000203ba86b520_0 .net *"_ivl_351", 31 0, L_00000203ba8d0e20;  1 drivers
v00000203ba86bde0_0 .net *"_ivl_353", 31 0, L_00000203ba89c2e0;  1 drivers
v00000203ba86c920_0 .net *"_ivl_355", 31 0, L_00000203ba89c350;  1 drivers
L_00000203ba8f1cf0 .functor BUFT 1, C4<10>, C4<0>, C4<0>, C4<0>;
v00000203ba86abc0_0 .net/2u *"_ivl_357", 1 0, L_00000203ba8f1cf0;  1 drivers
v00000203ba86aee0_0 .net *"_ivl_359", 0 0, L_00000203ba8d10a0;  1 drivers
v00000203ba86b840_0 .net *"_ivl_361", 31 0, L_00000203ba8d11e0;  1 drivers
v00000203ba86c1a0_0 .net *"_ivl_364", 0 0, L_00000203ba8d1280;  1 drivers
v00000203ba86b3e0_0 .net *"_ivl_365", 1 0, L_00000203ba8d0420;  1 drivers
v00000203ba86c380_0 .net *"_ivl_368", 29 0, L_00000203ba8d04c0;  1 drivers
v00000203ba86c420_0 .net *"_ivl_369", 31 0, L_00000203ba8d1320;  1 drivers
v00000203ba86b160_0 .net *"_ivl_371", 31 0, L_00000203ba89c3c0;  1 drivers
v00000203ba86cec0_0 .net *"_ivl_373", 31 0, L_00000203ba89c430;  1 drivers
L_00000203ba8f1d38 .functor BUFT 1, C4<11>, C4<0>, C4<0>, C4<0>;
v00000203ba86b480_0 .net/2u *"_ivl_375", 1 0, L_00000203ba8f1d38;  1 drivers
v00000203ba86ce20_0 .net *"_ivl_377", 0 0, L_00000203ba8d1f00;  1 drivers
v00000203ba86c4c0_0 .net *"_ivl_379", 31 0, L_00000203ba8d1460;  1 drivers
v00000203ba86c6a0_0 .net *"_ivl_382", 0 0, L_00000203ba8d1500;  1 drivers
v00000203ba86b8e0_0 .net *"_ivl_383", 2 0, L_00000203ba8d16e0;  1 drivers
v00000203ba86cce0_0 .net *"_ivl_386", 28 0, L_00000203ba8d0560;  1 drivers
v00000203ba86b660_0 .net *"_ivl_387", 31 0, L_00000203ba8cf7a0;  1 drivers
v00000203ba86d140_0 .net *"_ivl_389", 31 0, L_00000203ba89c820;  1 drivers
L_00000203ba8f1d80 .functor BUFT 1, C4<00>, C4<0>, C4<0>, C4<0>;
v00000203ba86ada0_0 .net/2u *"_ivl_393", 1 0, L_00000203ba8f1d80;  1 drivers
v00000203ba86a9e0_0 .net *"_ivl_395", 0 0, L_00000203ba8d06a0;  1 drivers
v00000203ba86bac0_0 .net *"_ivl_397", 31 0, L_00000203ba8d0740;  1 drivers
v00000203ba86bd40_0 .net *"_ivl_399", 31 0, L_00000203ba89c740;  1 drivers
v00000203ba86c560_0 .net *"_ivl_40", 31 0, L_00000203ba89ba20;  1 drivers
L_00000203ba8f1dc8 .functor BUFT 1, C4<01>, C4<0>, C4<0>, C4<0>;
v00000203ba86d000_0 .net/2u *"_ivl_401", 1 0, L_00000203ba8f1dc8;  1 drivers
v00000203ba86c600_0 .net *"_ivl_403", 0 0, L_00000203ba8d20e0;  1 drivers
v00000203ba86d0a0_0 .net *"_ivl_405", 31 0, L_00000203ba8d2220;  1 drivers
v00000203ba86c740_0 .net *"_ivl_408", 0 0, L_00000203ba8d2680;  1 drivers
v00000203ba86c7e0_0 .net *"_ivl_409", 3 0, L_00000203ba8d2360;  1 drivers
v00000203ba86af80_0 .net *"_ivl_412", 27 0, L_00000203ba8d24a0;  1 drivers
v00000203ba86c880_0 .net *"_ivl_413", 31 0, L_00000203ba8d2180;  1 drivers
v00000203ba86c9c0_0 .net *"_ivl_415", 31 0, L_00000203ba89c900;  1 drivers
v00000203ba86b020_0 .net *"_ivl_417", 31 0, L_00000203ba89c4a0;  1 drivers
L_00000203ba8f1e10 .functor BUFT 1, C4<10>, C4<0>, C4<0>, C4<0>;
v00000203ba86cb00_0 .net/2u *"_ivl_419", 1 0, L_00000203ba8f1e10;  1 drivers
v00000203ba86cd80_0 .net *"_ivl_421", 0 0, L_00000203ba8d22c0;  1 drivers
v00000203ba86aa80_0 .net *"_ivl_423", 31 0, L_00000203ba8d1fa0;  1 drivers
v00000203ba86ab20_0 .net *"_ivl_426", 0 0, L_00000203ba8d2400;  1 drivers
v00000203ba86ad00_0 .net *"_ivl_427", 7 0, L_00000203ba8d25e0;  1 drivers
v00000203ba86b0c0_0 .net *"_ivl_430", 23 0, L_00000203ba8d2540;  1 drivers
v00000203ba86b200_0 .net *"_ivl_431", 31 0, L_00000203ba8d2040;  1 drivers
v00000203ba86b2a0_0 .net *"_ivl_433", 31 0, L_00000203ba89c7b0;  1 drivers
v00000203ba86b340_0 .net *"_ivl_435", 31 0, L_00000203ba89c660;  1 drivers
L_00000203ba8f1e58 .functor BUFT 1, C4<11>, C4<0>, C4<0>, C4<0>;
v00000203ba870c40_0 .net/2u *"_ivl_437", 1 0, L_00000203ba8f1e58;  1 drivers
v00000203ba86f700_0 .net *"_ivl_439", 0 0, L_00000203ba9425e0;  1 drivers
v00000203ba86fc00_0 .net *"_ivl_441", 31 0, L_00000203ba944200;  1 drivers
v00000203ba86f520_0 .net *"_ivl_444", 0 0, L_00000203ba944660;  1 drivers
v00000203ba871780_0 .net *"_ivl_445", 11 0, L_00000203ba943c60;  1 drivers
v00000203ba871820_0 .net *"_ivl_448", 19 0, L_00000203ba9434e0;  1 drivers
v00000203ba86fac0_0 .net *"_ivl_449", 31 0, L_00000203ba944520;  1 drivers
v00000203ba871320_0 .net *"_ivl_451", 31 0, L_00000203ba89c270;  1 drivers
v00000203ba86f5c0_0 .net *"_ivl_456", 0 0, L_00000203ba943bc0;  1 drivers
v00000203ba86fca0_0 .net *"_ivl_458", 0 0, L_00000203ba943080;  1 drivers
v00000203ba86f980_0 .net *"_ivl_459", 15 0, L_00000203ba943da0;  1 drivers
v00000203ba8706a0_0 .net *"_ivl_462", 15 0, L_00000203ba9442a0;  1 drivers
v00000203ba86f8e0_0 .net *"_ivl_463", 31 0, L_00000203ba943580;  1 drivers
v00000203ba8716e0_0 .net *"_ivl_467", 0 0, L_00000203ba89c5f0;  1 drivers
L_00000203ba8f1ea0 .functor BUFT 1, C4<00000000000000000000000000000000>, C4<0>, C4<0>, C4<0>;
v00000203ba8718c0_0 .net/2u *"_ivl_469", 31 0, L_00000203ba8f1ea0;  1 drivers
v00000203ba870920_0 .net *"_ivl_471", 31 0, L_00000203ba9433a0;  1 drivers
v00000203ba86fe80_0 .net *"_ivl_473", 31 0, L_00000203ba942720;  1 drivers
v00000203ba8709c0_0 .net *"_ivl_475", 31 0, L_00000203ba943120;  1 drivers
v00000203ba8701a0_0 .net *"_ivl_477", 31 0, L_00000203ba943260;  1 drivers
v00000203ba86fb60_0 .net *"_ivl_479", 31 0, L_00000203ba943800;  1 drivers
v00000203ba86fa20_0 .net *"_ivl_481", 31 0, L_00000203ba9431c0;  1 drivers
v00000203ba86fd40_0 .net *"_ivl_483", 31 0, L_00000203ba942ea0;  1 drivers
v00000203ba86fde0_0 .net *"_ivl_485", 31 0, L_00000203ba943d00;  1 drivers
v00000203ba86ffc0_0 .net *"_ivl_487", 31 0, L_00000203ba943760;  1 drivers
v00000203ba8710a0_0 .net *"_ivl_489", 31 0, L_00000203ba9447a0;  1 drivers
L_00000203ba8f1360 .functor BUFT 1, C4<0000000000000000000000000000000>, C4<0>, C4<0>, C4<0>;
v00000203ba870100_0 .net/2u *"_ivl_50", 30 0, L_00000203ba8f1360;  1 drivers
v00000203ba86f660_0 .net *"_ivl_56", 0 0, L_00000203ba8cdcc0;  1 drivers
v00000203ba86f7a0_0 .net *"_ivl_58", 0 0, L_00000203ba8cd2c0;  1 drivers
v00000203ba86f840_0 .net *"_ivl_59", 0 0, L_00000203ba89aa60;  1 drivers
v00000203ba871640_0 .net *"_ivl_61", 0 0, L_00000203ba89a9f0;  1 drivers
v00000203ba86ff20_0 .net *"_ivl_64", 0 0, L_00000203ba8cdc20;  1 drivers
v00000203ba870e20_0 .net *"_ivl_66", 0 0, L_00000203ba8cdd60;  1 drivers
v00000203ba871000_0 .net *"_ivl_67", 0 0, L_00000203ba89afa0;  1 drivers
v00000203ba8707e0_0 .net *"_ivl_69", 0 0, L_00000203ba89aec0;  1 drivers
v00000203ba870060_0 .net *"_ivl_72", 0 0, L_00000203ba8cd5e0;  1 drivers
v00000203ba870240_0 .net *"_ivl_73", 0 0, L_00000203ba89b470;  1 drivers
v00000203ba8702e0_0 .net *"_ivl_75", 0 0, L_00000203ba89ade0;  1 drivers
L_00000203ba8f13a8 .functor BUFT 1, C4<0000000000000000000000000000000>, C4<0>, C4<0>, C4<0>;
v00000203ba870380_0 .net/2u *"_ivl_77", 30 0, L_00000203ba8f13a8;  1 drivers
v00000203ba8715a0_0 .net *"_ivl_79", 0 0, L_00000203ba89aad0;  1 drivers
L_00000203ba8f13f0 .functor BUFT 1, C4<00>, C4<0>, C4<0>, C4<0>;
v00000203ba870ce0_0 .net/2u *"_ivl_89", 1 0, L_00000203ba8f13f0;  1 drivers
v00000203ba870740_0 .net *"_ivl_91", 0 0, L_00000203ba8cd860;  1 drivers
v00000203ba870d80_0 .net *"_ivl_93", 31 0, L_00000203ba8ce300;  1 drivers
v00000203ba870a60_0 .net *"_ivl_95", 31 0, L_00000203ba89c120;  1 drivers
L_00000203ba8f1438 .functor BUFT 1, C4<01>, C4<0>, C4<0>, C4<0>;
v00000203ba871140_0 .net/2u *"_ivl_97", 1 0, L_00000203ba8f1438;  1 drivers
v00000203ba870420_0 .net *"_ivl_99", 0 0, L_00000203ba8cf660;  1 drivers
v00000203ba8704c0_0 .net "add_sub_result", 31 0, L_00000203ba89b2b0;  1 drivers
v00000203ba871500_0 .net "adder_cin", 0 0, L_00000203ba89a7c0;  1 drivers
v00000203ba8711e0_0 .net "adder_cout", 0 0, L_00000203ba8cd220;  1 drivers
v00000203ba870b00_0 .net "adder_operand1", 31 0, L_00000203ba89b780;  1 drivers
v00000203ba870560_0 .net "adder_operand2", 31 0, L_00000203ba8ced00;  1 drivers
v00000203ba870600_0 .net "adder_result", 31 0, L_00000203ba8cd180;  1 drivers
v00000203ba870880_0 .net "alu_add", 0 0, L_00000203ba8ce120;  1 drivers
v00000203ba870ba0_0 .net "alu_and", 0 0, L_00000203ba8ce1c0;  1 drivers
v00000203ba86f3e0_0 .net "alu_control", 11 0, L_00000203ba8cdea0;  alias, 1 drivers
v00000203ba870ec0_0 .net "alu_lui", 0 0, L_00000203ba8cdf40;  1 drivers
v00000203ba870f60_0 .net "alu_nor", 0 0, L_00000203ba8cd4a0;  1 drivers
v00000203ba871280_0 .net "alu_or", 0 0, L_00000203ba8ce6c0;  1 drivers
v00000203ba8713c0_0 .net "alu_result", 31 0, L_00000203ba944840;  alias, 1 drivers
v00000203ba871960_0 .net "alu_sll", 0 0, L_00000203ba8cd040;  1 drivers
v00000203ba871460_0 .net "alu_slt", 0 0, L_00000203ba8cdb80;  1 drivers
v00000203ba86f200_0 .net "alu_sltu", 0 0, L_00000203ba8cf020;  1 drivers
v00000203ba86f2a0_0 .net "alu_sra", 0 0, L_00000203ba8cd680;  1 drivers
v00000203ba86f340_0 .net "alu_src1", 31 0, L_00000203ba8cf0c0;  alias, 1 drivers
v00000203ba86f480_0 .net "alu_src2", 31 0, L_00000203ba8ce620;  alias, 1 drivers
v00000203ba872860_0 .net "alu_srl", 0 0, L_00000203ba8ce940;  1 drivers
v00000203ba871d20_0 .net "alu_sub", 0 0, L_00000203ba8cd360;  1 drivers
v00000203ba871e60_0 .net "alu_xor", 0 0, L_00000203ba8cda40;  1 drivers
v00000203ba872900_0 .net "and_result", 31 0, L_00000203ba89b7f0;  1 drivers
v00000203ba872180_0 .net "lui_result", 31 0, L_00000203ba8cea80;  1 drivers
v00000203ba872f40_0 .net "nor_result", 31 0, L_00000203ba89a980;  1 drivers
v00000203ba872cc0_0 .net "or_result", 31 0, L_00000203ba89a6e0;  1 drivers
v00000203ba871f00_0 .net "shf", 4 0, L_00000203ba8cd7c0;  1 drivers
v00000203ba872b80_0 .net "shf_1_0", 1 0, L_00000203ba8ceee0;  1 drivers
v00000203ba8727c0_0 .net "shf_3_2", 1 0, L_00000203ba8ceda0;  1 drivers
v00000203ba872040_0 .net "sll_result", 31 0, L_00000203ba8d15a0;  1 drivers
v00000203ba872fe0_0 .net "sll_step1", 31 0, L_00000203ba89abb0;  1 drivers
v00000203ba872c20_0 .net "sll_step2", 31 0, L_00000203ba89b550;  1 drivers
v00000203ba871fa0_0 .net "slt_result", 31 0, L_00000203ba8ce260;  1 drivers
v00000203ba872540_0 .net "sltu_result", 31 0, L_00000203ba8ce3a0;  1 drivers
v00000203ba872680_0 .net "sra_result", 31 0, L_00000203ba9422c0;  1 drivers
v00000203ba8720e0_0 .net "sra_step1", 31 0, L_00000203ba89c890;  1 drivers
v00000203ba871dc0_0 .net "sra_step2", 31 0, L_00000203ba89c510;  1 drivers
v00000203ba872360_0 .net "srl_result", 31 0, L_00000203ba8cfca0;  1 drivers
v00000203ba8729a0_0 .net "srl_step1", 31 0, L_00000203ba89bfd0;  1 drivers
v00000203ba872d60_0 .net "srl_step2", 31 0, L_00000203ba89bb70;  1 drivers
v00000203ba872ea0_0 .net "xor_result", 31 0, L_00000203ba89c0b0;  1 drivers
L_00000203ba8ce120 .part L_00000203ba8cdea0, 11, 1;
L_00000203ba8cd360 .part L_00000203ba8cdea0, 10, 1;
L_00000203ba8cdb80 .part L_00000203ba8cdea0, 9, 1;
L_00000203ba8cf020 .part L_00000203ba8cdea0, 8, 1;
L_00000203ba8ce1c0 .part L_00000203ba8cdea0, 7, 1;
L_00000203ba8cd4a0 .part L_00000203ba8cdea0, 6, 1;
L_00000203ba8ce6c0 .part L_00000203ba8cdea0, 5, 1;
L_00000203ba8cda40 .part L_00000203ba8cdea0, 4, 1;
L_00000203ba8cd040 .part L_00000203ba8cdea0, 3, 1;
L_00000203ba8ce940 .part L_00000203ba8cdea0, 2, 1;
L_00000203ba8cd680 .part L_00000203ba8cdea0, 1, 1;
L_00000203ba8cdf40 .part L_00000203ba8cdea0, 0, 1;
L_00000203ba8ce760 .part L_00000203ba8ce620, 0, 16;
L_00000203ba8cea80 .concat [ 16 16 0 0], L_00000203ba8f1240, L_00000203ba8ce760;
L_00000203ba8ced00 .functor MUXZ 32, L_00000203ba89ba20, L_00000203ba8ce620, L_00000203ba8ce120, C4<>;
L_00000203ba8ce260 .concat8 [ 1 31 0 0], L_00000203ba89ade0, L_00000203ba8f1360;
L_00000203ba8cdcc0 .part L_00000203ba8cf0c0, 31, 1;
L_00000203ba8cd2c0 .part L_00000203ba8ce620, 31, 1;
L_00000203ba8cdc20 .part L_00000203ba8cf0c0, 31, 1;
L_00000203ba8cdd60 .part L_00000203ba8ce620, 31, 1;
L_00000203ba8cd5e0 .part L_00000203ba8cd180, 31, 1;
L_00000203ba8ce3a0 .concat [ 1 31 0 0], L_00000203ba89aad0, L_00000203ba8f13a8;
L_00000203ba8cd7c0 .part L_00000203ba8cf0c0, 0, 5;
L_00000203ba8ceee0 .part L_00000203ba8cd7c0, 0, 2;
L_00000203ba8ceda0 .part L_00000203ba8cd7c0, 2, 2;
L_00000203ba8cd860 .cmp/eq 2, L_00000203ba8ceee0, L_00000203ba8f13f0;
LS_00000203ba8ce300_0_0 .concat [ 1 1 1 1], L_00000203ba8cd860, L_00000203ba8cd860, L_00000203ba8cd860, L_00000203ba8cd860;
LS_00000203ba8ce300_0_4 .concat [ 1 1 1 1], L_00000203ba8cd860, L_00000203ba8cd860, L_00000203ba8cd860, L_00000203ba8cd860;
LS_00000203ba8ce300_0_8 .concat [ 1 1 1 1], L_00000203ba8cd860, L_00000203ba8cd860, L_00000203ba8cd860, L_00000203ba8cd860;
LS_00000203ba8ce300_0_12 .concat [ 1 1 1 1], L_00000203ba8cd860, L_00000203ba8cd860, L_00000203ba8cd860, L_00000203ba8cd860;
LS_00000203ba8ce300_0_16 .concat [ 1 1 1 1], L_00000203ba8cd860, L_00000203ba8cd860, L_00000203ba8cd860, L_00000203ba8cd860;
LS_00000203ba8ce300_0_20 .concat [ 1 1 1 1], L_00000203ba8cd860, L_00000203ba8cd860, L_00000203ba8cd860, L_00000203ba8cd860;
LS_00000203ba8ce300_0_24 .concat [ 1 1 1 1], L_00000203ba8cd860, L_00000203ba8cd860, L_00000203ba8cd860, L_00000203ba8cd860;
LS_00000203ba8ce300_0_28 .concat [ 1 1 1 1], L_00000203ba8cd860, L_00000203ba8cd860, L_00000203ba8cd860, L_00000203ba8cd860;
LS_00000203ba8ce300_1_0 .concat [ 4 4 4 4], LS_00000203ba8ce300_0_0, LS_00000203ba8ce300_0_4, LS_00000203ba8ce300_0_8, LS_00000203ba8ce300_0_12;
LS_00000203ba8ce300_1_4 .concat [ 4 4 4 4], LS_00000203ba8ce300_0_16, LS_00000203ba8ce300_0_20, LS_00000203ba8ce300_0_24, LS_00000203ba8ce300_0_28;
L_00000203ba8ce300 .concat [ 16 16 0 0], LS_00000203ba8ce300_1_0, LS_00000203ba8ce300_1_4;
L_00000203ba8cf660 .cmp/eq 2, L_00000203ba8ceee0, L_00000203ba8f1438;
LS_00000203ba8cdfe0_0_0 .concat [ 1 1 1 1], L_00000203ba8cf660, L_00000203ba8cf660, L_00000203ba8cf660, L_00000203ba8cf660;
LS_00000203ba8cdfe0_0_4 .concat [ 1 1 1 1], L_00000203ba8cf660, L_00000203ba8cf660, L_00000203ba8cf660, L_00000203ba8cf660;
LS_00000203ba8cdfe0_0_8 .concat [ 1 1 1 1], L_00000203ba8cf660, L_00000203ba8cf660, L_00000203ba8cf660, L_00000203ba8cf660;
LS_00000203ba8cdfe0_0_12 .concat [ 1 1 1 1], L_00000203ba8cf660, L_00000203ba8cf660, L_00000203ba8cf660, L_00000203ba8cf660;
LS_00000203ba8cdfe0_0_16 .concat [ 1 1 1 1], L_00000203ba8cf660, L_00000203ba8cf660, L_00000203ba8cf660, L_00000203ba8cf660;
LS_00000203ba8cdfe0_0_20 .concat [ 1 1 1 1], L_00000203ba8cf660, L_00000203ba8cf660, L_00000203ba8cf660, L_00000203ba8cf660;
LS_00000203ba8cdfe0_0_24 .concat [ 1 1 1 1], L_00000203ba8cf660, L_00000203ba8cf660, L_00000203ba8cf660, L_00000203ba8cf660;
LS_00000203ba8cdfe0_0_28 .concat [ 1 1 1 1], L_00000203ba8cf660, L_00000203ba8cf660, L_00000203ba8cf660, L_00000203ba8cf660;
LS_00000203ba8cdfe0_1_0 .concat [ 4 4 4 4], LS_00000203ba8cdfe0_0_0, LS_00000203ba8cdfe0_0_4, LS_00000203ba8cdfe0_0_8, LS_00000203ba8cdfe0_0_12;
LS_00000203ba8cdfe0_1_4 .concat [ 4 4 4 4], LS_00000203ba8cdfe0_0_16, LS_00000203ba8cdfe0_0_20, LS_00000203ba8cdfe0_0_24, LS_00000203ba8cdfe0_0_28;
L_00000203ba8cdfe0 .concat [ 16 16 0 0], LS_00000203ba8cdfe0_1_0, LS_00000203ba8cdfe0_1_4;
L_00000203ba8ce440 .part L_00000203ba8ce620, 0, 31;
L_00000203ba8ce080 .concat [ 1 31 0 0], L_00000203ba8f1480, L_00000203ba8ce440;
L_00000203ba8ce800 .cmp/eq 2, L_00000203ba8ceee0, L_00000203ba8f14c8;
LS_00000203ba8cf200_0_0 .concat [ 1 1 1 1], L_00000203ba8ce800, L_00000203ba8ce800, L_00000203ba8ce800, L_00000203ba8ce800;
LS_00000203ba8cf200_0_4 .concat [ 1 1 1 1], L_00000203ba8ce800, L_00000203ba8ce800, L_00000203ba8ce800, L_00000203ba8ce800;
LS_00000203ba8cf200_0_8 .concat [ 1 1 1 1], L_00000203ba8ce800, L_00000203ba8ce800, L_00000203ba8ce800, L_00000203ba8ce800;
LS_00000203ba8cf200_0_12 .concat [ 1 1 1 1], L_00000203ba8ce800, L_00000203ba8ce800, L_00000203ba8ce800, L_00000203ba8ce800;
LS_00000203ba8cf200_0_16 .concat [ 1 1 1 1], L_00000203ba8ce800, L_00000203ba8ce800, L_00000203ba8ce800, L_00000203ba8ce800;
LS_00000203ba8cf200_0_20 .concat [ 1 1 1 1], L_00000203ba8ce800, L_00000203ba8ce800, L_00000203ba8ce800, L_00000203ba8ce800;
LS_00000203ba8cf200_0_24 .concat [ 1 1 1 1], L_00000203ba8ce800, L_00000203ba8ce800, L_00000203ba8ce800, L_00000203ba8ce800;
LS_00000203ba8cf200_0_28 .concat [ 1 1 1 1], L_00000203ba8ce800, L_00000203ba8ce800, L_00000203ba8ce800, L_00000203ba8ce800;
LS_00000203ba8cf200_1_0 .concat [ 4 4 4 4], LS_00000203ba8cf200_0_0, LS_00000203ba8cf200_0_4, LS_00000203ba8cf200_0_8, LS_00000203ba8cf200_0_12;
LS_00000203ba8cf200_1_4 .concat [ 4 4 4 4], LS_00000203ba8cf200_0_16, LS_00000203ba8cf200_0_20, LS_00000203ba8cf200_0_24, LS_00000203ba8cf200_0_28;
L_00000203ba8cf200 .concat [ 16 16 0 0], LS_00000203ba8cf200_1_0, LS_00000203ba8cf200_1_4;
L_00000203ba8ce4e0 .part L_00000203ba8ce620, 0, 30;
L_00000203ba8cf2a0 .concat [ 2 30 0 0], L_00000203ba8f1510, L_00000203ba8ce4e0;
L_00000203ba8ce580 .cmp/eq 2, L_00000203ba8ceee0, L_00000203ba8f1558;
LS_00000203ba8ce8a0_0_0 .concat [ 1 1 1 1], L_00000203ba8ce580, L_00000203ba8ce580, L_00000203ba8ce580, L_00000203ba8ce580;
LS_00000203ba8ce8a0_0_4 .concat [ 1 1 1 1], L_00000203ba8ce580, L_00000203ba8ce580, L_00000203ba8ce580, L_00000203ba8ce580;
LS_00000203ba8ce8a0_0_8 .concat [ 1 1 1 1], L_00000203ba8ce580, L_00000203ba8ce580, L_00000203ba8ce580, L_00000203ba8ce580;
LS_00000203ba8ce8a0_0_12 .concat [ 1 1 1 1], L_00000203ba8ce580, L_00000203ba8ce580, L_00000203ba8ce580, L_00000203ba8ce580;
LS_00000203ba8ce8a0_0_16 .concat [ 1 1 1 1], L_00000203ba8ce580, L_00000203ba8ce580, L_00000203ba8ce580, L_00000203ba8ce580;
LS_00000203ba8ce8a0_0_20 .concat [ 1 1 1 1], L_00000203ba8ce580, L_00000203ba8ce580, L_00000203ba8ce580, L_00000203ba8ce580;
LS_00000203ba8ce8a0_0_24 .concat [ 1 1 1 1], L_00000203ba8ce580, L_00000203ba8ce580, L_00000203ba8ce580, L_00000203ba8ce580;
LS_00000203ba8ce8a0_0_28 .concat [ 1 1 1 1], L_00000203ba8ce580, L_00000203ba8ce580, L_00000203ba8ce580, L_00000203ba8ce580;
LS_00000203ba8ce8a0_1_0 .concat [ 4 4 4 4], LS_00000203ba8ce8a0_0_0, LS_00000203ba8ce8a0_0_4, LS_00000203ba8ce8a0_0_8, LS_00000203ba8ce8a0_0_12;
LS_00000203ba8ce8a0_1_4 .concat [ 4 4 4 4], LS_00000203ba8ce8a0_0_16, LS_00000203ba8ce8a0_0_20, LS_00000203ba8ce8a0_0_24, LS_00000203ba8ce8a0_0_28;
L_00000203ba8ce8a0 .concat [ 16 16 0 0], LS_00000203ba8ce8a0_1_0, LS_00000203ba8ce8a0_1_4;
L_00000203ba8ce9e0 .part L_00000203ba8ce620, 0, 29;
L_00000203ba8ceb20 .concat [ 3 29 0 0], L_00000203ba8f15a0, L_00000203ba8ce9e0;
L_00000203ba8cebc0 .cmp/eq 2, L_00000203ba8ceda0, L_00000203ba8f15e8;
LS_00000203ba8cf3e0_0_0 .concat [ 1 1 1 1], L_00000203ba8cebc0, L_00000203ba8cebc0, L_00000203ba8cebc0, L_00000203ba8cebc0;
LS_00000203ba8cf3e0_0_4 .concat [ 1 1 1 1], L_00000203ba8cebc0, L_00000203ba8cebc0, L_00000203ba8cebc0, L_00000203ba8cebc0;
LS_00000203ba8cf3e0_0_8 .concat [ 1 1 1 1], L_00000203ba8cebc0, L_00000203ba8cebc0, L_00000203ba8cebc0, L_00000203ba8cebc0;
LS_00000203ba8cf3e0_0_12 .concat [ 1 1 1 1], L_00000203ba8cebc0, L_00000203ba8cebc0, L_00000203ba8cebc0, L_00000203ba8cebc0;
LS_00000203ba8cf3e0_0_16 .concat [ 1 1 1 1], L_00000203ba8cebc0, L_00000203ba8cebc0, L_00000203ba8cebc0, L_00000203ba8cebc0;
LS_00000203ba8cf3e0_0_20 .concat [ 1 1 1 1], L_00000203ba8cebc0, L_00000203ba8cebc0, L_00000203ba8cebc0, L_00000203ba8cebc0;
LS_00000203ba8cf3e0_0_24 .concat [ 1 1 1 1], L_00000203ba8cebc0, L_00000203ba8cebc0, L_00000203ba8cebc0, L_00000203ba8cebc0;
LS_00000203ba8cf3e0_0_28 .concat [ 1 1 1 1], L_00000203ba8cebc0, L_00000203ba8cebc0, L_00000203ba8cebc0, L_00000203ba8cebc0;
LS_00000203ba8cf3e0_1_0 .concat [ 4 4 4 4], LS_00000203ba8cf3e0_0_0, LS_00000203ba8cf3e0_0_4, LS_00000203ba8cf3e0_0_8, LS_00000203ba8cf3e0_0_12;
LS_00000203ba8cf3e0_1_4 .concat [ 4 4 4 4], LS_00000203ba8cf3e0_0_16, LS_00000203ba8cf3e0_0_20, LS_00000203ba8cf3e0_0_24, LS_00000203ba8cf3e0_0_28;
L_00000203ba8cf3e0 .concat [ 16 16 0 0], LS_00000203ba8cf3e0_1_0, LS_00000203ba8cf3e0_1_4;
L_00000203ba8cec60 .cmp/eq 2, L_00000203ba8ceda0, L_00000203ba8f1630;
LS_00000203ba8cf480_0_0 .concat [ 1 1 1 1], L_00000203ba8cec60, L_00000203ba8cec60, L_00000203ba8cec60, L_00000203ba8cec60;
LS_00000203ba8cf480_0_4 .concat [ 1 1 1 1], L_00000203ba8cec60, L_00000203ba8cec60, L_00000203ba8cec60, L_00000203ba8cec60;
LS_00000203ba8cf480_0_8 .concat [ 1 1 1 1], L_00000203ba8cec60, L_00000203ba8cec60, L_00000203ba8cec60, L_00000203ba8cec60;
LS_00000203ba8cf480_0_12 .concat [ 1 1 1 1], L_00000203ba8cec60, L_00000203ba8cec60, L_00000203ba8cec60, L_00000203ba8cec60;
LS_00000203ba8cf480_0_16 .concat [ 1 1 1 1], L_00000203ba8cec60, L_00000203ba8cec60, L_00000203ba8cec60, L_00000203ba8cec60;
LS_00000203ba8cf480_0_20 .concat [ 1 1 1 1], L_00000203ba8cec60, L_00000203ba8cec60, L_00000203ba8cec60, L_00000203ba8cec60;
LS_00000203ba8cf480_0_24 .concat [ 1 1 1 1], L_00000203ba8cec60, L_00000203ba8cec60, L_00000203ba8cec60, L_00000203ba8cec60;
LS_00000203ba8cf480_0_28 .concat [ 1 1 1 1], L_00000203ba8cec60, L_00000203ba8cec60, L_00000203ba8cec60, L_00000203ba8cec60;
LS_00000203ba8cf480_1_0 .concat [ 4 4 4 4], LS_00000203ba8cf480_0_0, LS_00000203ba8cf480_0_4, LS_00000203ba8cf480_0_8, LS_00000203ba8cf480_0_12;
LS_00000203ba8cf480_1_4 .concat [ 4 4 4 4], LS_00000203ba8cf480_0_16, LS_00000203ba8cf480_0_20, LS_00000203ba8cf480_0_24, LS_00000203ba8cf480_0_28;
L_00000203ba8cf480 .concat [ 16 16 0 0], LS_00000203ba8cf480_1_0, LS_00000203ba8cf480_1_4;
L_00000203ba8cf520 .part L_00000203ba89abb0, 0, 28;
L_00000203ba8cf700 .concat [ 4 28 0 0], L_00000203ba8f1678, L_00000203ba8cf520;
L_00000203ba8ccfa0 .cmp/eq 2, L_00000203ba8ceda0, L_00000203ba8f16c0;
LS_00000203ba8d0b00_0_0 .concat [ 1 1 1 1], L_00000203ba8ccfa0, L_00000203ba8ccfa0, L_00000203ba8ccfa0, L_00000203ba8ccfa0;
LS_00000203ba8d0b00_0_4 .concat [ 1 1 1 1], L_00000203ba8ccfa0, L_00000203ba8ccfa0, L_00000203ba8ccfa0, L_00000203ba8ccfa0;
LS_00000203ba8d0b00_0_8 .concat [ 1 1 1 1], L_00000203ba8ccfa0, L_00000203ba8ccfa0, L_00000203ba8ccfa0, L_00000203ba8ccfa0;
LS_00000203ba8d0b00_0_12 .concat [ 1 1 1 1], L_00000203ba8ccfa0, L_00000203ba8ccfa0, L_00000203ba8ccfa0, L_00000203ba8ccfa0;
LS_00000203ba8d0b00_0_16 .concat [ 1 1 1 1], L_00000203ba8ccfa0, L_00000203ba8ccfa0, L_00000203ba8ccfa0, L_00000203ba8ccfa0;
LS_00000203ba8d0b00_0_20 .concat [ 1 1 1 1], L_00000203ba8ccfa0, L_00000203ba8ccfa0, L_00000203ba8ccfa0, L_00000203ba8ccfa0;
LS_00000203ba8d0b00_0_24 .concat [ 1 1 1 1], L_00000203ba8ccfa0, L_00000203ba8ccfa0, L_00000203ba8ccfa0, L_00000203ba8ccfa0;
LS_00000203ba8d0b00_0_28 .concat [ 1 1 1 1], L_00000203ba8ccfa0, L_00000203ba8ccfa0, L_00000203ba8ccfa0, L_00000203ba8ccfa0;
LS_00000203ba8d0b00_1_0 .concat [ 4 4 4 4], LS_00000203ba8d0b00_0_0, LS_00000203ba8d0b00_0_4, LS_00000203ba8d0b00_0_8, LS_00000203ba8d0b00_0_12;
LS_00000203ba8d0b00_1_4 .concat [ 4 4 4 4], LS_00000203ba8d0b00_0_16, LS_00000203ba8d0b00_0_20, LS_00000203ba8d0b00_0_24, LS_00000203ba8d0b00_0_28;
L_00000203ba8d0b00 .concat [ 16 16 0 0], LS_00000203ba8d0b00_1_0, LS_00000203ba8d0b00_1_4;
L_00000203ba8cfd40 .part L_00000203ba89abb0, 0, 24;
L_00000203ba8d0100 .concat [ 8 24 0 0], L_00000203ba8f1708, L_00000203ba8cfd40;
L_00000203ba8d1000 .cmp/eq 2, L_00000203ba8ceda0, L_00000203ba8f1750;
LS_00000203ba8cfb60_0_0 .concat [ 1 1 1 1], L_00000203ba8d1000, L_00000203ba8d1000, L_00000203ba8d1000, L_00000203ba8d1000;
LS_00000203ba8cfb60_0_4 .concat [ 1 1 1 1], L_00000203ba8d1000, L_00000203ba8d1000, L_00000203ba8d1000, L_00000203ba8d1000;
LS_00000203ba8cfb60_0_8 .concat [ 1 1 1 1], L_00000203ba8d1000, L_00000203ba8d1000, L_00000203ba8d1000, L_00000203ba8d1000;
LS_00000203ba8cfb60_0_12 .concat [ 1 1 1 1], L_00000203ba8d1000, L_00000203ba8d1000, L_00000203ba8d1000, L_00000203ba8d1000;
LS_00000203ba8cfb60_0_16 .concat [ 1 1 1 1], L_00000203ba8d1000, L_00000203ba8d1000, L_00000203ba8d1000, L_00000203ba8d1000;
LS_00000203ba8cfb60_0_20 .concat [ 1 1 1 1], L_00000203ba8d1000, L_00000203ba8d1000, L_00000203ba8d1000, L_00000203ba8d1000;
LS_00000203ba8cfb60_0_24 .concat [ 1 1 1 1], L_00000203ba8d1000, L_00000203ba8d1000, L_00000203ba8d1000, L_00000203ba8d1000;
LS_00000203ba8cfb60_0_28 .concat [ 1 1 1 1], L_00000203ba8d1000, L_00000203ba8d1000, L_00000203ba8d1000, L_00000203ba8d1000;
LS_00000203ba8cfb60_1_0 .concat [ 4 4 4 4], LS_00000203ba8cfb60_0_0, LS_00000203ba8cfb60_0_4, LS_00000203ba8cfb60_0_8, LS_00000203ba8cfb60_0_12;
LS_00000203ba8cfb60_1_4 .concat [ 4 4 4 4], LS_00000203ba8cfb60_0_16, LS_00000203ba8cfb60_0_20, LS_00000203ba8cfb60_0_24, LS_00000203ba8cfb60_0_28;
L_00000203ba8cfb60 .concat [ 16 16 0 0], LS_00000203ba8cfb60_1_0, LS_00000203ba8cfb60_1_4;
L_00000203ba8d02e0 .part L_00000203ba89abb0, 0, 20;
L_00000203ba8d0ba0 .concat [ 12 20 0 0], L_00000203ba8f1798, L_00000203ba8d02e0;
L_00000203ba8d1820 .part L_00000203ba8cd7c0, 4, 1;
L_00000203ba8d07e0 .part L_00000203ba89b550, 0, 16;
L_00000203ba8cf8e0 .concat [ 16 16 0 0], L_00000203ba8f17e0, L_00000203ba8d07e0;
L_00000203ba8d15a0 .functor MUXZ 32, L_00000203ba89b550, L_00000203ba8cf8e0, L_00000203ba8d1820, C4<>;
L_00000203ba8d1aa0 .cmp/eq 2, L_00000203ba8ceee0, L_00000203ba8f1828;
LS_00000203ba8d1780_0_0 .concat [ 1 1 1 1], L_00000203ba8d1aa0, L_00000203ba8d1aa0, L_00000203ba8d1aa0, L_00000203ba8d1aa0;
LS_00000203ba8d1780_0_4 .concat [ 1 1 1 1], L_00000203ba8d1aa0, L_00000203ba8d1aa0, L_00000203ba8d1aa0, L_00000203ba8d1aa0;
LS_00000203ba8d1780_0_8 .concat [ 1 1 1 1], L_00000203ba8d1aa0, L_00000203ba8d1aa0, L_00000203ba8d1aa0, L_00000203ba8d1aa0;
LS_00000203ba8d1780_0_12 .concat [ 1 1 1 1], L_00000203ba8d1aa0, L_00000203ba8d1aa0, L_00000203ba8d1aa0, L_00000203ba8d1aa0;
LS_00000203ba8d1780_0_16 .concat [ 1 1 1 1], L_00000203ba8d1aa0, L_00000203ba8d1aa0, L_00000203ba8d1aa0, L_00000203ba8d1aa0;
LS_00000203ba8d1780_0_20 .concat [ 1 1 1 1], L_00000203ba8d1aa0, L_00000203ba8d1aa0, L_00000203ba8d1aa0, L_00000203ba8d1aa0;
LS_00000203ba8d1780_0_24 .concat [ 1 1 1 1], L_00000203ba8d1aa0, L_00000203ba8d1aa0, L_00000203ba8d1aa0, L_00000203ba8d1aa0;
LS_00000203ba8d1780_0_28 .concat [ 1 1 1 1], L_00000203ba8d1aa0, L_00000203ba8d1aa0, L_00000203ba8d1aa0, L_00000203ba8d1aa0;
LS_00000203ba8d1780_1_0 .concat [ 4 4 4 4], LS_00000203ba8d1780_0_0, LS_00000203ba8d1780_0_4, LS_00000203ba8d1780_0_8, LS_00000203ba8d1780_0_12;
LS_00000203ba8d1780_1_4 .concat [ 4 4 4 4], LS_00000203ba8d1780_0_16, LS_00000203ba8d1780_0_20, LS_00000203ba8d1780_0_24, LS_00000203ba8d1780_0_28;
L_00000203ba8d1780 .concat [ 16 16 0 0], LS_00000203ba8d1780_1_0, LS_00000203ba8d1780_1_4;
L_00000203ba8cff20 .cmp/eq 2, L_00000203ba8ceee0, L_00000203ba8f1870;
LS_00000203ba8cf980_0_0 .concat [ 1 1 1 1], L_00000203ba8cff20, L_00000203ba8cff20, L_00000203ba8cff20, L_00000203ba8cff20;
LS_00000203ba8cf980_0_4 .concat [ 1 1 1 1], L_00000203ba8cff20, L_00000203ba8cff20, L_00000203ba8cff20, L_00000203ba8cff20;
LS_00000203ba8cf980_0_8 .concat [ 1 1 1 1], L_00000203ba8cff20, L_00000203ba8cff20, L_00000203ba8cff20, L_00000203ba8cff20;
LS_00000203ba8cf980_0_12 .concat [ 1 1 1 1], L_00000203ba8cff20, L_00000203ba8cff20, L_00000203ba8cff20, L_00000203ba8cff20;
LS_00000203ba8cf980_0_16 .concat [ 1 1 1 1], L_00000203ba8cff20, L_00000203ba8cff20, L_00000203ba8cff20, L_00000203ba8cff20;
LS_00000203ba8cf980_0_20 .concat [ 1 1 1 1], L_00000203ba8cff20, L_00000203ba8cff20, L_00000203ba8cff20, L_00000203ba8cff20;
LS_00000203ba8cf980_0_24 .concat [ 1 1 1 1], L_00000203ba8cff20, L_00000203ba8cff20, L_00000203ba8cff20, L_00000203ba8cff20;
LS_00000203ba8cf980_0_28 .concat [ 1 1 1 1], L_00000203ba8cff20, L_00000203ba8cff20, L_00000203ba8cff20, L_00000203ba8cff20;
LS_00000203ba8cf980_1_0 .concat [ 4 4 4 4], LS_00000203ba8cf980_0_0, LS_00000203ba8cf980_0_4, LS_00000203ba8cf980_0_8, LS_00000203ba8cf980_0_12;
LS_00000203ba8cf980_1_4 .concat [ 4 4 4 4], LS_00000203ba8cf980_0_16, LS_00000203ba8cf980_0_20, LS_00000203ba8cf980_0_24, LS_00000203ba8cf980_0_28;
L_00000203ba8cf980 .concat [ 16 16 0 0], LS_00000203ba8cf980_1_0, LS_00000203ba8cf980_1_4;
L_00000203ba8d0f60 .part L_00000203ba8ce620, 1, 31;
L_00000203ba8cfde0 .concat [ 31 1 0 0], L_00000203ba8d0f60, L_00000203ba8f18b8;
L_00000203ba8d1140 .cmp/eq 2, L_00000203ba8ceee0, L_00000203ba8f1900;
LS_00000203ba8d1a00_0_0 .concat [ 1 1 1 1], L_00000203ba8d1140, L_00000203ba8d1140, L_00000203ba8d1140, L_00000203ba8d1140;
LS_00000203ba8d1a00_0_4 .concat [ 1 1 1 1], L_00000203ba8d1140, L_00000203ba8d1140, L_00000203ba8d1140, L_00000203ba8d1140;
LS_00000203ba8d1a00_0_8 .concat [ 1 1 1 1], L_00000203ba8d1140, L_00000203ba8d1140, L_00000203ba8d1140, L_00000203ba8d1140;
LS_00000203ba8d1a00_0_12 .concat [ 1 1 1 1], L_00000203ba8d1140, L_00000203ba8d1140, L_00000203ba8d1140, L_00000203ba8d1140;
LS_00000203ba8d1a00_0_16 .concat [ 1 1 1 1], L_00000203ba8d1140, L_00000203ba8d1140, L_00000203ba8d1140, L_00000203ba8d1140;
LS_00000203ba8d1a00_0_20 .concat [ 1 1 1 1], L_00000203ba8d1140, L_00000203ba8d1140, L_00000203ba8d1140, L_00000203ba8d1140;
LS_00000203ba8d1a00_0_24 .concat [ 1 1 1 1], L_00000203ba8d1140, L_00000203ba8d1140, L_00000203ba8d1140, L_00000203ba8d1140;
LS_00000203ba8d1a00_0_28 .concat [ 1 1 1 1], L_00000203ba8d1140, L_00000203ba8d1140, L_00000203ba8d1140, L_00000203ba8d1140;
LS_00000203ba8d1a00_1_0 .concat [ 4 4 4 4], LS_00000203ba8d1a00_0_0, LS_00000203ba8d1a00_0_4, LS_00000203ba8d1a00_0_8, LS_00000203ba8d1a00_0_12;
LS_00000203ba8d1a00_1_4 .concat [ 4 4 4 4], LS_00000203ba8d1a00_0_16, LS_00000203ba8d1a00_0_20, LS_00000203ba8d1a00_0_24, LS_00000203ba8d1a00_0_28;
L_00000203ba8d1a00 .concat [ 16 16 0 0], LS_00000203ba8d1a00_1_0, LS_00000203ba8d1a00_1_4;
L_00000203ba8d18c0 .part L_00000203ba8ce620, 2, 30;
L_00000203ba8d1b40 .concat [ 30 2 0 0], L_00000203ba8d18c0, L_00000203ba8f1948;
L_00000203ba8d0600 .cmp/eq 2, L_00000203ba8ceee0, L_00000203ba8f1990;
LS_00000203ba8d09c0_0_0 .concat [ 1 1 1 1], L_00000203ba8d0600, L_00000203ba8d0600, L_00000203ba8d0600, L_00000203ba8d0600;
LS_00000203ba8d09c0_0_4 .concat [ 1 1 1 1], L_00000203ba8d0600, L_00000203ba8d0600, L_00000203ba8d0600, L_00000203ba8d0600;
LS_00000203ba8d09c0_0_8 .concat [ 1 1 1 1], L_00000203ba8d0600, L_00000203ba8d0600, L_00000203ba8d0600, L_00000203ba8d0600;
LS_00000203ba8d09c0_0_12 .concat [ 1 1 1 1], L_00000203ba8d0600, L_00000203ba8d0600, L_00000203ba8d0600, L_00000203ba8d0600;
LS_00000203ba8d09c0_0_16 .concat [ 1 1 1 1], L_00000203ba8d0600, L_00000203ba8d0600, L_00000203ba8d0600, L_00000203ba8d0600;
LS_00000203ba8d09c0_0_20 .concat [ 1 1 1 1], L_00000203ba8d0600, L_00000203ba8d0600, L_00000203ba8d0600, L_00000203ba8d0600;
LS_00000203ba8d09c0_0_24 .concat [ 1 1 1 1], L_00000203ba8d0600, L_00000203ba8d0600, L_00000203ba8d0600, L_00000203ba8d0600;
LS_00000203ba8d09c0_0_28 .concat [ 1 1 1 1], L_00000203ba8d0600, L_00000203ba8d0600, L_00000203ba8d0600, L_00000203ba8d0600;
LS_00000203ba8d09c0_1_0 .concat [ 4 4 4 4], LS_00000203ba8d09c0_0_0, LS_00000203ba8d09c0_0_4, LS_00000203ba8d09c0_0_8, LS_00000203ba8d09c0_0_12;
LS_00000203ba8d09c0_1_4 .concat [ 4 4 4 4], LS_00000203ba8d09c0_0_16, LS_00000203ba8d09c0_0_20, LS_00000203ba8d09c0_0_24, LS_00000203ba8d09c0_0_28;
L_00000203ba8d09c0 .concat [ 16 16 0 0], LS_00000203ba8d09c0_1_0, LS_00000203ba8d09c0_1_4;
L_00000203ba8d1c80 .part L_00000203ba8ce620, 3, 29;
L_00000203ba8d0060 .concat [ 29 3 0 0], L_00000203ba8d1c80, L_00000203ba8f19d8;
L_00000203ba8d0920 .cmp/eq 2, L_00000203ba8ceda0, L_00000203ba8f1a20;
LS_00000203ba8d1640_0_0 .concat [ 1 1 1 1], L_00000203ba8d0920, L_00000203ba8d0920, L_00000203ba8d0920, L_00000203ba8d0920;
LS_00000203ba8d1640_0_4 .concat [ 1 1 1 1], L_00000203ba8d0920, L_00000203ba8d0920, L_00000203ba8d0920, L_00000203ba8d0920;
LS_00000203ba8d1640_0_8 .concat [ 1 1 1 1], L_00000203ba8d0920, L_00000203ba8d0920, L_00000203ba8d0920, L_00000203ba8d0920;
LS_00000203ba8d1640_0_12 .concat [ 1 1 1 1], L_00000203ba8d0920, L_00000203ba8d0920, L_00000203ba8d0920, L_00000203ba8d0920;
LS_00000203ba8d1640_0_16 .concat [ 1 1 1 1], L_00000203ba8d0920, L_00000203ba8d0920, L_00000203ba8d0920, L_00000203ba8d0920;
LS_00000203ba8d1640_0_20 .concat [ 1 1 1 1], L_00000203ba8d0920, L_00000203ba8d0920, L_00000203ba8d0920, L_00000203ba8d0920;
LS_00000203ba8d1640_0_24 .concat [ 1 1 1 1], L_00000203ba8d0920, L_00000203ba8d0920, L_00000203ba8d0920, L_00000203ba8d0920;
LS_00000203ba8d1640_0_28 .concat [ 1 1 1 1], L_00000203ba8d0920, L_00000203ba8d0920, L_00000203ba8d0920, L_00000203ba8d0920;
LS_00000203ba8d1640_1_0 .concat [ 4 4 4 4], LS_00000203ba8d1640_0_0, LS_00000203ba8d1640_0_4, LS_00000203ba8d1640_0_8, LS_00000203ba8d1640_0_12;
LS_00000203ba8d1640_1_4 .concat [ 4 4 4 4], LS_00000203ba8d1640_0_16, LS_00000203ba8d1640_0_20, LS_00000203ba8d1640_0_24, LS_00000203ba8d1640_0_28;
L_00000203ba8d1640 .concat [ 16 16 0 0], LS_00000203ba8d1640_1_0, LS_00000203ba8d1640_1_4;
L_00000203ba8cfa20 .cmp/eq 2, L_00000203ba8ceda0, L_00000203ba8f1a68;
LS_00000203ba8cf840_0_0 .concat [ 1 1 1 1], L_00000203ba8cfa20, L_00000203ba8cfa20, L_00000203ba8cfa20, L_00000203ba8cfa20;
LS_00000203ba8cf840_0_4 .concat [ 1 1 1 1], L_00000203ba8cfa20, L_00000203ba8cfa20, L_00000203ba8cfa20, L_00000203ba8cfa20;
LS_00000203ba8cf840_0_8 .concat [ 1 1 1 1], L_00000203ba8cfa20, L_00000203ba8cfa20, L_00000203ba8cfa20, L_00000203ba8cfa20;
LS_00000203ba8cf840_0_12 .concat [ 1 1 1 1], L_00000203ba8cfa20, L_00000203ba8cfa20, L_00000203ba8cfa20, L_00000203ba8cfa20;
LS_00000203ba8cf840_0_16 .concat [ 1 1 1 1], L_00000203ba8cfa20, L_00000203ba8cfa20, L_00000203ba8cfa20, L_00000203ba8cfa20;
LS_00000203ba8cf840_0_20 .concat [ 1 1 1 1], L_00000203ba8cfa20, L_00000203ba8cfa20, L_00000203ba8cfa20, L_00000203ba8cfa20;
LS_00000203ba8cf840_0_24 .concat [ 1 1 1 1], L_00000203ba8cfa20, L_00000203ba8cfa20, L_00000203ba8cfa20, L_00000203ba8cfa20;
LS_00000203ba8cf840_0_28 .concat [ 1 1 1 1], L_00000203ba8cfa20, L_00000203ba8cfa20, L_00000203ba8cfa20, L_00000203ba8cfa20;
LS_00000203ba8cf840_1_0 .concat [ 4 4 4 4], LS_00000203ba8cf840_0_0, LS_00000203ba8cf840_0_4, LS_00000203ba8cf840_0_8, LS_00000203ba8cf840_0_12;
LS_00000203ba8cf840_1_4 .concat [ 4 4 4 4], LS_00000203ba8cf840_0_16, LS_00000203ba8cf840_0_20, LS_00000203ba8cf840_0_24, LS_00000203ba8cf840_0_28;
L_00000203ba8cf840 .concat [ 16 16 0 0], LS_00000203ba8cf840_1_0, LS_00000203ba8cf840_1_4;
L_00000203ba8cfac0 .part L_00000203ba89bfd0, 4, 28;
L_00000203ba8d1960 .concat [ 28 4 0 0], L_00000203ba8cfac0, L_00000203ba8f1ab0;
L_00000203ba8d1be0 .cmp/eq 2, L_00000203ba8ceda0, L_00000203ba8f1af8;
LS_00000203ba8cfe80_0_0 .concat [ 1 1 1 1], L_00000203ba8d1be0, L_00000203ba8d1be0, L_00000203ba8d1be0, L_00000203ba8d1be0;
LS_00000203ba8cfe80_0_4 .concat [ 1 1 1 1], L_00000203ba8d1be0, L_00000203ba8d1be0, L_00000203ba8d1be0, L_00000203ba8d1be0;
LS_00000203ba8cfe80_0_8 .concat [ 1 1 1 1], L_00000203ba8d1be0, L_00000203ba8d1be0, L_00000203ba8d1be0, L_00000203ba8d1be0;
LS_00000203ba8cfe80_0_12 .concat [ 1 1 1 1], L_00000203ba8d1be0, L_00000203ba8d1be0, L_00000203ba8d1be0, L_00000203ba8d1be0;
LS_00000203ba8cfe80_0_16 .concat [ 1 1 1 1], L_00000203ba8d1be0, L_00000203ba8d1be0, L_00000203ba8d1be0, L_00000203ba8d1be0;
LS_00000203ba8cfe80_0_20 .concat [ 1 1 1 1], L_00000203ba8d1be0, L_00000203ba8d1be0, L_00000203ba8d1be0, L_00000203ba8d1be0;
LS_00000203ba8cfe80_0_24 .concat [ 1 1 1 1], L_00000203ba8d1be0, L_00000203ba8d1be0, L_00000203ba8d1be0, L_00000203ba8d1be0;
LS_00000203ba8cfe80_0_28 .concat [ 1 1 1 1], L_00000203ba8d1be0, L_00000203ba8d1be0, L_00000203ba8d1be0, L_00000203ba8d1be0;
LS_00000203ba8cfe80_1_0 .concat [ 4 4 4 4], LS_00000203ba8cfe80_0_0, LS_00000203ba8cfe80_0_4, LS_00000203ba8cfe80_0_8, LS_00000203ba8cfe80_0_12;
LS_00000203ba8cfe80_1_4 .concat [ 4 4 4 4], LS_00000203ba8cfe80_0_16, LS_00000203ba8cfe80_0_20, LS_00000203ba8cfe80_0_24, LS_00000203ba8cfe80_0_28;
L_00000203ba8cfe80 .concat [ 16 16 0 0], LS_00000203ba8cfe80_1_0, LS_00000203ba8cfe80_1_4;
L_00000203ba8d0880 .part L_00000203ba89bfd0, 8, 24;
L_00000203ba8d0c40 .concat [ 24 8 0 0], L_00000203ba8d0880, L_00000203ba8f1b40;
L_00000203ba8cfc00 .cmp/eq 2, L_00000203ba8ceda0, L_00000203ba8f1b88;
LS_00000203ba8d0ce0_0_0 .concat [ 1 1 1 1], L_00000203ba8cfc00, L_00000203ba8cfc00, L_00000203ba8cfc00, L_00000203ba8cfc00;
LS_00000203ba8d0ce0_0_4 .concat [ 1 1 1 1], L_00000203ba8cfc00, L_00000203ba8cfc00, L_00000203ba8cfc00, L_00000203ba8cfc00;
LS_00000203ba8d0ce0_0_8 .concat [ 1 1 1 1], L_00000203ba8cfc00, L_00000203ba8cfc00, L_00000203ba8cfc00, L_00000203ba8cfc00;
LS_00000203ba8d0ce0_0_12 .concat [ 1 1 1 1], L_00000203ba8cfc00, L_00000203ba8cfc00, L_00000203ba8cfc00, L_00000203ba8cfc00;
LS_00000203ba8d0ce0_0_16 .concat [ 1 1 1 1], L_00000203ba8cfc00, L_00000203ba8cfc00, L_00000203ba8cfc00, L_00000203ba8cfc00;
LS_00000203ba8d0ce0_0_20 .concat [ 1 1 1 1], L_00000203ba8cfc00, L_00000203ba8cfc00, L_00000203ba8cfc00, L_00000203ba8cfc00;
LS_00000203ba8d0ce0_0_24 .concat [ 1 1 1 1], L_00000203ba8cfc00, L_00000203ba8cfc00, L_00000203ba8cfc00, L_00000203ba8cfc00;
LS_00000203ba8d0ce0_0_28 .concat [ 1 1 1 1], L_00000203ba8cfc00, L_00000203ba8cfc00, L_00000203ba8cfc00, L_00000203ba8cfc00;
LS_00000203ba8d0ce0_1_0 .concat [ 4 4 4 4], LS_00000203ba8d0ce0_0_0, LS_00000203ba8d0ce0_0_4, LS_00000203ba8d0ce0_0_8, LS_00000203ba8d0ce0_0_12;
LS_00000203ba8d0ce0_1_4 .concat [ 4 4 4 4], LS_00000203ba8d0ce0_0_16, LS_00000203ba8d0ce0_0_20, LS_00000203ba8d0ce0_0_24, LS_00000203ba8d0ce0_0_28;
L_00000203ba8d0ce0 .concat [ 16 16 0 0], LS_00000203ba8d0ce0_1_0, LS_00000203ba8d0ce0_1_4;
L_00000203ba8cffc0 .part L_00000203ba89bfd0, 12, 20;
L_00000203ba8d13c0 .concat [ 20 12 0 0], L_00000203ba8cffc0, L_00000203ba8f1bd0;
L_00000203ba8d0d80 .part L_00000203ba8cd7c0, 4, 1;
L_00000203ba8d01a0 .part L_00000203ba89bb70, 16, 16;
L_00000203ba8d1d20 .concat [ 16 16 0 0], L_00000203ba8d01a0, L_00000203ba8f1c18;
L_00000203ba8cfca0 .functor MUXZ 32, L_00000203ba89bb70, L_00000203ba8d1d20, L_00000203ba8d0d80, C4<>;
L_00000203ba8d0240 .cmp/eq 2, L_00000203ba8ceee0, L_00000203ba8f1c60;
LS_00000203ba8d0a60_0_0 .concat [ 1 1 1 1], L_00000203ba8d0240, L_00000203ba8d0240, L_00000203ba8d0240, L_00000203ba8d0240;
LS_00000203ba8d0a60_0_4 .concat [ 1 1 1 1], L_00000203ba8d0240, L_00000203ba8d0240, L_00000203ba8d0240, L_00000203ba8d0240;
LS_00000203ba8d0a60_0_8 .concat [ 1 1 1 1], L_00000203ba8d0240, L_00000203ba8d0240, L_00000203ba8d0240, L_00000203ba8d0240;
LS_00000203ba8d0a60_0_12 .concat [ 1 1 1 1], L_00000203ba8d0240, L_00000203ba8d0240, L_00000203ba8d0240, L_00000203ba8d0240;
LS_00000203ba8d0a60_0_16 .concat [ 1 1 1 1], L_00000203ba8d0240, L_00000203ba8d0240, L_00000203ba8d0240, L_00000203ba8d0240;
LS_00000203ba8d0a60_0_20 .concat [ 1 1 1 1], L_00000203ba8d0240, L_00000203ba8d0240, L_00000203ba8d0240, L_00000203ba8d0240;
LS_00000203ba8d0a60_0_24 .concat [ 1 1 1 1], L_00000203ba8d0240, L_00000203ba8d0240, L_00000203ba8d0240, L_00000203ba8d0240;
LS_00000203ba8d0a60_0_28 .concat [ 1 1 1 1], L_00000203ba8d0240, L_00000203ba8d0240, L_00000203ba8d0240, L_00000203ba8d0240;
LS_00000203ba8d0a60_1_0 .concat [ 4 4 4 4], LS_00000203ba8d0a60_0_0, LS_00000203ba8d0a60_0_4, LS_00000203ba8d0a60_0_8, LS_00000203ba8d0a60_0_12;
LS_00000203ba8d0a60_1_4 .concat [ 4 4 4 4], LS_00000203ba8d0a60_0_16, LS_00000203ba8d0a60_0_20, LS_00000203ba8d0a60_0_24, LS_00000203ba8d0a60_0_28;
L_00000203ba8d0a60 .concat [ 16 16 0 0], LS_00000203ba8d0a60_1_0, LS_00000203ba8d0a60_1_4;
L_00000203ba8d0380 .cmp/eq 2, L_00000203ba8ceee0, L_00000203ba8f1ca8;
LS_00000203ba8d1dc0_0_0 .concat [ 1 1 1 1], L_00000203ba8d0380, L_00000203ba8d0380, L_00000203ba8d0380, L_00000203ba8d0380;
LS_00000203ba8d1dc0_0_4 .concat [ 1 1 1 1], L_00000203ba8d0380, L_00000203ba8d0380, L_00000203ba8d0380, L_00000203ba8d0380;
LS_00000203ba8d1dc0_0_8 .concat [ 1 1 1 1], L_00000203ba8d0380, L_00000203ba8d0380, L_00000203ba8d0380, L_00000203ba8d0380;
LS_00000203ba8d1dc0_0_12 .concat [ 1 1 1 1], L_00000203ba8d0380, L_00000203ba8d0380, L_00000203ba8d0380, L_00000203ba8d0380;
LS_00000203ba8d1dc0_0_16 .concat [ 1 1 1 1], L_00000203ba8d0380, L_00000203ba8d0380, L_00000203ba8d0380, L_00000203ba8d0380;
LS_00000203ba8d1dc0_0_20 .concat [ 1 1 1 1], L_00000203ba8d0380, L_00000203ba8d0380, L_00000203ba8d0380, L_00000203ba8d0380;
LS_00000203ba8d1dc0_0_24 .concat [ 1 1 1 1], L_00000203ba8d0380, L_00000203ba8d0380, L_00000203ba8d0380, L_00000203ba8d0380;
LS_00000203ba8d1dc0_0_28 .concat [ 1 1 1 1], L_00000203ba8d0380, L_00000203ba8d0380, L_00000203ba8d0380, L_00000203ba8d0380;
LS_00000203ba8d1dc0_1_0 .concat [ 4 4 4 4], LS_00000203ba8d1dc0_0_0, LS_00000203ba8d1dc0_0_4, LS_00000203ba8d1dc0_0_8, LS_00000203ba8d1dc0_0_12;
LS_00000203ba8d1dc0_1_4 .concat [ 4 4 4 4], LS_00000203ba8d1dc0_0_16, LS_00000203ba8d1dc0_0_20, LS_00000203ba8d1dc0_0_24, LS_00000203ba8d1dc0_0_28;
L_00000203ba8d1dc0 .concat [ 16 16 0 0], LS_00000203ba8d1dc0_1_0, LS_00000203ba8d1dc0_1_4;
L_00000203ba8d1e60 .part L_00000203ba8ce620, 31, 1;
L_00000203ba8d0ec0 .part L_00000203ba8ce620, 1, 31;
L_00000203ba8d0e20 .concat [ 31 1 0 0], L_00000203ba8d0ec0, L_00000203ba8d1e60;
L_00000203ba8d10a0 .cmp/eq 2, L_00000203ba8ceee0, L_00000203ba8f1cf0;
LS_00000203ba8d11e0_0_0 .concat [ 1 1 1 1], L_00000203ba8d10a0, L_00000203ba8d10a0, L_00000203ba8d10a0, L_00000203ba8d10a0;
LS_00000203ba8d11e0_0_4 .concat [ 1 1 1 1], L_00000203ba8d10a0, L_00000203ba8d10a0, L_00000203ba8d10a0, L_00000203ba8d10a0;
LS_00000203ba8d11e0_0_8 .concat [ 1 1 1 1], L_00000203ba8d10a0, L_00000203ba8d10a0, L_00000203ba8d10a0, L_00000203ba8d10a0;
LS_00000203ba8d11e0_0_12 .concat [ 1 1 1 1], L_00000203ba8d10a0, L_00000203ba8d10a0, L_00000203ba8d10a0, L_00000203ba8d10a0;
LS_00000203ba8d11e0_0_16 .concat [ 1 1 1 1], L_00000203ba8d10a0, L_00000203ba8d10a0, L_00000203ba8d10a0, L_00000203ba8d10a0;
LS_00000203ba8d11e0_0_20 .concat [ 1 1 1 1], L_00000203ba8d10a0, L_00000203ba8d10a0, L_00000203ba8d10a0, L_00000203ba8d10a0;
LS_00000203ba8d11e0_0_24 .concat [ 1 1 1 1], L_00000203ba8d10a0, L_00000203ba8d10a0, L_00000203ba8d10a0, L_00000203ba8d10a0;
LS_00000203ba8d11e0_0_28 .concat [ 1 1 1 1], L_00000203ba8d10a0, L_00000203ba8d10a0, L_00000203ba8d10a0, L_00000203ba8d10a0;
LS_00000203ba8d11e0_1_0 .concat [ 4 4 4 4], LS_00000203ba8d11e0_0_0, LS_00000203ba8d11e0_0_4, LS_00000203ba8d11e0_0_8, LS_00000203ba8d11e0_0_12;
LS_00000203ba8d11e0_1_4 .concat [ 4 4 4 4], LS_00000203ba8d11e0_0_16, LS_00000203ba8d11e0_0_20, LS_00000203ba8d11e0_0_24, LS_00000203ba8d11e0_0_28;
L_00000203ba8d11e0 .concat [ 16 16 0 0], LS_00000203ba8d11e0_1_0, LS_00000203ba8d11e0_1_4;
L_00000203ba8d1280 .part L_00000203ba8ce620, 31, 1;
L_00000203ba8d0420 .concat [ 1 1 0 0], L_00000203ba8d1280, L_00000203ba8d1280;
L_00000203ba8d04c0 .part L_00000203ba8ce620, 2, 30;
L_00000203ba8d1320 .concat [ 30 2 0 0], L_00000203ba8d04c0, L_00000203ba8d0420;
L_00000203ba8d1f00 .cmp/eq 2, L_00000203ba8ceee0, L_00000203ba8f1d38;
LS_00000203ba8d1460_0_0 .concat [ 1 1 1 1], L_00000203ba8d1f00, L_00000203ba8d1f00, L_00000203ba8d1f00, L_00000203ba8d1f00;
LS_00000203ba8d1460_0_4 .concat [ 1 1 1 1], L_00000203ba8d1f00, L_00000203ba8d1f00, L_00000203ba8d1f00, L_00000203ba8d1f00;
LS_00000203ba8d1460_0_8 .concat [ 1 1 1 1], L_00000203ba8d1f00, L_00000203ba8d1f00, L_00000203ba8d1f00, L_00000203ba8d1f00;
LS_00000203ba8d1460_0_12 .concat [ 1 1 1 1], L_00000203ba8d1f00, L_00000203ba8d1f00, L_00000203ba8d1f00, L_00000203ba8d1f00;
LS_00000203ba8d1460_0_16 .concat [ 1 1 1 1], L_00000203ba8d1f00, L_00000203ba8d1f00, L_00000203ba8d1f00, L_00000203ba8d1f00;
LS_00000203ba8d1460_0_20 .concat [ 1 1 1 1], L_00000203ba8d1f00, L_00000203ba8d1f00, L_00000203ba8d1f00, L_00000203ba8d1f00;
LS_00000203ba8d1460_0_24 .concat [ 1 1 1 1], L_00000203ba8d1f00, L_00000203ba8d1f00, L_00000203ba8d1f00, L_00000203ba8d1f00;
LS_00000203ba8d1460_0_28 .concat [ 1 1 1 1], L_00000203ba8d1f00, L_00000203ba8d1f00, L_00000203ba8d1f00, L_00000203ba8d1f00;
LS_00000203ba8d1460_1_0 .concat [ 4 4 4 4], LS_00000203ba8d1460_0_0, LS_00000203ba8d1460_0_4, LS_00000203ba8d1460_0_8, LS_00000203ba8d1460_0_12;
LS_00000203ba8d1460_1_4 .concat [ 4 4 4 4], LS_00000203ba8d1460_0_16, LS_00000203ba8d1460_0_20, LS_00000203ba8d1460_0_24, LS_00000203ba8d1460_0_28;
L_00000203ba8d1460 .concat [ 16 16 0 0], LS_00000203ba8d1460_1_0, LS_00000203ba8d1460_1_4;
L_00000203ba8d1500 .part L_00000203ba8ce620, 31, 1;
L_00000203ba8d16e0 .concat [ 1 1 1 0], L_00000203ba8d1500, L_00000203ba8d1500, L_00000203ba8d1500;
L_00000203ba8d0560 .part L_00000203ba8ce620, 3, 29;
L_00000203ba8cf7a0 .concat [ 29 3 0 0], L_00000203ba8d0560, L_00000203ba8d16e0;
L_00000203ba8d06a0 .cmp/eq 2, L_00000203ba8ceda0, L_00000203ba8f1d80;
LS_00000203ba8d0740_0_0 .concat [ 1 1 1 1], L_00000203ba8d06a0, L_00000203ba8d06a0, L_00000203ba8d06a0, L_00000203ba8d06a0;
LS_00000203ba8d0740_0_4 .concat [ 1 1 1 1], L_00000203ba8d06a0, L_00000203ba8d06a0, L_00000203ba8d06a0, L_00000203ba8d06a0;
LS_00000203ba8d0740_0_8 .concat [ 1 1 1 1], L_00000203ba8d06a0, L_00000203ba8d06a0, L_00000203ba8d06a0, L_00000203ba8d06a0;
LS_00000203ba8d0740_0_12 .concat [ 1 1 1 1], L_00000203ba8d06a0, L_00000203ba8d06a0, L_00000203ba8d06a0, L_00000203ba8d06a0;
LS_00000203ba8d0740_0_16 .concat [ 1 1 1 1], L_00000203ba8d06a0, L_00000203ba8d06a0, L_00000203ba8d06a0, L_00000203ba8d06a0;
LS_00000203ba8d0740_0_20 .concat [ 1 1 1 1], L_00000203ba8d06a0, L_00000203ba8d06a0, L_00000203ba8d06a0, L_00000203ba8d06a0;
LS_00000203ba8d0740_0_24 .concat [ 1 1 1 1], L_00000203ba8d06a0, L_00000203ba8d06a0, L_00000203ba8d06a0, L_00000203ba8d06a0;
LS_00000203ba8d0740_0_28 .concat [ 1 1 1 1], L_00000203ba8d06a0, L_00000203ba8d06a0, L_00000203ba8d06a0, L_00000203ba8d06a0;
LS_00000203ba8d0740_1_0 .concat [ 4 4 4 4], LS_00000203ba8d0740_0_0, LS_00000203ba8d0740_0_4, LS_00000203ba8d0740_0_8, LS_00000203ba8d0740_0_12;
LS_00000203ba8d0740_1_4 .concat [ 4 4 4 4], LS_00000203ba8d0740_0_16, LS_00000203ba8d0740_0_20, LS_00000203ba8d0740_0_24, LS_00000203ba8d0740_0_28;
L_00000203ba8d0740 .concat [ 16 16 0 0], LS_00000203ba8d0740_1_0, LS_00000203ba8d0740_1_4;
L_00000203ba8d20e0 .cmp/eq 2, L_00000203ba8ceda0, L_00000203ba8f1dc8;
LS_00000203ba8d2220_0_0 .concat [ 1 1 1 1], L_00000203ba8d20e0, L_00000203ba8d20e0, L_00000203ba8d20e0, L_00000203ba8d20e0;
LS_00000203ba8d2220_0_4 .concat [ 1 1 1 1], L_00000203ba8d20e0, L_00000203ba8d20e0, L_00000203ba8d20e0, L_00000203ba8d20e0;
LS_00000203ba8d2220_0_8 .concat [ 1 1 1 1], L_00000203ba8d20e0, L_00000203ba8d20e0, L_00000203ba8d20e0, L_00000203ba8d20e0;
LS_00000203ba8d2220_0_12 .concat [ 1 1 1 1], L_00000203ba8d20e0, L_00000203ba8d20e0, L_00000203ba8d20e0, L_00000203ba8d20e0;
LS_00000203ba8d2220_0_16 .concat [ 1 1 1 1], L_00000203ba8d20e0, L_00000203ba8d20e0, L_00000203ba8d20e0, L_00000203ba8d20e0;
LS_00000203ba8d2220_0_20 .concat [ 1 1 1 1], L_00000203ba8d20e0, L_00000203ba8d20e0, L_00000203ba8d20e0, L_00000203ba8d20e0;
LS_00000203ba8d2220_0_24 .concat [ 1 1 1 1], L_00000203ba8d20e0, L_00000203ba8d20e0, L_00000203ba8d20e0, L_00000203ba8d20e0;
LS_00000203ba8d2220_0_28 .concat [ 1 1 1 1], L_00000203ba8d20e0, L_00000203ba8d20e0, L_00000203ba8d20e0, L_00000203ba8d20e0;
LS_00000203ba8d2220_1_0 .concat [ 4 4 4 4], LS_00000203ba8d2220_0_0, LS_00000203ba8d2220_0_4, LS_00000203ba8d2220_0_8, LS_00000203ba8d2220_0_12;
LS_00000203ba8d2220_1_4 .concat [ 4 4 4 4], LS_00000203ba8d2220_0_16, LS_00000203ba8d2220_0_20, LS_00000203ba8d2220_0_24, LS_00000203ba8d2220_0_28;
L_00000203ba8d2220 .concat [ 16 16 0 0], LS_00000203ba8d2220_1_0, LS_00000203ba8d2220_1_4;
L_00000203ba8d2680 .part L_00000203ba89c890, 31, 1;
L_00000203ba8d2360 .concat [ 1 1 1 1], L_00000203ba8d2680, L_00000203ba8d2680, L_00000203ba8d2680, L_00000203ba8d2680;
L_00000203ba8d24a0 .part L_00000203ba89c890, 4, 28;
L_00000203ba8d2180 .concat [ 28 4 0 0], L_00000203ba8d24a0, L_00000203ba8d2360;
L_00000203ba8d22c0 .cmp/eq 2, L_00000203ba8ceda0, L_00000203ba8f1e10;
LS_00000203ba8d1fa0_0_0 .concat [ 1 1 1 1], L_00000203ba8d22c0, L_00000203ba8d22c0, L_00000203ba8d22c0, L_00000203ba8d22c0;
LS_00000203ba8d1fa0_0_4 .concat [ 1 1 1 1], L_00000203ba8d22c0, L_00000203ba8d22c0, L_00000203ba8d22c0, L_00000203ba8d22c0;
LS_00000203ba8d1fa0_0_8 .concat [ 1 1 1 1], L_00000203ba8d22c0, L_00000203ba8d22c0, L_00000203ba8d22c0, L_00000203ba8d22c0;
LS_00000203ba8d1fa0_0_12 .concat [ 1 1 1 1], L_00000203ba8d22c0, L_00000203ba8d22c0, L_00000203ba8d22c0, L_00000203ba8d22c0;
LS_00000203ba8d1fa0_0_16 .concat [ 1 1 1 1], L_00000203ba8d22c0, L_00000203ba8d22c0, L_00000203ba8d22c0, L_00000203ba8d22c0;
LS_00000203ba8d1fa0_0_20 .concat [ 1 1 1 1], L_00000203ba8d22c0, L_00000203ba8d22c0, L_00000203ba8d22c0, L_00000203ba8d22c0;
LS_00000203ba8d1fa0_0_24 .concat [ 1 1 1 1], L_00000203ba8d22c0, L_00000203ba8d22c0, L_00000203ba8d22c0, L_00000203ba8d22c0;
LS_00000203ba8d1fa0_0_28 .concat [ 1 1 1 1], L_00000203ba8d22c0, L_00000203ba8d22c0, L_00000203ba8d22c0, L_00000203ba8d22c0;
LS_00000203ba8d1fa0_1_0 .concat [ 4 4 4 4], LS_00000203ba8d1fa0_0_0, LS_00000203ba8d1fa0_0_4, LS_00000203ba8d1fa0_0_8, LS_00000203ba8d1fa0_0_12;
LS_00000203ba8d1fa0_1_4 .concat [ 4 4 4 4], LS_00000203ba8d1fa0_0_16, LS_00000203ba8d1fa0_0_20, LS_00000203ba8d1fa0_0_24, LS_00000203ba8d1fa0_0_28;
L_00000203ba8d1fa0 .concat [ 16 16 0 0], LS_00000203ba8d1fa0_1_0, LS_00000203ba8d1fa0_1_4;
L_00000203ba8d2400 .part L_00000203ba89c890, 31, 1;
LS_00000203ba8d25e0_0_0 .concat [ 1 1 1 1], L_00000203ba8d2400, L_00000203ba8d2400, L_00000203ba8d2400, L_00000203ba8d2400;
LS_00000203ba8d25e0_0_4 .concat [ 1 1 1 1], L_00000203ba8d2400, L_00000203ba8d2400, L_00000203ba8d2400, L_00000203ba8d2400;
L_00000203ba8d25e0 .concat [ 4 4 0 0], LS_00000203ba8d25e0_0_0, LS_00000203ba8d25e0_0_4;
L_00000203ba8d2540 .part L_00000203ba89c890, 8, 24;
L_00000203ba8d2040 .concat [ 24 8 0 0], L_00000203ba8d2540, L_00000203ba8d25e0;
L_00000203ba9425e0 .cmp/eq 2, L_00000203ba8ceda0, L_00000203ba8f1e58;
LS_00000203ba944200_0_0 .concat [ 1 1 1 1], L_00000203ba9425e0, L_00000203ba9425e0, L_00000203ba9425e0, L_00000203ba9425e0;
LS_00000203ba944200_0_4 .concat [ 1 1 1 1], L_00000203ba9425e0, L_00000203ba9425e0, L_00000203ba9425e0, L_00000203ba9425e0;
LS_00000203ba944200_0_8 .concat [ 1 1 1 1], L_00000203ba9425e0, L_00000203ba9425e0, L_00000203ba9425e0, L_00000203ba9425e0;
LS_00000203ba944200_0_12 .concat [ 1 1 1 1], L_00000203ba9425e0, L_00000203ba9425e0, L_00000203ba9425e0, L_00000203ba9425e0;
LS_00000203ba944200_0_16 .concat [ 1 1 1 1], L_00000203ba9425e0, L_00000203ba9425e0, L_00000203ba9425e0, L_00000203ba9425e0;
LS_00000203ba944200_0_20 .concat [ 1 1 1 1], L_00000203ba9425e0, L_00000203ba9425e0, L_00000203ba9425e0, L_00000203ba9425e0;
LS_00000203ba944200_0_24 .concat [ 1 1 1 1], L_00000203ba9425e0, L_00000203ba9425e0, L_00000203ba9425e0, L_00000203ba9425e0;
LS_00000203ba944200_0_28 .concat [ 1 1 1 1], L_00000203ba9425e0, L_00000203ba9425e0, L_00000203ba9425e0, L_00000203ba9425e0;
LS_00000203ba944200_1_0 .concat [ 4 4 4 4], LS_00000203ba944200_0_0, LS_00000203ba944200_0_4, LS_00000203ba944200_0_8, LS_00000203ba944200_0_12;
LS_00000203ba944200_1_4 .concat [ 4 4 4 4], LS_00000203ba944200_0_16, LS_00000203ba944200_0_20, LS_00000203ba944200_0_24, LS_00000203ba944200_0_28;
L_00000203ba944200 .concat [ 16 16 0 0], LS_00000203ba944200_1_0, LS_00000203ba944200_1_4;
L_00000203ba944660 .part L_00000203ba89c890, 31, 1;
LS_00000203ba943c60_0_0 .concat [ 1 1 1 1], L_00000203ba944660, L_00000203ba944660, L_00000203ba944660, L_00000203ba944660;
LS_00000203ba943c60_0_4 .concat [ 1 1 1 1], L_00000203ba944660, L_00000203ba944660, L_00000203ba944660, L_00000203ba944660;
LS_00000203ba943c60_0_8 .concat [ 1 1 1 1], L_00000203ba944660, L_00000203ba944660, L_00000203ba944660, L_00000203ba944660;
L_00000203ba943c60 .concat [ 4 4 4 0], LS_00000203ba943c60_0_0, LS_00000203ba943c60_0_4, LS_00000203ba943c60_0_8;
L_00000203ba9434e0 .part L_00000203ba89c890, 12, 20;
L_00000203ba944520 .concat [ 20 12 0 0], L_00000203ba9434e0, L_00000203ba943c60;
L_00000203ba943bc0 .part L_00000203ba8cd7c0, 4, 1;
L_00000203ba943080 .part L_00000203ba89c510, 31, 1;
LS_00000203ba943da0_0_0 .concat [ 1 1 1 1], L_00000203ba943080, L_00000203ba943080, L_00000203ba943080, L_00000203ba943080;
LS_00000203ba943da0_0_4 .concat [ 1 1 1 1], L_00000203ba943080, L_00000203ba943080, L_00000203ba943080, L_00000203ba943080;
LS_00000203ba943da0_0_8 .concat [ 1 1 1 1], L_00000203ba943080, L_00000203ba943080, L_00000203ba943080, L_00000203ba943080;
LS_00000203ba943da0_0_12 .concat [ 1 1 1 1], L_00000203ba943080, L_00000203ba943080, L_00000203ba943080, L_00000203ba943080;
L_00000203ba943da0 .concat [ 4 4 4 4], LS_00000203ba943da0_0_0, LS_00000203ba943da0_0_4, LS_00000203ba943da0_0_8, LS_00000203ba943da0_0_12;
L_00000203ba9442a0 .part L_00000203ba89c510, 16, 16;
L_00000203ba943580 .concat [ 16 16 0 0], L_00000203ba9442a0, L_00000203ba943da0;
L_00000203ba9422c0 .functor MUXZ 32, L_00000203ba89c510, L_00000203ba943580, L_00000203ba943bc0, C4<>;
L_00000203ba9433a0 .functor MUXZ 32, L_00000203ba8f1ea0, L_00000203ba8cea80, L_00000203ba8cdf40, C4<>;
L_00000203ba942720 .functor MUXZ 32, L_00000203ba9433a0, L_00000203ba9422c0, L_00000203ba8cd680, C4<>;
L_00000203ba943120 .functor MUXZ 32, L_00000203ba942720, L_00000203ba8cfca0, L_00000203ba8ce940, C4<>;
L_00000203ba943260 .functor MUXZ 32, L_00000203ba943120, L_00000203ba8d15a0, L_00000203ba8cd040, C4<>;
L_00000203ba943800 .functor MUXZ 32, L_00000203ba943260, L_00000203ba89c0b0, L_00000203ba8cda40, C4<>;
L_00000203ba9431c0 .functor MUXZ 32, L_00000203ba943800, L_00000203ba89a6e0, L_00000203ba8ce6c0, C4<>;
L_00000203ba942ea0 .functor MUXZ 32, L_00000203ba9431c0, L_00000203ba89a980, L_00000203ba8cd4a0, C4<>;
L_00000203ba943d00 .functor MUXZ 32, L_00000203ba942ea0, L_00000203ba89b7f0, L_00000203ba8ce1c0, C4<>;
L_00000203ba943760 .functor MUXZ 32, L_00000203ba943d00, L_00000203ba8ce3a0, L_00000203ba8cf020, C4<>;
L_00000203ba9447a0 .functor MUXZ 32, L_00000203ba943760, L_00000203ba8ce260, L_00000203ba8cdb80, C4<>;
L_00000203ba944840 .functor MUXZ 32, L_00000203ba9447a0, L_00000203ba89b2b0, L_00000203ba89c5f0, C4<>;
S_00000203ba64e230 .scope module, "adder_module" "adder" 5 70, 6 8 0, S_00000203ba66fda0;
 .timescale -9 -12;
    .port_info 0 /INPUT 32 "operand1";
    .port_info 1 /INPUT 32 "operand2";
    .port_info 2 /INPUT 1 "cin";
    .port_info 3 /OUTPUT 32 "result";
    .port_info 4 /OUTPUT 1 "cout";
L_00000203ba8f12d0 .functor BUFT 1, C4<0>, C4<0>, C4<0>, C4<0>;
v00000203ba7f6dd0_0 .net *"_ivl_10", 0 0, L_00000203ba8f12d0;  1 drivers
v00000203ba7f7870_0 .net *"_ivl_11", 32 0, L_00000203ba8cf340;  1 drivers
v00000203ba7f7910_0 .net *"_ivl_13", 32 0, L_00000203ba8cf160;  1 drivers
L_00000203ba8f1318 .functor BUFT 1, C4<00000000000000000000000000000000>, C4<0>, C4<0>, C4<0>;
v00000203ba7f6290_0 .net *"_ivl_16", 31 0, L_00000203ba8f1318;  1 drivers
v00000203ba7f7230_0 .net *"_ivl_17", 32 0, L_00000203ba8cd720;  1 drivers
v00000203ba7f6330_0 .net *"_ivl_3", 32 0, L_00000203ba8cde00;  1 drivers
L_00000203ba8f1288 .functor BUFT 1, C4<0>, C4<0>, C4<0>, C4<0>;
v00000203ba7f66f0_0 .net *"_ivl_6", 0 0, L_00000203ba8f1288;  1 drivers
v00000203ba7f6830_0 .net *"_ivl_7", 32 0, L_00000203ba8cd9a0;  1 drivers
v00000203ba7f68d0_0 .net "cin", 0 0, L_00000203ba89a7c0;  alias, 1 drivers
v00000203ba7f6ab0_0 .net "cout", 0 0, L_00000203ba8cd220;  alias, 1 drivers
v00000203ba7f3f90_0 .net "operand1", 31 0, L_00000203ba89b780;  alias, 1 drivers
v00000203ba7f4210_0 .net "operand2", 31 0, L_00000203ba8ced00;  alias, 1 drivers
v00000203ba7f3e50_0 .net "result", 31 0, L_00000203ba8cd180;  alias, 1 drivers
L_00000203ba8cd220 .part L_00000203ba8cd720, 32, 1;
L_00000203ba8cd180 .part L_00000203ba8cd720, 0, 32;
L_00000203ba8cde00 .concat [ 32 1 0 0], L_00000203ba89b780, L_00000203ba8f1288;
L_00000203ba8cd9a0 .concat [ 32 1 0 0], L_00000203ba8ced00, L_00000203ba8f12d0;
L_00000203ba8cf340 .arith/sum 33, L_00000203ba8cde00, L_00000203ba8cd9a0;
L_00000203ba8cf160 .concat [ 1 32 0 0], L_00000203ba89a7c0, L_00000203ba8f1318;
L_00000203ba8cd720 .arith/sum 33, L_00000203ba8cf340, L_00000203ba8cf160;
S_00000203ba64e3c0 .scope module, "ID_module" "decode" 3 230, 7 8 0, S_00000203ba68d960;
 .timescale -9 -12;
    .port_info 0 /INPUT 1 "ID_valid";
    .port_info 1 /INPUT 64 "IF_ID_bus_r";
    .port_info 2 /INPUT 32 "rs_value";
    .port_info 3 /INPUT 32 "rt_value";
    .port_info 4 /OUTPUT 5 "rs";
    .port_info 5 /OUTPUT 5 "rt";
    .port_info 6 /OUTPUT 33 "jbr_bus";
    .port_info 7 /OUTPUT 1 "jbr_not_link";
    .port_info 8 /OUTPUT 1 "ID_over";
    .port_info 9 /OUTPUT 150 "ID_EXE_bus";
    .port_info 10 /OUTPUT 32 "ID_pc";
L_00000203ba7e1300 .functor BUFZ 64, v00000203ba882b70_0, C4<0000000000000000000000000000000000000000000000000000000000000000>, C4<0000000000000000000000000000000000000000000000000000000000000000>, C4<0000000000000000000000000000000000000000000000000000000000000000>;
L_00000203ba7e0500 .functor NOT 1, L_00000203ba883b10, C4<0>, C4<0>, C4<0>;
L_00000203ba7e06c0 .functor NOT 1, L_00000203ba8859b0, C4<0>, C4<0>, C4<0>;
L_00000203ba7dfa10 .functor AND 1, L_00000203ba7e0500, L_00000203ba7e06c0, C4<1>, C4<1>;
L_00000203ba7e01f0 .functor AND 1, L_00000203ba7dfa10, L_00000203ba883250, C4<1>, C4<1>;
L_00000203ba7dfd20 .functor AND 1, L_00000203ba7e0500, L_00000203ba7e06c0, C4<1>, C4<1>;
L_00000203ba7e05e0 .functor AND 1, L_00000203ba7dfd20, L_00000203ba883c50, C4<1>, C4<1>;
L_00000203ba7e1370 .functor AND 1, L_00000203ba7e0500, L_00000203ba7e06c0, C4<1>, C4<1>;
L_00000203ba7e0490 .functor AND 1, L_00000203ba7e1370, L_00000203ba884b50, C4<1>, C4<1>;
L_00000203ba7dfe70 .functor AND 1, L_00000203ba7e0500, L_00000203ba7e06c0, C4<1>, C4<1>;
L_00000203ba7e10d0 .functor AND 1, L_00000203ba7dfe70, L_00000203ba884510, C4<1>, C4<1>;
L_00000203ba7e09d0 .functor AND 1, L_00000203ba7e0500, L_00000203ba8848d0, C4<1>, C4<1>;
L_00000203ba7e1140 .functor AND 1, L_00000203ba7e09d0, L_00000203ba8841f0, C4<1>, C4<1>;
L_00000203ba7df9a0 .functor AND 1, L_00000203ba7e1140, L_00000203ba7e06c0, C4<1>, C4<1>;
L_00000203ba7dfaf0 .functor AND 1, L_00000203ba7df9a0, L_00000203ba883cf0, C4<1>, C4<1>;
L_00000203ba7e0260 .functor AND 1, L_00000203ba7e0500, L_00000203ba883e30, C4<1>, C4<1>;
L_00000203ba7e13e0 .functor AND 1, L_00000203ba7e0260, L_00000203ba8840b0, C4<1>, C4<1>;
L_00000203ba7e1450 .functor AND 1, L_00000203ba7e13e0, L_00000203ba7e06c0, C4<1>, C4<1>;
L_00000203ba7dfd90 .functor AND 1, L_00000203ba7e1450, L_00000203ba8845b0, C4<1>, C4<1>;
L_00000203ba7e0e30 .functor AND 1, L_00000203ba7e0500, L_00000203ba7e06c0, C4<1>, C4<1>;
L_00000203ba7dfe00 .functor AND 1, L_00000203ba7e0e30, L_00000203ba884a10, C4<1>, C4<1>;
L_00000203ba7e14c0 .functor AND 1, L_00000203ba7e0500, L_00000203ba7e06c0, C4<1>, C4<1>;
L_00000203ba7e00a0 .functor AND 1, L_00000203ba7e14c0, L_00000203ba884330, C4<1>, C4<1>;
L_00000203ba7e0340 .functor AND 1, L_00000203ba7e0500, L_00000203ba7e06c0, C4<1>, C4<1>;
L_00000203ba7e0b20 .functor AND 1, L_00000203ba7e0340, L_00000203ba8cc280, C4<1>, C4<1>;
L_00000203ba7df930 .functor AND 1, L_00000203ba7e0500, L_00000203ba7e06c0, C4<1>, C4<1>;
L_00000203ba7e0420 .functor AND 1, L_00000203ba7df930, L_00000203ba8ccdc0, C4<1>, C4<1>;
L_00000203ba7e0b90 .functor AND 1, L_00000203ba7e0500, L_00000203ba8cc1e0, C4<1>, C4<1>;
L_00000203ba7e0a40 .functor AND 1, L_00000203ba7e0b90, L_00000203ba8cc780, C4<1>, C4<1>;
L_00000203ba7e0570 .functor AND 1, L_00000203ba7e0500, L_00000203ba7e06c0, C4<1>, C4<1>;
L_00000203ba7e0650 .functor AND 1, L_00000203ba7e0570, L_00000203ba8cc820, C4<1>, C4<1>;
L_00000203ba7e0ab0 .functor AND 1, L_00000203ba7e0500, L_00000203ba8cb600, C4<1>, C4<1>;
L_00000203ba7e0c00 .functor AND 1, L_00000203ba7e0ab0, L_00000203ba8cb420, C4<1>, C4<1>;
L_00000203ba7e0c70 .functor AND 1, L_00000203ba7e0500, L_00000203ba7e06c0, C4<1>, C4<1>;
L_00000203ba7e0ce0 .functor AND 1, L_00000203ba7e0c70, L_00000203ba8cb6a0, C4<1>, C4<1>;
L_00000203ba7e0d50 .functor AND 1, L_00000203ba7e0500, L_00000203ba8cb1a0, C4<1>, C4<1>;
L_00000203ba7e15a0 .functor AND 1, L_00000203ba7e0d50, L_00000203ba8cc460, C4<1>, C4<1>;
L_00000203ba7e17d0 .functor AND 1, L_00000203ba7e0500, L_00000203ba7e06c0, C4<1>, C4<1>;
L_00000203ba7e1840 .functor AND 1, L_00000203ba7e17d0, L_00000203ba8cc640, C4<1>, C4<1>;
L_00000203ba7e1760 .functor AND 1, L_00000203ba8cae80, L_00000203ba8cb060, C4<1>, C4<1>;
L_00000203ba7e1530 .functor AND 1, L_00000203ba8ccd20, L_00000203ba8ca7a0, C4<1>, C4<1>;
L_00000203ba7e1680 .functor AND 1, L_00000203ba8cab60, L_00000203ba8cac00, C4<1>, C4<1>;
L_00000203ba7e1610 .functor AND 1, L_00000203ba8ca8e0, L_00000203ba8caca0, C4<1>, C4<1>;
L_00000203ba7e16f0 .functor AND 1, L_00000203ba8cb2e0, L_00000203ba8cb380, C4<1>, C4<1>;
L_00000203ba68e790 .functor OR 1, L_00000203ba7dfaf0, L_00000203ba7dfd90, C4<0>, C4<0>;
L_00000203ba898e60 .functor OR 1, L_00000203ba8cb7e0, L_00000203ba7dfaf0, C4<0>, C4<0>;
L_00000203ba899aa0 .functor OR 1, L_00000203ba8cb880, L_00000203ba7dfd90, C4<0>, C4<0>;
L_00000203ba899f00 .functor OR 1, L_00000203ba899aa0, L_00000203ba8cc8c0, C4<0>, C4<0>;
L_00000203ba899250 .functor OR 1, L_00000203ba899f00, L_00000203ba8caf20, C4<0>, C4<0>;
L_00000203ba899100 .functor OR 1, L_00000203ba899250, L_00000203ba7e1760, C4<0>, C4<0>;
L_00000203ba899d40 .functor OR 1, L_00000203ba899100, L_00000203ba7e1530, C4<0>, C4<0>;
L_00000203ba899870 .functor OR 1, L_00000203ba899d40, L_00000203ba7e1680, C4<0>, C4<0>;
L_00000203ba8998e0 .functor OR 1, L_00000203ba899870, L_00000203ba7e1610, C4<0>, C4<0>;
L_00000203ba8996b0 .functor OR 1, L_00000203ba8cafc0, L_00000203ba8cc960, C4<0>, C4<0>;
L_00000203ba898c30 .functor OR 1, L_00000203ba8996b0, L_00000203ba8cad40, C4<0>, C4<0>;
L_00000203ba899950 .functor OR 1, L_00000203ba8cc320, L_00000203ba8cb100, C4<0>, C4<0>;
L_00000203ba899170 .functor OR 1, L_00000203ba7e01f0, L_00000203ba8cb240, C4<0>, C4<0>;
L_00000203ba899480 .functor OR 1, L_00000203ba899170, L_00000203ba898c30, C4<0>, C4<0>;
L_00000203ba8994f0 .functor OR 1, L_00000203ba899480, L_00000203ba899950, C4<0>, C4<0>;
L_00000203ba898b50 .functor OR 1, L_00000203ba8994f0, L_00000203ba898e60, C4<0>, C4<0>;
L_00000203ba898f40 .functor BUFZ 1, L_00000203ba7e05e0, C4<0>, C4<0>, C4<0>;
L_00000203ba898ed0 .functor OR 1, L_00000203ba7e0490, L_00000203ba8ccc80, C4<0>, C4<0>;
L_00000203ba8991e0 .functor OR 1, L_00000203ba8cbce0, L_00000203ba7e10d0, C4<0>, C4<0>;
L_00000203ba8992c0 .functor OR 1, L_00000203ba7dfe00, L_00000203ba8cade0, C4<0>, C4<0>;
L_00000203ba899db0 .functor BUFZ 1, L_00000203ba7e00a0, C4<0>, C4<0>, C4<0>;
L_00000203ba898ae0 .functor OR 1, L_00000203ba7e0b20, L_00000203ba8cb740, C4<0>, C4<0>;
L_00000203ba898fb0 .functor OR 1, L_00000203ba7e0420, L_00000203ba8cce60, C4<0>, C4<0>;
L_00000203ba899330 .functor OR 1, L_00000203ba7e0a40, L_00000203ba7e0650, C4<0>, C4<0>;
L_00000203ba899640 .functor OR 1, L_00000203ba7e15a0, L_00000203ba7e1840, C4<0>, C4<0>;
L_00000203ba898d80 .functor OR 1, L_00000203ba7e0c00, L_00000203ba7e0ce0, C4<0>, C4<0>;
L_00000203ba8999c0 .functor BUFZ 1, L_00000203ba7e16f0, C4<0>, C4<0>, C4<0>;
L_00000203ba899b80 .functor OR 1, L_00000203ba7e0a40, L_00000203ba7e15a0, C4<0>, C4<0>;
L_00000203ba899720 .functor OR 1, L_00000203ba899b80, L_00000203ba7e0c00, C4<0>, C4<0>;
L_00000203ba899020 .functor OR 1, L_00000203ba8cade0, L_00000203ba7e16f0, C4<0>, C4<0>;
L_00000203ba899560 .functor OR 1, L_00000203ba899020, L_00000203ba8cb740, C4<0>, C4<0>;
L_00000203ba89a1a0 .functor OR 1, L_00000203ba899560, L_00000203ba8cce60, C4<0>, C4<0>;
L_00000203ba8995d0 .functor OR 1, L_00000203ba8cb240, L_00000203ba8ccc80, C4<0>, C4<0>;
L_00000203ba899790 .functor OR 1, L_00000203ba8995d0, L_00000203ba8cbce0, C4<0>, C4<0>;
L_00000203ba89a4b0 .functor OR 1, L_00000203ba899790, L_00000203ba898c30, C4<0>, C4<0>;
L_00000203ba899090 .functor OR 1, L_00000203ba89a4b0, L_00000203ba899950, C4<0>, C4<0>;
L_00000203ba8993a0 .functor OR 1, L_00000203ba89a1a0, L_00000203ba8cb240, C4<0>, C4<0>;
L_00000203ba899800 .functor OR 1, L_00000203ba8993a0, L_00000203ba8ccc80, C4<0>, C4<0>;
L_00000203ba89a280 .functor OR 1, L_00000203ba899800, L_00000203ba8cbce0, C4<0>, C4<0>;
L_00000203ba899fe0 .functor OR 1, L_00000203ba89a280, L_00000203ba898c30, C4<0>, C4<0>;
L_00000203ba898bc0 .functor BUFZ 1, L_00000203ba8cb7e0, C4<0>, C4<0>, C4<0>;
L_00000203ba899410 .functor OR 1, L_00000203ba7e01f0, L_00000203ba7e05e0, C4<0>, C4<0>;
L_00000203ba898ca0 .functor OR 1, L_00000203ba899410, L_00000203ba7e0490, C4<0>, C4<0>;
L_00000203ba89a050 .functor OR 1, L_00000203ba898ca0, L_00000203ba7e10d0, C4<0>, C4<0>;
L_00000203ba89a0c0 .functor OR 1, L_00000203ba89a050, L_00000203ba7dfaf0, C4<0>, C4<0>;
L_00000203ba899a30 .functor OR 1, L_00000203ba89a0c0, L_00000203ba7dfe00, C4<0>, C4<0>;
L_00000203ba899b10 .functor OR 1, L_00000203ba899a30, L_00000203ba7e00a0, C4<0>, C4<0>;
L_00000203ba89a440 .functor OR 1, L_00000203ba899b10, L_00000203ba7e0b20, C4<0>, C4<0>;
L_00000203ba89a600 .functor OR 1, L_00000203ba89a440, L_00000203ba7e0420, C4<0>, C4<0>;
L_00000203ba899cd0 .functor OR 1, L_00000203ba89a600, L_00000203ba7e0a40, C4<0>, C4<0>;
L_00000203ba899bf0 .functor OR 1, L_00000203ba899cd0, L_00000203ba7e0650, C4<0>, C4<0>;
L_00000203ba899c60 .functor OR 1, L_00000203ba899bf0, L_00000203ba7e0c00, C4<0>, C4<0>;
L_00000203ba899f70 .functor OR 1, L_00000203ba899c60, L_00000203ba7e0ce0, C4<0>, C4<0>;
L_00000203ba89a520 .functor OR 1, L_00000203ba899f70, L_00000203ba7e15a0, C4<0>, C4<0>;
L_00000203ba898a70 .functor OR 1, L_00000203ba89a520, L_00000203ba7e1840, C4<0>, C4<0>;
L_00000203ba899e20 .functor OR 1, L_00000203ba8cb880, L_00000203ba8cb7e0, C4<0>, C4<0>;
L_00000203ba899e90 .functor OR 1, L_00000203ba899e20, L_00000203ba68e790, C4<0>, C4<0>;
L_00000203ba89a130 .functor NOT 1, L_00000203ba8cb9c0, C4<0>, C4<0>, C4<0>;
L_00000203ba89a210 .functor AND 1, L_00000203ba8cc8c0, L_00000203ba8cb920, C4<1>, C4<1>;
L_00000203ba89a2f0 .functor NOT 1, L_00000203ba8cb920, C4<0>, C4<0>, C4<0>;
L_00000203ba89a360 .functor AND 1, L_00000203ba8caf20, L_00000203ba89a2f0, C4<1>, C4<1>;
L_00000203ba89a3d0 .functor OR 1, L_00000203ba89a210, L_00000203ba89a360, C4<0>, C4<0>;
L_00000203ba89a590 .functor NOT 1, L_00000203ba8cbd80, C4<0>, C4<0>, C4<0>;
L_00000203ba898d10 .functor AND 1, L_00000203ba7e1760, L_00000203ba89a590, C4<1>, C4<1>;
L_00000203ba898df0 .functor OR 1, L_00000203ba89a3d0, L_00000203ba898d10, C4<0>, C4<0>;
L_00000203ba89ba90 .functor NOT 1, L_00000203ba8cbd80, C4<0>, C4<0>, C4<0>;
L_00000203ba89ad00 .functor AND 1, L_00000203ba7e1530, L_00000203ba89ba90, C4<1>, C4<1>;
L_00000203ba89bef0 .functor NOT 1, L_00000203ba89a130, C4<0>, C4<0>, C4<0>;
L_00000203ba89a670 .functor AND 1, L_00000203ba89ad00, L_00000203ba89bef0, C4<1>, C4<1>;
L_00000203ba89af30 .functor OR 1, L_00000203ba898df0, L_00000203ba89a670, C4<0>, C4<0>;
L_00000203ba89ad70 .functor OR 1, L_00000203ba8cbd80, L_00000203ba89a130, C4<0>, C4<0>;
L_00000203ba89c040 .functor AND 1, L_00000203ba7e1680, L_00000203ba89ad70, C4<1>, C4<1>;
L_00000203ba89c200 .functor OR 1, L_00000203ba89af30, L_00000203ba89c040, C4<0>, C4<0>;
L_00000203ba89bd30 .functor AND 1, L_00000203ba7e1610, L_00000203ba8cbd80, C4<1>, C4<1>;
L_00000203ba89bda0 .functor OR 1, L_00000203ba89c200, L_00000203ba89bd30, C4<0>, C4<0>;
L_00000203ba89a750 .functor OR 1, L_00000203ba899e90, L_00000203ba89bda0, C4<0>, C4<0>;
L_00000203ba89bb00 .functor BUFZ 1, L_00000203ba883610, C4<0>, C4<0>, C4<0>;
L_00000203ba89b160 .functor BUFZ 1, L_00000203ba8cc960, C4<0>, C4<0>, C4<0>;
L_00000203ba89c190 .functor OR 1, L_00000203ba8cafc0, L_00000203ba8cc320, C4<0>, C4<0>;
L_00000203ba89b860 .functor OR 1, L_00000203ba899fe0, L_00000203ba898bc0, C4<0>, C4<0>;
L_00000203ba89b5c0 .functor OR 1, L_00000203ba89b860, L_00000203ba898a70, C4<0>, C4<0>;
L_00000203ba89b710 .functor BUFZ 32, v00000203ba880f50_0, C4<00000000000000000000000000000000>, C4<00000000000000000000000000000000>, C4<00000000000000000000000000000000>;
L_00000203ba89ab40 .functor BUFZ 32, L_00000203ba884830, C4<00000000000000000000000000000000>, C4<00000000000000000000000000000000>, C4<00000000000000000000000000000000>;
v00000203ba875f10_0 .net "ID_EXE_bus", 149 0, L_00000203ba8cef80;  alias, 1 drivers
v00000203ba8765f0_0 .net "ID_over", 0 0, L_00000203ba89bb00;  alias, 1 drivers
v00000203ba876550_0 .net "ID_pc", 31 0, L_00000203ba89ab40;  alias, 1 drivers
v00000203ba876af0_0 .net "ID_valid", 0 0, L_00000203ba883610;  alias, 1 drivers
v00000203ba876f50_0 .net "IF_ID_bus_r", 63 0, v00000203ba882b70_0;  1 drivers
v00000203ba876e10_0 .net *"_ivl_103", 0 0, L_00000203ba7e0e30;  1 drivers
L_00000203ba8f05e0 .functor BUFT 1, C4<100100>, C4<0>, C4<0>, C4<0>;
v00000203ba876a50_0 .net/2u *"_ivl_105", 5 0, L_00000203ba8f05e0;  1 drivers
v00000203ba876910_0 .net *"_ivl_107", 0 0, L_00000203ba884a10;  1 drivers
v00000203ba8764b0_0 .net *"_ivl_111", 0 0, L_00000203ba7e14c0;  1 drivers
L_00000203ba8f0628 .functor BUFT 1, C4<100111>, C4<0>, C4<0>, C4<0>;
v00000203ba876d70_0 .net/2u *"_ivl_113", 5 0, L_00000203ba8f0628;  1 drivers
v00000203ba875d30_0 .net *"_ivl_115", 0 0, L_00000203ba884330;  1 drivers
v00000203ba8769b0_0 .net *"_ivl_119", 0 0, L_00000203ba7e0340;  1 drivers
L_00000203ba8f0670 .functor BUFT 1, C4<100101>, C4<0>, C4<0>, C4<0>;
v00000203ba876b90_0 .net/2u *"_ivl_121", 5 0, L_00000203ba8f0670;  1 drivers
v00000203ba876730_0 .net *"_ivl_123", 0 0, L_00000203ba8cc280;  1 drivers
v00000203ba877090_0 .net *"_ivl_127", 0 0, L_00000203ba7df930;  1 drivers
L_00000203ba8f06b8 .functor BUFT 1, C4<100110>, C4<0>, C4<0>, C4<0>;
v00000203ba876c30_0 .net/2u *"_ivl_129", 5 0, L_00000203ba8f06b8;  1 drivers
v00000203ba876cd0_0 .net *"_ivl_131", 0 0, L_00000203ba8ccdc0;  1 drivers
L_00000203ba8f0700 .functor BUFT 1, C4<00000>, C4<0>, C4<0>, C4<0>;
v00000203ba8767d0_0 .net/2u *"_ivl_135", 4 0, L_00000203ba8f0700;  1 drivers
v00000203ba875ab0_0 .net *"_ivl_137", 0 0, L_00000203ba8cc1e0;  1 drivers
v00000203ba876690_0 .net *"_ivl_139", 0 0, L_00000203ba7e0b90;  1 drivers
L_00000203ba8f0748 .functor BUFT 1, C4<000000>, C4<0>, C4<0>, C4<0>;
v00000203ba876050_0 .net/2u *"_ivl_141", 5 0, L_00000203ba8f0748;  1 drivers
v00000203ba876ff0_0 .net *"_ivl_143", 0 0, L_00000203ba8cc780;  1 drivers
v00000203ba875dd0_0 .net *"_ivl_147", 0 0, L_00000203ba7e0570;  1 drivers
L_00000203ba8f0790 .functor BUFT 1, C4<000100>, C4<0>, C4<0>, C4<0>;
v00000203ba875a10_0 .net/2u *"_ivl_149", 5 0, L_00000203ba8f0790;  1 drivers
v00000203ba876eb0_0 .net *"_ivl_151", 0 0, L_00000203ba8cc820;  1 drivers
L_00000203ba8f07d8 .functor BUFT 1, C4<00000>, C4<0>, C4<0>, C4<0>;
v00000203ba8760f0_0 .net/2u *"_ivl_155", 4 0, L_00000203ba8f07d8;  1 drivers
v00000203ba876370_0 .net *"_ivl_157", 0 0, L_00000203ba8cb600;  1 drivers
v00000203ba876190_0 .net *"_ivl_159", 0 0, L_00000203ba7e0ab0;  1 drivers
L_00000203ba8f0820 .functor BUFT 1, C4<000011>, C4<0>, C4<0>, C4<0>;
v00000203ba875e70_0 .net/2u *"_ivl_161", 5 0, L_00000203ba8f0820;  1 drivers
v00000203ba876870_0 .net *"_ivl_163", 0 0, L_00000203ba8cb420;  1 drivers
v00000203ba875b50_0 .net *"_ivl_167", 0 0, L_00000203ba7e0c70;  1 drivers
L_00000203ba8f0868 .functor BUFT 1, C4<000111>, C4<0>, C4<0>, C4<0>;
v00000203ba875bf0_0 .net/2u *"_ivl_169", 5 0, L_00000203ba8f0868;  1 drivers
v00000203ba875fb0_0 .net *"_ivl_171", 0 0, L_00000203ba8cb6a0;  1 drivers
L_00000203ba8f08b0 .functor BUFT 1, C4<00000>, C4<0>, C4<0>, C4<0>;
v00000203ba875c90_0 .net/2u *"_ivl_175", 4 0, L_00000203ba8f08b0;  1 drivers
v00000203ba876230_0 .net *"_ivl_177", 0 0, L_00000203ba8cb1a0;  1 drivers
v00000203ba8762d0_0 .net *"_ivl_179", 0 0, L_00000203ba7e0d50;  1 drivers
L_00000203ba8f08f8 .functor BUFT 1, C4<000010>, C4<0>, C4<0>, C4<0>;
v00000203ba876410_0 .net/2u *"_ivl_181", 5 0, L_00000203ba8f08f8;  1 drivers
v00000203ba874d90_0 .net *"_ivl_183", 0 0, L_00000203ba8cc460;  1 drivers
v00000203ba874b10_0 .net *"_ivl_187", 0 0, L_00000203ba7e17d0;  1 drivers
L_00000203ba8f0940 .functor BUFT 1, C4<000110>, C4<0>, C4<0>, C4<0>;
v00000203ba873490_0 .net/2u *"_ivl_189", 5 0, L_00000203ba8f0940;  1 drivers
v00000203ba874890_0 .net *"_ivl_191", 0 0, L_00000203ba8cc640;  1 drivers
L_00000203ba8f0988 .functor BUFT 1, C4<001001>, C4<0>, C4<0>, C4<0>;
v00000203ba873df0_0 .net/2u *"_ivl_195", 5 0, L_00000203ba8f0988;  1 drivers
L_00000203ba8f09d0 .functor BUFT 1, C4<001010>, C4<0>, C4<0>, C4<0>;
v00000203ba873670_0 .net/2u *"_ivl_199", 5 0, L_00000203ba8f09d0;  1 drivers
L_00000203ba8f0a18 .functor BUFT 1, C4<001011>, C4<0>, C4<0>, C4<0>;
v00000203ba875790_0 .net/2u *"_ivl_203", 5 0, L_00000203ba8f0a18;  1 drivers
L_00000203ba8f0a60 .functor BUFT 1, C4<000100>, C4<0>, C4<0>, C4<0>;
v00000203ba8755b0_0 .net/2u *"_ivl_207", 5 0, L_00000203ba8f0a60;  1 drivers
L_00000203ba8f0aa8 .functor BUFT 1, C4<000001>, C4<0>, C4<0>, C4<0>;
v00000203ba873cb0_0 .net/2u *"_ivl_211", 5 0, L_00000203ba8f0aa8;  1 drivers
v00000203ba874a70_0 .net *"_ivl_213", 0 0, L_00000203ba8cae80;  1 drivers
L_00000203ba8f0af0 .functor BUFT 1, C4<00001>, C4<0>, C4<0>, C4<0>;
v00000203ba873530_0 .net/2u *"_ivl_215", 4 0, L_00000203ba8f0af0;  1 drivers
v00000203ba8751f0_0 .net *"_ivl_217", 0 0, L_00000203ba8cb060;  1 drivers
L_00000203ba8f0b38 .functor BUFT 1, C4<000111>, C4<0>, C4<0>, C4<0>;
v00000203ba875470_0 .net/2u *"_ivl_221", 5 0, L_00000203ba8f0b38;  1 drivers
v00000203ba874570_0 .net *"_ivl_223", 0 0, L_00000203ba8ccd20;  1 drivers
L_00000203ba8f0b80 .functor BUFT 1, C4<00000>, C4<0>, C4<0>, C4<0>;
v00000203ba874610_0 .net/2u *"_ivl_225", 4 0, L_00000203ba8f0b80;  1 drivers
v00000203ba875150_0 .net *"_ivl_227", 0 0, L_00000203ba8ca7a0;  1 drivers
L_00000203ba8f0bc8 .functor BUFT 1, C4<000110>, C4<0>, C4<0>, C4<0>;
v00000203ba874390_0 .net/2u *"_ivl_231", 5 0, L_00000203ba8f0bc8;  1 drivers
v00000203ba873fd0_0 .net *"_ivl_233", 0 0, L_00000203ba8cab60;  1 drivers
L_00000203ba8f0c10 .functor BUFT 1, C4<00000>, C4<0>, C4<0>, C4<0>;
v00000203ba8750b0_0 .net/2u *"_ivl_235", 4 0, L_00000203ba8f0c10;  1 drivers
v00000203ba875290_0 .net *"_ivl_237", 0 0, L_00000203ba8cac00;  1 drivers
v00000203ba873e90_0 .net *"_ivl_24", 0 0, L_00000203ba883b10;  1 drivers
L_00000203ba8f0c58 .functor BUFT 1, C4<000001>, C4<0>, C4<0>, C4<0>;
v00000203ba874ed0_0 .net/2u *"_ivl_241", 5 0, L_00000203ba8f0c58;  1 drivers
v00000203ba874750_0 .net *"_ivl_243", 0 0, L_00000203ba8ca8e0;  1 drivers
L_00000203ba8f0ca0 .functor BUFT 1, C4<00000>, C4<0>, C4<0>, C4<0>;
v00000203ba873c10_0 .net/2u *"_ivl_245", 4 0, L_00000203ba8f0ca0;  1 drivers
v00000203ba8735d0_0 .net *"_ivl_247", 0 0, L_00000203ba8caca0;  1 drivers
L_00000203ba8f0ce8 .functor BUFT 1, C4<000101>, C4<0>, C4<0>, C4<0>;
v00000203ba875010_0 .net/2u *"_ivl_251", 5 0, L_00000203ba8f0ce8;  1 drivers
L_00000203ba8f0d30 .functor BUFT 1, C4<100011>, C4<0>, C4<0>, C4<0>;
v00000203ba873ad0_0 .net/2u *"_ivl_255", 5 0, L_00000203ba8f0d30;  1 drivers
L_00000203ba8f0d78 .functor BUFT 1, C4<101011>, C4<0>, C4<0>, C4<0>;
v00000203ba875510_0 .net/2u *"_ivl_259", 5 0, L_00000203ba8f0d78;  1 drivers
L_00000203ba8f0dc0 .functor BUFT 1, C4<100000>, C4<0>, C4<0>, C4<0>;
v00000203ba874f70_0 .net/2u *"_ivl_263", 5 0, L_00000203ba8f0dc0;  1 drivers
L_00000203ba8f0e08 .functor BUFT 1, C4<100100>, C4<0>, C4<0>, C4<0>;
v00000203ba874c50_0 .net/2u *"_ivl_267", 5 0, L_00000203ba8f0e08;  1 drivers
L_00000203ba8f0e50 .functor BUFT 1, C4<101000>, C4<0>, C4<0>, C4<0>;
v00000203ba875650_0 .net/2u *"_ivl_271", 5 0, L_00000203ba8f0e50;  1 drivers
L_00000203ba8f0e98 .functor BUFT 1, C4<001100>, C4<0>, C4<0>, C4<0>;
v00000203ba8756f0_0 .net/2u *"_ivl_275", 5 0, L_00000203ba8f0e98;  1 drivers
L_00000203ba8f0ee0 .functor BUFT 1, C4<001111>, C4<0>, C4<0>, C4<0>;
v00000203ba8737b0_0 .net/2u *"_ivl_279", 5 0, L_00000203ba8f0ee0;  1 drivers
v00000203ba8747f0_0 .net *"_ivl_28", 0 0, L_00000203ba8859b0;  1 drivers
v00000203ba875330_0 .net *"_ivl_281", 0 0, L_00000203ba8cb2e0;  1 drivers
L_00000203ba8f0f28 .functor BUFT 1, C4<00000>, C4<0>, C4<0>, C4<0>;
v00000203ba873710_0 .net/2u *"_ivl_283", 4 0, L_00000203ba8f0f28;  1 drivers
v00000203ba875970_0 .net *"_ivl_285", 0 0, L_00000203ba8cb380;  1 drivers
L_00000203ba8f0f70 .functor BUFT 1, C4<001101>, C4<0>, C4<0>, C4<0>;
v00000203ba873d50_0 .net/2u *"_ivl_289", 5 0, L_00000203ba8f0f70;  1 drivers
L_00000203ba8f0fb8 .functor BUFT 1, C4<001110>, C4<0>, C4<0>, C4<0>;
v00000203ba8746b0_0 .net/2u *"_ivl_293", 5 0, L_00000203ba8f0fb8;  1 drivers
L_00000203ba8f1000 .functor BUFT 1, C4<000010>, C4<0>, C4<0>, C4<0>;
v00000203ba873f30_0 .net/2u *"_ivl_297", 5 0, L_00000203ba8f1000;  1 drivers
L_00000203ba8f1048 .functor BUFT 1, C4<000011>, C4<0>, C4<0>, C4<0>;
v00000203ba875830_0 .net/2u *"_ivl_301", 5 0, L_00000203ba8f1048;  1 drivers
v00000203ba874930_0 .net *"_ivl_309", 0 0, L_00000203ba899aa0;  1 drivers
v00000203ba874110_0 .net *"_ivl_31", 0 0, L_00000203ba7dfa10;  1 drivers
v00000203ba8749d0_0 .net *"_ivl_311", 0 0, L_00000203ba899f00;  1 drivers
v00000203ba874bb0_0 .net *"_ivl_313", 0 0, L_00000203ba899250;  1 drivers
v00000203ba873b70_0 .net *"_ivl_315", 0 0, L_00000203ba899100;  1 drivers
v00000203ba874e30_0 .net *"_ivl_317", 0 0, L_00000203ba899d40;  1 drivers
v00000203ba874cf0_0 .net *"_ivl_319", 0 0, L_00000203ba899870;  1 drivers
v00000203ba8753d0_0 .net *"_ivl_323", 0 0, L_00000203ba8996b0;  1 drivers
v00000203ba8758d0_0 .net *"_ivl_329", 0 0, L_00000203ba899170;  1 drivers
L_00000203ba8f0310 .functor BUFT 1, C4<100001>, C4<0>, C4<0>, C4<0>;
v00000203ba8741b0_0 .net/2u *"_ivl_33", 5 0, L_00000203ba8f0310;  1 drivers
v00000203ba873850_0 .net *"_ivl_331", 0 0, L_00000203ba899480;  1 drivers
v00000203ba873210_0 .net *"_ivl_333", 0 0, L_00000203ba8994f0;  1 drivers
v00000203ba8732b0_0 .net *"_ivl_35", 0 0, L_00000203ba883250;  1 drivers
v00000203ba8738f0_0 .net *"_ivl_359", 0 0, L_00000203ba899b80;  1 drivers
v00000203ba874250_0 .net *"_ivl_363", 0 0, L_00000203ba899020;  1 drivers
v00000203ba873350_0 .net *"_ivl_365", 0 0, L_00000203ba899560;  1 drivers
v00000203ba8733f0_0 .net *"_ivl_369", 0 0, L_00000203ba8995d0;  1 drivers
v00000203ba873990_0 .net *"_ivl_371", 0 0, L_00000203ba899790;  1 drivers
v00000203ba873a30_0 .net *"_ivl_373", 0 0, L_00000203ba89a4b0;  1 drivers
v00000203ba874070_0 .net *"_ivl_377", 0 0, L_00000203ba8993a0;  1 drivers
v00000203ba8742f0_0 .net *"_ivl_379", 0 0, L_00000203ba899800;  1 drivers
v00000203ba874430_0 .net *"_ivl_381", 0 0, L_00000203ba89a280;  1 drivers
v00000203ba8744d0_0 .net *"_ivl_387", 0 0, L_00000203ba899410;  1 drivers
v00000203ba878800_0 .net *"_ivl_389", 0 0, L_00000203ba898ca0;  1 drivers
v00000203ba877900_0 .net *"_ivl_39", 0 0, L_00000203ba7dfd20;  1 drivers
v00000203ba878b20_0 .net *"_ivl_391", 0 0, L_00000203ba89a050;  1 drivers
v00000203ba877540_0 .net *"_ivl_393", 0 0, L_00000203ba89a0c0;  1 drivers
v00000203ba878bc0_0 .net *"_ivl_395", 0 0, L_00000203ba899a30;  1 drivers
v00000203ba877f40_0 .net *"_ivl_397", 0 0, L_00000203ba899b10;  1 drivers
v00000203ba8797a0_0 .net *"_ivl_399", 0 0, L_00000203ba89a440;  1 drivers
v00000203ba879340_0 .net *"_ivl_4", 63 0, L_00000203ba7e1300;  1 drivers
v00000203ba8779a0_0 .net *"_ivl_401", 0 0, L_00000203ba89a600;  1 drivers
v00000203ba8790c0_0 .net *"_ivl_403", 0 0, L_00000203ba899cd0;  1 drivers
v00000203ba8789e0_0 .net *"_ivl_405", 0 0, L_00000203ba899bf0;  1 drivers
v00000203ba877400_0 .net *"_ivl_407", 0 0, L_00000203ba899c60;  1 drivers
v00000203ba879660_0 .net *"_ivl_409", 0 0, L_00000203ba899f70;  1 drivers
L_00000203ba8f0358 .functor BUFT 1, C4<100011>, C4<0>, C4<0>, C4<0>;
v00000203ba877c20_0 .net/2u *"_ivl_41", 5 0, L_00000203ba8f0358;  1 drivers
v00000203ba879020_0 .net *"_ivl_411", 0 0, L_00000203ba89a520;  1 drivers
v00000203ba8772c0_0 .net *"_ivl_415", 0 0, L_00000203ba899e20;  1 drivers
v00000203ba878c60_0 .net *"_ivl_420", 3 0, L_00000203ba8cb4c0;  1 drivers
L_00000203ba8f1090 .functor BUFT 1, C4<00>, C4<0>, C4<0>, C4<0>;
v00000203ba879520_0 .net/2u *"_ivl_421", 1 0, L_00000203ba8f1090;  1 drivers
v00000203ba878d00_0 .net *"_ivl_423", 31 0, L_00000203ba8cb560;  1 drivers
v00000203ba8774a0_0 .net *"_ivl_43", 0 0, L_00000203ba883c50;  1 drivers
v00000203ba878260_0 .net *"_ivl_430", 0 0, L_00000203ba8cb9c0;  1 drivers
v00000203ba877720_0 .net *"_ivl_435", 0 0, L_00000203ba89a210;  1 drivers
v00000203ba877a40_0 .net *"_ivl_437", 0 0, L_00000203ba89a2f0;  1 drivers
v00000203ba8775e0_0 .net *"_ivl_439", 0 0, L_00000203ba89a360;  1 drivers
v00000203ba877ea0_0 .net *"_ivl_441", 0 0, L_00000203ba89a3d0;  1 drivers
v00000203ba877ae0_0 .net *"_ivl_443", 0 0, L_00000203ba89a590;  1 drivers
v00000203ba877360_0 .net *"_ivl_445", 0 0, L_00000203ba898d10;  1 drivers
v00000203ba8793e0_0 .net *"_ivl_447", 0 0, L_00000203ba898df0;  1 drivers
v00000203ba877680_0 .net *"_ivl_449", 0 0, L_00000203ba89ba90;  1 drivers
v00000203ba877860_0 .net *"_ivl_451", 0 0, L_00000203ba89ad00;  1 drivers
v00000203ba878940_0 .net *"_ivl_453", 0 0, L_00000203ba89bef0;  1 drivers
v00000203ba877e00_0 .net *"_ivl_455", 0 0, L_00000203ba89a670;  1 drivers
v00000203ba878a80_0 .net *"_ivl_457", 0 0, L_00000203ba89af30;  1 drivers
v00000203ba878da0_0 .net *"_ivl_459", 0 0, L_00000203ba89ad70;  1 drivers
v00000203ba877220_0 .net *"_ivl_461", 0 0, L_00000203ba89c040;  1 drivers
v00000203ba878e40_0 .net *"_ivl_463", 0 0, L_00000203ba89c200;  1 drivers
v00000203ba879480_0 .net *"_ivl_465", 0 0, L_00000203ba89bd30;  1 drivers
v00000203ba877fe0_0 .net *"_ivl_47", 0 0, L_00000203ba7e1370;  1 drivers
v00000203ba8783a0_0 .net *"_ivl_472", 29 0, L_00000203ba8cba60;  1 drivers
v00000203ba877b80_0 .net *"_ivl_474", 0 0, L_00000203ba8cbb00;  1 drivers
v00000203ba879980_0 .net *"_ivl_475", 13 0, L_00000203ba8cc5a0;  1 drivers
v00000203ba878ee0_0 .net *"_ivl_477", 29 0, L_00000203ba8cbba0;  1 drivers
v00000203ba878f80_0 .net *"_ivl_479", 29 0, L_00000203ba8caa20;  1 drivers
v00000203ba8795c0_0 .net *"_ivl_485", 1 0, L_00000203ba8cbc40;  1 drivers
L_00000203ba8f03a0 .functor BUFT 1, C4<101010>, C4<0>, C4<0>, C4<0>;
v00000203ba8777c0_0 .net/2u *"_ivl_49", 5 0, L_00000203ba8f03a0;  1 drivers
L_00000203ba8f10d8 .functor BUFT 1, C4<000000000000000000000000000>, C4<0>, C4<0>, C4<0>;
v00000203ba879160_0 .net/2u *"_ivl_494", 26 0, L_00000203ba8f10d8;  1 drivers
v00000203ba879840_0 .net *"_ivl_496", 31 0, L_00000203ba8cca00;  1 drivers
v00000203ba879200_0 .net *"_ivl_498", 31 0, L_00000203ba8cbec0;  1 drivers
L_00000203ba8f1120 .functor BUFT 1, C4<00000000000000000000000000000100>, C4<0>, C4<0>, C4<0>;
v00000203ba877cc0_0 .net/2u *"_ivl_502", 31 0, L_00000203ba8f1120;  1 drivers
L_00000203ba8f1168 .functor BUFT 1, C4<0000000000000000>, C4<0>, C4<0>, C4<0>;
v00000203ba8792a0_0 .net/2u *"_ivl_504", 15 0, L_00000203ba8f1168;  1 drivers
v00000203ba8788a0_0 .net *"_ivl_506", 31 0, L_00000203ba8ccb40;  1 drivers
v00000203ba877d60_0 .net *"_ivl_509", 0 0, L_00000203ba8cbf60;  1 drivers
v00000203ba8786c0_0 .net *"_ivl_51", 0 0, L_00000203ba884b50;  1 drivers
v00000203ba879700_0 .net *"_ivl_510", 15 0, L_00000203ba8cc0a0;  1 drivers
v00000203ba878080_0 .net *"_ivl_512", 31 0, L_00000203ba8ccbe0;  1 drivers
v00000203ba878120_0 .net *"_ivl_514", 31 0, L_00000203ba8cc140;  1 drivers
v00000203ba8781c0_0 .net *"_ivl_516", 31 0, L_00000203ba8cc3c0;  1 drivers
v00000203ba878300_0 .net *"_ivl_528", 0 0, L_00000203ba89b860;  1 drivers
L_00000203ba8f11b0 .functor BUFT 1, C4<11111>, C4<0>, C4<0>, C4<0>;
v00000203ba8798e0_0 .net/2u *"_ivl_532", 4 0, L_00000203ba8f11b0;  1 drivers
L_00000203ba8f11f8 .functor BUFT 1, C4<00000>, C4<0>, C4<0>, C4<0>;
v00000203ba878440_0 .net/2u *"_ivl_534", 4 0, L_00000203ba8f11f8;  1 drivers
v00000203ba8784e0_0 .net *"_ivl_536", 4 0, L_00000203ba8caac0;  1 drivers
v00000203ba878580_0 .net *"_ivl_538", 4 0, L_00000203ba8cf5c0;  1 drivers
v00000203ba878620_0 .net *"_ivl_55", 0 0, L_00000203ba7dfe70;  1 drivers
L_00000203ba8f03e8 .functor BUFT 1, C4<101011>, C4<0>, C4<0>, C4<0>;
v00000203ba878760_0 .net/2u *"_ivl_57", 5 0, L_00000203ba8f03e8;  1 drivers
v00000203ba87a560_0 .net *"_ivl_59", 0 0, L_00000203ba884510;  1 drivers
L_00000203ba8f0430 .functor BUFT 1, C4<00000>, C4<0>, C4<0>, C4<0>;
v00000203ba87a100_0 .net/2u *"_ivl_63", 4 0, L_00000203ba8f0430;  1 drivers
v00000203ba87a380_0 .net *"_ivl_65", 0 0, L_00000203ba8848d0;  1 drivers
v00000203ba87a1a0_0 .net *"_ivl_67", 0 0, L_00000203ba7e09d0;  1 drivers
L_00000203ba8f0478 .functor BUFT 1, C4<11111>, C4<0>, C4<0>, C4<0>;
v00000203ba87b820_0 .net/2u *"_ivl_69", 4 0, L_00000203ba8f0478;  1 drivers
v00000203ba87b8c0_0 .net *"_ivl_71", 0 0, L_00000203ba8841f0;  1 drivers
v00000203ba87a2e0_0 .net *"_ivl_73", 0 0, L_00000203ba7e1140;  1 drivers
v00000203ba87a600_0 .net *"_ivl_75", 0 0, L_00000203ba7df9a0;  1 drivers
L_00000203ba8f04c0 .functor BUFT 1, C4<001001>, C4<0>, C4<0>, C4<0>;
v00000203ba87b0a0_0 .net/2u *"_ivl_77", 5 0, L_00000203ba8f04c0;  1 drivers
v00000203ba87c040_0 .net *"_ivl_79", 0 0, L_00000203ba883cf0;  1 drivers
L_00000203ba8f0508 .functor BUFT 1, C4<00000>, C4<0>, C4<0>, C4<0>;
v00000203ba87ae20_0 .net/2u *"_ivl_83", 4 0, L_00000203ba8f0508;  1 drivers
v00000203ba87a240_0 .net *"_ivl_85", 0 0, L_00000203ba883e30;  1 drivers
v00000203ba879de0_0 .net *"_ivl_87", 0 0, L_00000203ba7e0260;  1 drivers
L_00000203ba8f0550 .functor BUFT 1, C4<00000>, C4<0>, C4<0>, C4<0>;
v00000203ba87aec0_0 .net/2u *"_ivl_89", 4 0, L_00000203ba8f0550;  1 drivers
v00000203ba87ac40_0 .net *"_ivl_91", 0 0, L_00000203ba8840b0;  1 drivers
v00000203ba87b6e0_0 .net *"_ivl_93", 0 0, L_00000203ba7e13e0;  1 drivers
v00000203ba87b460_0 .net *"_ivl_95", 0 0, L_00000203ba7e1450;  1 drivers
L_00000203ba8f0598 .functor BUFT 1, C4<001000>, C4<0>, C4<0>, C4<0>;
v00000203ba87bdc0_0 .net/2u *"_ivl_97", 5 0, L_00000203ba8f0598;  1 drivers
v00000203ba87bc80_0 .net *"_ivl_99", 0 0, L_00000203ba8845b0;  1 drivers
v00000203ba87af60_0 .net "alu_control", 11 0, L_00000203ba8cc6e0;  1 drivers
v00000203ba87b500_0 .net "alu_operand1", 31 0, L_00000203ba8ccaa0;  1 drivers
v00000203ba87b960_0 .net "alu_operand2", 31 0, L_00000203ba8cc500;  1 drivers
v00000203ba87b140_0 .net "br_taken", 0 0, L_00000203ba89bda0;  1 drivers
v00000203ba87c180_0 .net "br_target", 31 0, L_00000203ba8ca840;  1 drivers
v00000203ba87ba00_0 .net "funct", 5 0, L_00000203ba885690;  1 drivers
v00000203ba87baa0_0 .net "imm", 15 0, L_00000203ba883f70;  1 drivers
v00000203ba87b1e0_0 .net "inst", 31 0, L_00000203ba885230;  1 drivers
v00000203ba879b60_0 .net "inst_ADDIU", 0 0, L_00000203ba8cb240;  1 drivers
v00000203ba87ad80_0 .net "inst_ADDU", 0 0, L_00000203ba7e01f0;  1 drivers
v00000203ba87c0e0_0 .net "inst_AND", 0 0, L_00000203ba7dfe00;  1 drivers
v00000203ba87a420_0 .net "inst_ANDI", 0 0, L_00000203ba8cade0;  1 drivers
v00000203ba87b280_0 .net "inst_BEQ", 0 0, L_00000203ba8cc8c0;  1 drivers
v00000203ba87b000_0 .net "inst_BGEZ", 0 0, L_00000203ba7e1760;  1 drivers
v00000203ba87be60_0 .net "inst_BGTZ", 0 0, L_00000203ba7e1530;  1 drivers
v00000203ba87a4c0_0 .net "inst_BLEZ", 0 0, L_00000203ba7e1680;  1 drivers
v00000203ba87b5a0_0 .net "inst_BLTZ", 0 0, L_00000203ba7e1610;  1 drivers
v00000203ba87b320_0 .net "inst_BNE", 0 0, L_00000203ba8caf20;  1 drivers
v00000203ba87b640_0 .net "inst_J", 0 0, L_00000203ba8cb880;  1 drivers
v00000203ba879e80_0 .net "inst_JAL", 0 0, L_00000203ba8cb7e0;  1 drivers
v00000203ba87bbe0_0 .net "inst_JALR", 0 0, L_00000203ba7dfaf0;  1 drivers
v00000203ba87bb40_0 .net "inst_JR", 0 0, L_00000203ba7dfd90;  1 drivers
v00000203ba87bd20_0 .net "inst_LB", 0 0, L_00000203ba8cc960;  1 drivers
v00000203ba87a6a0_0 .net "inst_LBU", 0 0, L_00000203ba8cad40;  1 drivers
v00000203ba87a740_0 .net "inst_LUI", 0 0, L_00000203ba7e16f0;  1 drivers
v00000203ba87b780_0 .net "inst_LW", 0 0, L_00000203ba8cafc0;  1 drivers
v00000203ba87bf00_0 .net "inst_NOR", 0 0, L_00000203ba7e00a0;  1 drivers
v00000203ba87aba0_0 .net "inst_OR", 0 0, L_00000203ba7e0b20;  1 drivers
v00000203ba87bfa0_0 .net "inst_ORI", 0 0, L_00000203ba8cb740;  1 drivers
v00000203ba879f20_0 .net "inst_SB", 0 0, L_00000203ba8cb100;  1 drivers
v00000203ba87b3c0_0 .net "inst_SLL", 0 0, L_00000203ba7e0a40;  1 drivers
v00000203ba879a20_0 .net "inst_SLLV", 0 0, L_00000203ba7e0650;  1 drivers
v00000203ba87a7e0_0 .net "inst_SLT", 0 0, L_00000203ba7e0490;  1 drivers
v00000203ba879ac0_0 .net "inst_SLTI", 0 0, L_00000203ba8ccc80;  1 drivers
v00000203ba879c00_0 .net "inst_SLTIU", 0 0, L_00000203ba8cbce0;  1 drivers
v00000203ba879ca0_0 .net "inst_SLTU", 0 0, L_00000203ba7e10d0;  1 drivers
v00000203ba879d40_0 .net "inst_SRA", 0 0, L_00000203ba7e0c00;  1 drivers
v00000203ba879fc0_0 .net "inst_SRAV", 0 0, L_00000203ba7e0ce0;  1 drivers
v00000203ba87a060_0 .net "inst_SRL", 0 0, L_00000203ba7e15a0;  1 drivers
v00000203ba87a880_0 .net "inst_SRLV", 0 0, L_00000203ba7e1840;  1 drivers
v00000203ba87a920_0 .net "inst_SUBU", 0 0, L_00000203ba7e05e0;  1 drivers
v00000203ba87a9c0_0 .net "inst_SW", 0 0, L_00000203ba8cc320;  1 drivers
v00000203ba87aa60_0 .net "inst_XOR", 0 0, L_00000203ba7e0420;  1 drivers
v00000203ba87ab00_0 .net "inst_XORI", 0 0, L_00000203ba8cce60;  1 drivers
v00000203ba87ace0_0 .net "inst_add", 0 0, L_00000203ba898b50;  1 drivers
v00000203ba87d4e0_0 .net "inst_and", 0 0, L_00000203ba8992c0;  1 drivers
v00000203ba87cf40_0 .net "inst_imm_sign", 0 0, L_00000203ba899090;  1 drivers
v00000203ba87e480_0 .net "inst_imm_zero", 0 0, L_00000203ba89a1a0;  1 drivers
v00000203ba87d760_0 .net "inst_j_link", 0 0, L_00000203ba898e60;  1 drivers
v00000203ba87cea0_0 .net "inst_jr", 0 0, L_00000203ba68e790;  1 drivers
v00000203ba87d800_0 .net "inst_load", 0 0, L_00000203ba898c30;  1 drivers
v00000203ba87e0c0_0 .net "inst_lui", 0 0, L_00000203ba8999c0;  1 drivers
v00000203ba87c5e0_0 .net "inst_nor", 0 0, L_00000203ba899db0;  1 drivers
v00000203ba87da80_0 .net "inst_or", 0 0, L_00000203ba898ae0;  1 drivers
v00000203ba87e2a0_0 .net "inst_shf_sa", 0 0, L_00000203ba899720;  1 drivers
v00000203ba87e160_0 .net "inst_sll", 0 0, L_00000203ba899330;  1 drivers
v00000203ba87d580_0 .net "inst_slt", 0 0, L_00000203ba898ed0;  1 drivers
v00000203ba87c7c0_0 .net "inst_sltu", 0 0, L_00000203ba8991e0;  1 drivers
v00000203ba87d8a0_0 .net "inst_sra", 0 0, L_00000203ba898d80;  1 drivers
v00000203ba87e7a0_0 .net "inst_srl", 0 0, L_00000203ba899640;  1 drivers
v00000203ba87d080_0 .net "inst_store", 0 0, L_00000203ba899950;  1 drivers
v00000203ba87d440_0 .net "inst_sub", 0 0, L_00000203ba898f40;  1 drivers
v00000203ba87d120_0 .net "inst_wdest_31", 0 0, L_00000203ba898bc0;  1 drivers
v00000203ba87cfe0_0 .net "inst_wdest_rd", 0 0, L_00000203ba898a70;  1 drivers
v00000203ba87d3a0_0 .net "inst_wdest_rt", 0 0, L_00000203ba899fe0;  1 drivers
v00000203ba87d940_0 .net "inst_xor", 0 0, L_00000203ba898fb0;  1 drivers
v00000203ba87c680_0 .net "j_taken", 0 0, L_00000203ba899e90;  1 drivers
v00000203ba87dc60_0 .net "j_target", 31 0, L_00000203ba8ca980;  1 drivers
v00000203ba87d9e0_0 .net "jbr_bus", 32 0, L_00000203ba8cc000;  alias, 1 drivers
v00000203ba87db20_0 .net "jbr_not_link", 0 0, L_00000203ba8998e0;  alias, 1 drivers
v00000203ba87dbc0_0 .net "jbr_taken", 0 0, L_00000203ba89a750;  1 drivers
v00000203ba87d260_0 .net "jbr_target", 31 0, L_00000203ba8cbe20;  1 drivers
v00000203ba87d620_0 .net "lb_sign", 0 0, L_00000203ba89b160;  1 drivers
v00000203ba87e660_0 .net "ls_word", 0 0, L_00000203ba89c190;  1 drivers
v00000203ba87c540_0 .net "mem_control", 3 0, L_00000203ba8ccf00;  1 drivers
v00000203ba87dd00_0 .net "offset", 15 0, L_00000203ba8852d0;  1 drivers
v00000203ba87dda0_0 .net "op", 5 0, L_00000203ba884290;  1 drivers
v00000203ba87d300_0 .net "op_zero", 0 0, L_00000203ba7e0500;  1 drivers
v00000203ba87d6c0_0 .net "pc", 31 0, L_00000203ba884830;  1 drivers
v00000203ba87de40_0 .net "rd", 4 0, L_00000203ba8846f0;  1 drivers
v00000203ba87dee0_0 .net "rf_wdest", 4 0, L_00000203ba8cd400;  1 drivers
v00000203ba87df80_0 .net "rf_wen", 0 0, L_00000203ba89b5c0;  1 drivers
v00000203ba87ca40_0 .net "rs", 4 0, L_00000203ba883750;  alias, 1 drivers
v00000203ba87cc20_0 .net "rs_equql_rt", 0 0, L_00000203ba8cb920;  1 drivers
v00000203ba87e700_0 .net "rs_ez", 0 0, L_00000203ba89a130;  1 drivers
v00000203ba87c720_0 .net "rs_ltz", 0 0, L_00000203ba8cbd80;  1 drivers
v00000203ba87e840_0 .net "rs_value", 31 0, v00000203ba881c70_0;  alias, 1 drivers
v00000203ba87e8e0_0 .net "rt", 4 0, L_00000203ba883930;  alias, 1 drivers
v00000203ba87c400_0 .net "rt_value", 31 0, v00000203ba880f50_0;  alias, 1 drivers
v00000203ba87e020_0 .net "sa", 4 0, L_00000203ba884470;  1 drivers
v00000203ba87ccc0_0 .net "sa_zero", 0 0, L_00000203ba7e06c0;  1 drivers
v00000203ba87e200_0 .net "store_data", 31 0, L_00000203ba89b710;  1 drivers
v00000203ba87c860_0 .net "target", 25 0, L_00000203ba885870;  1 drivers
L_00000203ba884830 .part L_00000203ba7e1300, 32, 32;
L_00000203ba885230 .part L_00000203ba7e1300, 0, 32;
L_00000203ba884290 .part L_00000203ba885230, 26, 6;
L_00000203ba883750 .part L_00000203ba885230, 21, 5;
L_00000203ba883930 .part L_00000203ba885230, 16, 5;
L_00000203ba8846f0 .part L_00000203ba885230, 11, 5;
L_00000203ba884470 .part L_00000203ba885230, 6, 5;
L_00000203ba885690 .part L_00000203ba885230, 0, 6;
L_00000203ba883f70 .part L_00000203ba885230, 0, 16;
L_00000203ba8852d0 .part L_00000203ba885230, 0, 16;
L_00000203ba885870 .part L_00000203ba885230, 0, 26;
L_00000203ba883b10 .reduce/or L_00000203ba884290;
L_00000203ba8859b0 .reduce/or L_00000203ba884470;
L_00000203ba883250 .cmp/eq 6, L_00000203ba885690, L_00000203ba8f0310;
L_00000203ba883c50 .cmp/eq 6, L_00000203ba885690, L_00000203ba8f0358;
L_00000203ba884b50 .cmp/eq 6, L_00000203ba885690, L_00000203ba8f03a0;
L_00000203ba884510 .cmp/eq 6, L_00000203ba885690, L_00000203ba8f03e8;
L_00000203ba8848d0 .cmp/eq 5, L_00000203ba883930, L_00000203ba8f0430;
L_00000203ba8841f0 .cmp/eq 5, L_00000203ba8846f0, L_00000203ba8f0478;
L_00000203ba883cf0 .cmp/eq 6, L_00000203ba885690, L_00000203ba8f04c0;
L_00000203ba883e30 .cmp/eq 5, L_00000203ba883930, L_00000203ba8f0508;
L_00000203ba8840b0 .cmp/eq 5, L_00000203ba8846f0, L_00000203ba8f0550;
L_00000203ba8845b0 .cmp/eq 6, L_00000203ba885690, L_00000203ba8f0598;
L_00000203ba884a10 .cmp/eq 6, L_00000203ba885690, L_00000203ba8f05e0;
L_00000203ba884330 .cmp/eq 6, L_00000203ba885690, L_00000203ba8f0628;
L_00000203ba8cc280 .cmp/eq 6, L_00000203ba885690, L_00000203ba8f0670;
L_00000203ba8ccdc0 .cmp/eq 6, L_00000203ba885690, L_00000203ba8f06b8;
L_00000203ba8cc1e0 .cmp/eq 5, L_00000203ba883750, L_00000203ba8f0700;
L_00000203ba8cc780 .cmp/eq 6, L_00000203ba885690, L_00000203ba8f0748;
L_00000203ba8cc820 .cmp/eq 6, L_00000203ba885690, L_00000203ba8f0790;
L_00000203ba8cb600 .cmp/eq 5, L_00000203ba883750, L_00000203ba8f07d8;
L_00000203ba8cb420 .cmp/eq 6, L_00000203ba885690, L_00000203ba8f0820;
L_00000203ba8cb6a0 .cmp/eq 6, L_00000203ba885690, L_00000203ba8f0868;
L_00000203ba8cb1a0 .cmp/eq 5, L_00000203ba883750, L_00000203ba8f08b0;
L_00000203ba8cc460 .cmp/eq 6, L_00000203ba885690, L_00000203ba8f08f8;
L_00000203ba8cc640 .cmp/eq 6, L_00000203ba885690, L_00000203ba8f0940;
L_00000203ba8cb240 .cmp/eq 6, L_00000203ba884290, L_00000203ba8f0988;
L_00000203ba8ccc80 .cmp/eq 6, L_00000203ba884290, L_00000203ba8f09d0;
L_00000203ba8cbce0 .cmp/eq 6, L_00000203ba884290, L_00000203ba8f0a18;
L_00000203ba8cc8c0 .cmp/eq 6, L_00000203ba884290, L_00000203ba8f0a60;
L_00000203ba8cae80 .cmp/eq 6, L_00000203ba884290, L_00000203ba8f0aa8;
L_00000203ba8cb060 .cmp/eq 5, L_00000203ba883930, L_00000203ba8f0af0;
L_00000203ba8ccd20 .cmp/eq 6, L_00000203ba884290, L_00000203ba8f0b38;
L_00000203ba8ca7a0 .cmp/eq 5, L_00000203ba883930, L_00000203ba8f0b80;
L_00000203ba8cab60 .cmp/eq 6, L_00000203ba884290, L_00000203ba8f0bc8;
L_00000203ba8cac00 .cmp/eq 5, L_00000203ba883930, L_00000203ba8f0c10;
L_00000203ba8ca8e0 .cmp/eq 6, L_00000203ba884290, L_00000203ba8f0c58;
L_00000203ba8caca0 .cmp/eq 5, L_00000203ba883930, L_00000203ba8f0ca0;
L_00000203ba8caf20 .cmp/eq 6, L_00000203ba884290, L_00000203ba8f0ce8;
L_00000203ba8cafc0 .cmp/eq 6, L_00000203ba884290, L_00000203ba8f0d30;
L_00000203ba8cc320 .cmp/eq 6, L_00000203ba884290, L_00000203ba8f0d78;
L_00000203ba8cc960 .cmp/eq 6, L_00000203ba884290, L_00000203ba8f0dc0;
L_00000203ba8cad40 .cmp/eq 6, L_00000203ba884290, L_00000203ba8f0e08;
L_00000203ba8cb100 .cmp/eq 6, L_00000203ba884290, L_00000203ba8f0e50;
L_00000203ba8cade0 .cmp/eq 6, L_00000203ba884290, L_00000203ba8f0e98;
L_00000203ba8cb2e0 .cmp/eq 6, L_00000203ba884290, L_00000203ba8f0ee0;
L_00000203ba8cb380 .cmp/eq 5, L_00000203ba883750, L_00000203ba8f0f28;
L_00000203ba8cb740 .cmp/eq 6, L_00000203ba884290, L_00000203ba8f0f70;
L_00000203ba8cce60 .cmp/eq 6, L_00000203ba884290, L_00000203ba8f0fb8;
L_00000203ba8cb880 .cmp/eq 6, L_00000203ba884290, L_00000203ba8f1000;
L_00000203ba8cb7e0 .cmp/eq 6, L_00000203ba884290, L_00000203ba8f1048;
L_00000203ba8cb4c0 .part L_00000203ba884830, 28, 4;
L_00000203ba8cb560 .concat [ 2 26 4 0], L_00000203ba8f1090, L_00000203ba885870, L_00000203ba8cb4c0;
L_00000203ba8ca980 .functor MUXZ 32, L_00000203ba8cb560, v00000203ba881c70_0, L_00000203ba68e790, C4<>;
L_00000203ba8cb920 .cmp/eq 32, v00000203ba881c70_0, v00000203ba880f50_0;
L_00000203ba8cb9c0 .reduce/or v00000203ba881c70_0;
L_00000203ba8cbd80 .part v00000203ba881c70_0, 31, 1;
L_00000203ba8cba60 .part L_00000203ba884830, 2, 30;
L_00000203ba8cbb00 .part L_00000203ba8852d0, 15, 1;
LS_00000203ba8cc5a0_0_0 .concat [ 1 1 1 1], L_00000203ba8cbb00, L_00000203ba8cbb00, L_00000203ba8cbb00, L_00000203ba8cbb00;
LS_00000203ba8cc5a0_0_4 .concat [ 1 1 1 1], L_00000203ba8cbb00, L_00000203ba8cbb00, L_00000203ba8cbb00, L_00000203ba8cbb00;
LS_00000203ba8cc5a0_0_8 .concat [ 1 1 1 1], L_00000203ba8cbb00, L_00000203ba8cbb00, L_00000203ba8cbb00, L_00000203ba8cbb00;
LS_00000203ba8cc5a0_0_12 .concat [ 1 1 0 0], L_00000203ba8cbb00, L_00000203ba8cbb00;
L_00000203ba8cc5a0 .concat [ 4 4 4 2], LS_00000203ba8cc5a0_0_0, LS_00000203ba8cc5a0_0_4, LS_00000203ba8cc5a0_0_8, LS_00000203ba8cc5a0_0_12;
L_00000203ba8cbba0 .concat [ 16 14 0 0], L_00000203ba8852d0, L_00000203ba8cc5a0;
L_00000203ba8caa20 .arith/sum 30, L_00000203ba8cba60, L_00000203ba8cbba0;
L_00000203ba8ca840 .concat8 [ 2 30 0 0], L_00000203ba8cbc40, L_00000203ba8caa20;
L_00000203ba8cbc40 .part L_00000203ba884830, 0, 2;
L_00000203ba8cbe20 .functor MUXZ 32, L_00000203ba8ca840, L_00000203ba8ca980, L_00000203ba899e90, C4<>;
L_00000203ba8cc000 .concat [ 32 1 0 0], L_00000203ba8cbe20, L_00000203ba89a750;
L_00000203ba8cca00 .concat [ 5 27 0 0], L_00000203ba884470, L_00000203ba8f10d8;
L_00000203ba8cbec0 .functor MUXZ 32, v00000203ba881c70_0, L_00000203ba8cca00, L_00000203ba899720, C4<>;
L_00000203ba8ccaa0 .functor MUXZ 32, L_00000203ba8cbec0, L_00000203ba884830, L_00000203ba898e60, C4<>;
L_00000203ba8ccb40 .concat [ 16 16 0 0], L_00000203ba883f70, L_00000203ba8f1168;
L_00000203ba8cbf60 .part L_00000203ba883f70, 15, 1;
LS_00000203ba8cc0a0_0_0 .concat [ 1 1 1 1], L_00000203ba8cbf60, L_00000203ba8cbf60, L_00000203ba8cbf60, L_00000203ba8cbf60;
LS_00000203ba8cc0a0_0_4 .concat [ 1 1 1 1], L_00000203ba8cbf60, L_00000203ba8cbf60, L_00000203ba8cbf60, L_00000203ba8cbf60;
LS_00000203ba8cc0a0_0_8 .concat [ 1 1 1 1], L_00000203ba8cbf60, L_00000203ba8cbf60, L_00000203ba8cbf60, L_00000203ba8cbf60;
LS_00000203ba8cc0a0_0_12 .concat [ 1 1 1 1], L_00000203ba8cbf60, L_00000203ba8cbf60, L_00000203ba8cbf60, L_00000203ba8cbf60;
L_00000203ba8cc0a0 .concat [ 4 4 4 4], LS_00000203ba8cc0a0_0_0, LS_00000203ba8cc0a0_0_4, LS_00000203ba8cc0a0_0_8, LS_00000203ba8cc0a0_0_12;
L_00000203ba8ccbe0 .concat [ 16 16 0 0], L_00000203ba883f70, L_00000203ba8cc0a0;
L_00000203ba8cc140 .functor MUXZ 32, v00000203ba880f50_0, L_00000203ba8ccbe0, L_00000203ba899090, C4<>;
L_00000203ba8cc3c0 .functor MUXZ 32, L_00000203ba8cc140, L_00000203ba8ccb40, L_00000203ba89a1a0, C4<>;
L_00000203ba8cc500 .functor MUXZ 32, L_00000203ba8cc3c0, L_00000203ba8f1120, L_00000203ba898e60, C4<>;
LS_00000203ba8cc6e0_0_0 .concat [ 1 1 1 1], L_00000203ba8999c0, L_00000203ba898d80, L_00000203ba899640, L_00000203ba899330;
LS_00000203ba8cc6e0_0_4 .concat [ 1 1 1 1], L_00000203ba898fb0, L_00000203ba898ae0, L_00000203ba899db0, L_00000203ba8992c0;
LS_00000203ba8cc6e0_0_8 .concat [ 1 1 1 1], L_00000203ba8991e0, L_00000203ba898ed0, L_00000203ba898f40, L_00000203ba898b50;
L_00000203ba8cc6e0 .concat [ 4 4 4 0], LS_00000203ba8cc6e0_0_0, LS_00000203ba8cc6e0_0_4, LS_00000203ba8cc6e0_0_8;
L_00000203ba8ccf00 .concat [ 1 1 1 1], L_00000203ba89b160, L_00000203ba89c190, L_00000203ba899950, L_00000203ba898c30;
L_00000203ba8caac0 .functor MUXZ 5, L_00000203ba8f11f8, L_00000203ba8846f0, L_00000203ba898a70, C4<>;
L_00000203ba8cf5c0 .functor MUXZ 5, L_00000203ba8caac0, L_00000203ba8f11b0, L_00000203ba898bc0, C4<>;
L_00000203ba8cd400 .functor MUXZ 5, L_00000203ba8cf5c0, L_00000203ba883930, L_00000203ba899fe0, C4<>;
LS_00000203ba8cef80_0_0 .concat [ 32 5 1 32], L_00000203ba884830, L_00000203ba8cd400, L_00000203ba89b5c0, L_00000203ba89b710;
LS_00000203ba8cef80_0_4 .concat [ 4 32 32 12], L_00000203ba8ccf00, L_00000203ba8cc500, L_00000203ba8ccaa0, L_00000203ba8cc6e0;
L_00000203ba8cef80 .concat [ 70 80 0 0], LS_00000203ba8cef80_0_0, LS_00000203ba8cef80_0_4;
S_00000203ba635060 .scope module, "IF_module" "fetch" 3 214, 8 9 0, S_00000203ba68d960;
 .timescale -9 -12;
    .port_info 0 /INPUT 1 "clk";
    .port_info 1 /INPUT 1 "resetn";
    .port_info 2 /INPUT 1 "IF_valid";
    .port_info 3 /INPUT 1 "next_fetch";
    .port_info 4 /INPUT 32 "inst";
    .port_info 5 /INPUT 33 "jbr_bus";
    .port_info 6 /OUTPUT 32 "inst_addr";
    .port_info 7 /OUTPUT 1 "IF_over";
    .port_info 8 /OUTPUT 64 "IF_ID_bus";
    .port_info 9 /OUTPUT 32 "IF_pc";
    .port_info 10 /OUTPUT 32 "IF_inst";
L_00000203ba7e1060 .functor BUFZ 33, L_00000203ba8cc000, C4<000000000000000000000000000000000>, C4<000000000000000000000000000000000>, C4<000000000000000000000000000000000>;
L_00000203ba7e0180 .functor BUFZ 32, v00000203ba87eca0_0, C4<00000000000000000000000000000000>, C4<00000000000000000000000000000000>, C4<00000000000000000000000000000000>;
L_00000203ba7e0730 .functor BUFZ 32, v00000203ba87ed40_0, C4<00000000000000000000000000000000>, C4<00000000000000000000000000000000>, C4<00000000000000000000000000000000>;
L_00000203ba7dfbd0 .functor BUFZ 32, o00000203ba81d638, C4<00000000000000000000000000000000>, C4<00000000000000000000000000000000>, C4<00000000000000000000000000000000>;
v00000203ba87e340_0 .net "IF_ID_bus", 63 0, L_00000203ba8855f0;  alias, 1 drivers
v00000203ba87d1c0_0 .net "IF_inst", 31 0, L_00000203ba7dfbd0;  alias, 1 drivers
v00000203ba87c9a0_0 .var "IF_over", 0 0;
v00000203ba87e980_0 .net "IF_pc", 31 0, L_00000203ba7e0730;  alias, 1 drivers
v00000203ba87e3e0_0 .net "IF_valid", 0 0, L_00000203ba884c90;  alias, 1 drivers
v00000203ba87e520_0 .net *"_ivl_11", 29 0, L_00000203ba8843d0;  1 drivers
v00000203ba87e5c0_0 .net *"_ivl_17", 1 0, L_00000203ba885550;  1 drivers
v00000203ba87c900_0 .net *"_ivl_4", 32 0, L_00000203ba7e1060;  1 drivers
v00000203ba87c220_0 .net *"_ivl_8", 29 0, L_00000203ba885050;  1 drivers
L_00000203ba8f02c8 .functor BUFT 1, C4<000000000000000000000000000001>, C4<0>, C4<0>, C4<0>;
v00000203ba87c2c0_0 .net/2u *"_ivl_9", 29 0, L_00000203ba8f02c8;  1 drivers
v00000203ba87c360_0 .net "clk", 0 0, o00000203ba81d608;  alias, 0 drivers
v00000203ba87cae0_0 .net "inst", 31 0, o00000203ba81d638;  alias, 0 drivers
v00000203ba87c4a0_0 .net "inst_addr", 31 0, L_00000203ba7e0180;  alias, 1 drivers
v00000203ba87cb80_0 .net "jbr_bus", 32 0, L_00000203ba8cc000;  alias, 1 drivers
v00000203ba87cd60_0 .net "jbr_taken", 0 0, L_00000203ba883a70;  1 drivers
v00000203ba87ce00_0 .net "jbr_target", 31 0, L_00000203ba884dd0;  1 drivers
v00000203ba87ede0_0 .net "next_fetch", 0 0, L_00000203ba7e0110;  alias, 1 drivers
v00000203ba87ec00_0 .net "next_pc", 31 0, L_00000203ba885190;  1 drivers
v00000203ba87eca0_0 .var "pc", 31 0;
v00000203ba87ed40_0 .var "pc_buf", 31 0;
v00000203ba87eac0_0 .net "resetn", 0 0, o00000203ba81d7b8;  alias, 0 drivers
v00000203ba87ea20_0 .net "seq_pc", 31 0, L_00000203ba8850f0;  1 drivers
E_00000203ba7d84e0 .event posedge, v00000203ba87c360_0;
L_00000203ba883a70 .part L_00000203ba7e1060, 32, 1;
L_00000203ba884dd0 .part L_00000203ba7e1060, 0, 32;
L_00000203ba885050 .part v00000203ba87eca0_0, 2, 30;
L_00000203ba8843d0 .arith/sum 30, L_00000203ba885050, L_00000203ba8f02c8;
L_00000203ba8850f0 .concat8 [ 2 30 0 0], L_00000203ba885550, L_00000203ba8843d0;
L_00000203ba885550 .part v00000203ba87eca0_0, 0, 2;
L_00000203ba885190 .functor MUXZ 32, L_00000203ba8850f0, L_00000203ba884dd0, L_00000203ba883a70, C4<>;
L_00000203ba8855f0 .concat [ 32 32 0 0], o00000203ba81d638, v00000203ba87ed40_0;
S_00000203ba6352b0 .scope module, "MEM_module" "mem" 3 256, 9 8 0, S_00000203ba68d960;
 .timescale -9 -12;
    .port_info 0 /INPUT 1 "clk";
    .port_info 1 /INPUT 1 "MEM_valid";
    .port_info 2 /INPUT 106 "EXE_MEM_bus_r";
    .port_info 3 /INPUT 32 "dm_rdata";
    .port_info 4 /OUTPUT 32 "dm_addr";
    .port_info 5 /OUTPUT 4 "dm_wen";
    .port_info 6 /OUTPUT 32 "dm_wdata";
    .port_info 7 /OUTPUT 1 "MEM_over";
    .port_info 8 /OUTPUT 70 "MEM_WB_bus";
    .port_info 9 /OUTPUT 32 "MEM_pc";
L_00000203ba8e8ed0 .functor BUFZ 106, v00000203ba880cd0_0, C4<0000000000000000000000000000000000000000000000000000000000000000000000000000000000000000000000000000000000>, C4<0000000000000000000000000000000000000000000000000000000000000000000000000000000000000000000000000000000000>, C4<0000000000000000000000000000000000000000000000000000000000000000000000000000000000000000000000000000000000>;
L_00000203ba8e8fb0 .functor BUFZ 4, L_00000203ba942cc0, C4<0000>, C4<0000>, C4<0000>;
L_00000203ba8e88b0 .functor BUFZ 32, L_00000203ba943b20, C4<00000000000000000000000000000000>, C4<00000000000000000000000000000000>, C4<00000000000000000000000000000000>;
L_00000203ba8e9bf0 .functor AND 1, L_00000203ba944480, L_00000203ba942180, C4<1>, C4<1>;
L_00000203ba8e8f40 .functor BUFZ 32, L_00000203ba944340, C4<00000000000000000000000000000000>, C4<00000000000000000000000000000000>, C4<00000000000000000000000000000000>;
v00000203ba87eb60_0 .net "EXE_MEM_bus_r", 105 0, v00000203ba880cd0_0;  1 drivers
v00000203ba87ee80_0 .net "MEM_WB_bus", 69 0, L_00000203ba945a60;  alias, 1 drivers
v00000203ba87ef20_0 .net "MEM_over", 0 0, L_00000203ba945d80;  alias, 1 drivers
v00000203ba87efc0_0 .net "MEM_pc", 31 0, L_00000203ba8e8f40;  alias, 1 drivers
v00000203ba87f060_0 .net "MEM_valid", 0 0, L_00000203ba884ab0;  alias, 1 drivers
v00000203ba87f100_0 .var "MEM_valid_r", 0 0;
v00000203ba887a30_0 .net *"_ivl_15", 3 0, L_00000203ba8e8fb0;  1 drivers
v00000203ba886770_0 .net *"_ivl_19", 1 0, L_00000203ba942ae0;  1 drivers
L_00000203ba8f1ee8 .functor BUFT 1, C4<00>, C4<0>, C4<0>, C4<0>;
v00000203ba887e90_0 .net/2u *"_ivl_20", 1 0, L_00000203ba8f1ee8;  1 drivers
v00000203ba887d50_0 .net *"_ivl_22", 0 0, L_00000203ba943300;  1 drivers
v00000203ba887850_0 .net *"_ivl_25", 0 0, L_00000203ba943440;  1 drivers
v00000203ba885af0_0 .net *"_ivl_27", 1 0, L_00000203ba943940;  1 drivers
L_00000203ba8f1f30 .functor BUFT 1, C4<01>, C4<0>, C4<0>, C4<0>;
v00000203ba8873f0_0 .net/2u *"_ivl_28", 1 0, L_00000203ba8f1f30;  1 drivers
v00000203ba887df0_0 .net *"_ivl_30", 0 0, L_00000203ba942900;  1 drivers
v00000203ba886950_0 .net *"_ivl_33", 0 0, L_00000203ba943620;  1 drivers
v00000203ba886130_0 .net *"_ivl_35", 1 0, L_00000203ba9439e0;  1 drivers
L_00000203ba8f1f78 .functor BUFT 1, C4<10>, C4<0>, C4<0>, C4<0>;
v00000203ba886a90_0 .net/2u *"_ivl_36", 1 0, L_00000203ba8f1f78;  1 drivers
v00000203ba886450_0 .net *"_ivl_38", 0 0, L_00000203ba943a80;  1 drivers
v00000203ba887f30_0 .net *"_ivl_41", 0 0, L_00000203ba9448e0;  1 drivers
v00000203ba887030_0 .net *"_ivl_43", 0 0, L_00000203ba943ee0;  1 drivers
v00000203ba886f90_0 .net *"_ivl_44", 0 0, L_00000203ba9445c0;  1 drivers
v00000203ba885ff0_0 .net *"_ivl_46", 0 0, L_00000203ba944700;  1 drivers
v00000203ba8870d0_0 .net *"_ivl_53", 1 0, L_00000203ba943f80;  1 drivers
L_00000203ba8f1fc0 .functor BUFT 1, C4<00>, C4<0>, C4<0>, C4<0>;
v00000203ba8861d0_0 .net/2u *"_ivl_54", 1 0, L_00000203ba8f1fc0;  1 drivers
v00000203ba887350_0 .net *"_ivl_56", 0 0, L_00000203ba942b80;  1 drivers
v00000203ba886090_0 .net *"_ivl_59", 7 0, L_00000203ba944020;  1 drivers
v00000203ba887170_0 .net *"_ivl_61", 1 0, L_00000203ba942220;  1 drivers
L_00000203ba8f2008 .functor BUFT 1, C4<01>, C4<0>, C4<0>, C4<0>;
v00000203ba886630_0 .net/2u *"_ivl_62", 1 0, L_00000203ba8f2008;  1 drivers
v00000203ba887210_0 .net *"_ivl_64", 0 0, L_00000203ba942400;  1 drivers
v00000203ba887fd0_0 .net *"_ivl_67", 7 0, L_00000203ba9440c0;  1 drivers
v00000203ba888070_0 .net *"_ivl_69", 1 0, L_00000203ba944160;  1 drivers
L_00000203ba8f2050 .functor BUFT 1, C4<10>, C4<0>, C4<0>, C4<0>;
v00000203ba8872b0_0 .net/2u *"_ivl_70", 1 0, L_00000203ba8f2050;  1 drivers
v00000203ba8866d0_0 .net *"_ivl_72", 0 0, L_00000203ba942680;  1 drivers
v00000203ba887490_0 .net *"_ivl_75", 7 0, L_00000203ba9424a0;  1 drivers
v00000203ba886590_0 .net *"_ivl_77", 7 0, L_00000203ba942860;  1 drivers
v00000203ba888110_0 .net *"_ivl_78", 7 0, L_00000203ba9429a0;  1 drivers
v00000203ba8878f0_0 .net *"_ivl_8", 105 0, L_00000203ba8e8ed0;  1 drivers
v00000203ba8863b0_0 .net *"_ivl_80", 7 0, L_00000203ba942f40;  1 drivers
v00000203ba886db0_0 .net *"_ivl_82", 7 0, L_00000203ba942a40;  1 drivers
v00000203ba887530_0 .net *"_ivl_88", 23 0, L_00000203ba942d60;  1 drivers
v00000203ba8864f0_0 .net *"_ivl_89", 0 0, L_00000203ba8e9bf0;  1 drivers
v00000203ba886270_0 .net *"_ivl_91", 23 0, L_00000203ba942e00;  1 drivers
v00000203ba886b30_0 .net *"_ivl_93", 23 0, L_00000203ba942fe0;  1 drivers
v00000203ba8875d0_0 .net "alu_result", 31 0, L_00000203ba943b20;  1 drivers
v00000203ba887990_0 .net "clk", 0 0, o00000203ba81d608;  alias, 0 drivers
v00000203ba885eb0_0 .net "dm_addr", 31 0, L_00000203ba8e88b0;  alias, 1 drivers
v00000203ba887670_0 .net "dm_rdata", 31 0, o00000203ba81e298;  alias, 0 drivers
v00000203ba887710_0 .var "dm_wdata", 31 0;
v00000203ba885f50_0 .var "dm_wen", 3 0;
v00000203ba886ef0_0 .net "inst_load", 0 0, L_00000203ba943e40;  1 drivers
v00000203ba8877b0_0 .net "inst_store", 0 0, L_00000203ba942360;  1 drivers
v00000203ba887ad0_0 .net "lb_sign", 0 0, L_00000203ba944480;  1 drivers
v00000203ba885cd0_0 .net "load_result", 31 0, L_00000203ba942c20;  1 drivers
v00000203ba887b70_0 .net "load_sign", 0 0, L_00000203ba942180;  1 drivers
v00000203ba886810_0 .net "ls_word", 0 0, L_00000203ba9443e0;  1 drivers
v00000203ba886310_0 .net "mem_control", 3 0, L_00000203ba942cc0;  1 drivers
v00000203ba885b90_0 .net "mem_result", 31 0, L_00000203ba945880;  1 drivers
v00000203ba885c30_0 .net "pc", 31 0, L_00000203ba944340;  1 drivers
v00000203ba8868b0_0 .net "rf_wdest", 4 0, L_00000203ba942540;  1 drivers
v00000203ba886bd0_0 .net "rf_wen", 0 0, L_00000203ba9438a0;  1 drivers
v00000203ba8869f0_0 .net "store_data", 31 0, L_00000203ba9427c0;  1 drivers
E_00000203ba7d87a0 .event anyedge, v00000203ba885eb0_0, v00000203ba8869f0_0;
E_00000203ba7d7e60 .event anyedge, v00000203ba87f060_0, v00000203ba8877b0_0, v00000203ba886810_0, v00000203ba885eb0_0;
L_00000203ba942cc0 .part L_00000203ba8e8ed0, 102, 4;
L_00000203ba9427c0 .part L_00000203ba8e8ed0, 70, 32;
L_00000203ba943b20 .part L_00000203ba8e8ed0, 38, 32;
L_00000203ba9438a0 .part L_00000203ba8e8ed0, 37, 1;
L_00000203ba942540 .part L_00000203ba8e8ed0, 32, 5;
L_00000203ba944340 .part L_00000203ba8e8ed0, 0, 32;
L_00000203ba943e40 .part L_00000203ba8e8fb0, 3, 1;
L_00000203ba942360 .part L_00000203ba8e8fb0, 2, 1;
L_00000203ba9443e0 .part L_00000203ba8e8fb0, 1, 1;
L_00000203ba944480 .part L_00000203ba8e8fb0, 0, 1;
L_00000203ba942ae0 .part L_00000203ba8e88b0, 0, 2;
L_00000203ba943300 .cmp/eq 2, L_00000203ba942ae0, L_00000203ba8f1ee8;
L_00000203ba943440 .part o00000203ba81e298, 7, 1;
L_00000203ba943940 .part L_00000203ba8e88b0, 0, 2;
L_00000203ba942900 .cmp/eq 2, L_00000203ba943940, L_00000203ba8f1f30;
L_00000203ba943620 .part o00000203ba81e298, 15, 1;
L_00000203ba9439e0 .part L_00000203ba8e88b0, 0, 2;
L_00000203ba943a80 .cmp/eq 2, L_00000203ba9439e0, L_00000203ba8f1f78;
L_00000203ba9448e0 .part o00000203ba81e298, 23, 1;
L_00000203ba943ee0 .part o00000203ba81e298, 31, 1;
L_00000203ba9445c0 .functor MUXZ 1, L_00000203ba943ee0, L_00000203ba9448e0, L_00000203ba943a80, C4<>;
L_00000203ba944700 .functor MUXZ 1, L_00000203ba9445c0, L_00000203ba943620, L_00000203ba942900, C4<>;
L_00000203ba942180 .functor MUXZ 1, L_00000203ba944700, L_00000203ba943440, L_00000203ba943300, C4<>;
L_00000203ba943f80 .part L_00000203ba8e88b0, 0, 2;
L_00000203ba942b80 .cmp/eq 2, L_00000203ba943f80, L_00000203ba8f1fc0;
L_00000203ba944020 .part o00000203ba81e298, 0, 8;
L_00000203ba942220 .part L_00000203ba8e88b0, 0, 2;
L_00000203ba942400 .cmp/eq 2, L_00000203ba942220, L_00000203ba8f2008;
L_00000203ba9440c0 .part o00000203ba81e298, 8, 8;
L_00000203ba944160 .part L_00000203ba8e88b0, 0, 2;
L_00000203ba942680 .cmp/eq 2, L_00000203ba944160, L_00000203ba8f2050;
L_00000203ba9424a0 .part o00000203ba81e298, 16, 8;
L_00000203ba942860 .part o00000203ba81e298, 24, 8;
L_00000203ba9429a0 .functor MUXZ 8, L_00000203ba942860, L_00000203ba9424a0, L_00000203ba942680, C4<>;
L_00000203ba942f40 .functor MUXZ 8, L_00000203ba9429a0, L_00000203ba9440c0, L_00000203ba942400, C4<>;
L_00000203ba942a40 .functor MUXZ 8, L_00000203ba942f40, L_00000203ba944020, L_00000203ba942b80, C4<>;
L_00000203ba942c20 .concat8 [ 8 24 0 0], L_00000203ba942a40, L_00000203ba942fe0;
L_00000203ba942d60 .part o00000203ba81e298, 8, 24;
LS_00000203ba942e00_0_0 .concat [ 1 1 1 1], L_00000203ba8e9bf0, L_00000203ba8e9bf0, L_00000203ba8e9bf0, L_00000203ba8e9bf0;
LS_00000203ba942e00_0_4 .concat [ 1 1 1 1], L_00000203ba8e9bf0, L_00000203ba8e9bf0, L_00000203ba8e9bf0, L_00000203ba8e9bf0;
LS_00000203ba942e00_0_8 .concat [ 1 1 1 1], L_00000203ba8e9bf0, L_00000203ba8e9bf0, L_00000203ba8e9bf0, L_00000203ba8e9bf0;
LS_00000203ba942e00_0_12 .concat [ 1 1 1 1], L_00000203ba8e9bf0, L_00000203ba8e9bf0, L_00000203ba8e9bf0, L_00000203ba8e9bf0;
LS_00000203ba942e00_0_16 .concat [ 1 1 1 1], L_00000203ba8e9bf0, L_00000203ba8e9bf0, L_00000203ba8e9bf0, L_00000203ba8e9bf0;
LS_00000203ba942e00_0_20 .concat [ 1 1 1 1], L_00000203ba8e9bf0, L_00000203ba8e9bf0, L_00000203ba8e9bf0, L_00000203ba8e9bf0;
LS_00000203ba942e00_1_0 .concat [ 4 4 4 4], LS_00000203ba942e00_0_0, LS_00000203ba942e00_0_4, LS_00000203ba942e00_0_8, LS_00000203ba942e00_0_12;
LS_00000203ba942e00_1_4 .concat [ 4 4 0 0], LS_00000203ba942e00_0_16, LS_00000203ba942e00_0_20;
L_00000203ba942e00 .concat [ 16 8 0 0], LS_00000203ba942e00_1_0, LS_00000203ba942e00_1_4;
L_00000203ba942fe0 .functor MUXZ 24, L_00000203ba942e00, L_00000203ba942d60, L_00000203ba9443e0, C4<>;
L_00000203ba945d80 .functor MUXZ 1, L_00000203ba884ab0, v00000203ba87f100_0, L_00000203ba943e40, C4<>;
L_00000203ba945880 .functor MUXZ 32, L_00000203ba943b20, L_00000203ba942c20, L_00000203ba943e40, C4<>;
L_00000203ba945a60 .concat [ 32 32 5 1], L_00000203ba944340, L_00000203ba945880, L_00000203ba942540, L_00000203ba9438a0;
S_00000203ba6904f0 .scope module, "WB_module" "wb" 3 271, 10 8 0, S_00000203ba68d960;
 .timescale -9 -12;
    .port_info 0 /INPUT 1 "WB_valid";
    .port_info 1 /INPUT 70 "MEM_WB_bus_r";
    .port_info 2 /OUTPUT 1 "rf_wen";
    .port_info 3 /OUTPUT 5 "rf_wdest";
    .port_info 4 /OUTPUT 32 "rf_wdata";
    .port_info 5 /OUTPUT 1 "WB_over";
    .port_info 6 /OUTPUT 32 "WB_pc";
L_00000203ba8e85a0 .functor BUFZ 70, v00000203ba882fd0_0, C4<0000000000000000000000000000000000000000000000000000000000000000000000>, C4<0000000000000000000000000000000000000000000000000000000000000000000000>, C4<0000000000000000000000000000000000000000000000000000000000000000000000>;
L_00000203ba8e8610 .functor BUFZ 1, L_00000203ba883430, C4<0>, C4<0>, C4<0>;
L_00000203ba8e9aa0 .functor AND 1, L_00000203ba946aa0, L_00000203ba883430, C4<1>, C4<1>;
L_00000203ba8e8a00 .functor BUFZ 5, L_00000203ba946820, C4<00000>, C4<00000>, C4<00000>;
L_00000203ba8e98e0 .functor BUFZ 32, L_00000203ba944d40, C4<00000000000000000000000000000000>, C4<00000000000000000000000000000000>, C4<00000000000000000000000000000000>;
L_00000203ba8e9410 .functor BUFZ 32, L_00000203ba945e20, C4<00000000000000000000000000000000>, C4<00000000000000000000000000000000>, C4<00000000000000000000000000000000>;
v00000203ba887c10_0 .net "MEM_WB_bus_r", 69 0, v00000203ba882fd0_0;  1 drivers
v00000203ba886e50_0 .net "WB_over", 0 0, L_00000203ba8e8610;  alias, 1 drivers
v00000203ba886c70_0 .net "WB_pc", 31 0, L_00000203ba8e9410;  alias, 1 drivers
v00000203ba887cb0_0 .net "WB_valid", 0 0, L_00000203ba883430;  alias, 1 drivers
v00000203ba8881b0_0 .net *"_ivl_6", 69 0, L_00000203ba8e85a0;  1 drivers
v00000203ba885a50_0 .net "mem_result", 31 0, L_00000203ba944d40;  1 drivers
v00000203ba885d70_0 .net "pc", 31 0, L_00000203ba945e20;  1 drivers
v00000203ba886d10_0 .net "rf_wdata", 31 0, L_00000203ba8e98e0;  alias, 1 drivers
v00000203ba885e10_0 .net "rf_wdest", 4 0, L_00000203ba8e8a00;  alias, 1 drivers
v00000203ba888610_0 .net "rf_wen", 0 0, L_00000203ba8e9aa0;  alias, 1 drivers
v00000203ba888750_0 .net "wdest", 4 0, L_00000203ba946820;  1 drivers
v00000203ba888890_0 .net "wen", 0 0, L_00000203ba946aa0;  1 drivers
L_00000203ba946aa0 .part L_00000203ba8e85a0, 69, 1;
L_00000203ba946820 .part L_00000203ba8e85a0, 64, 5;
L_00000203ba944d40 .part L_00000203ba8e85a0, 32, 32;
L_00000203ba945e20 .part L_00000203ba8e85a0, 0, 32;
S_00000203ba632ab0 .scope module, "data_ram_module" "data_ram" 3 304, 11 19 0, S_00000203ba68d960;
 .timescale -9 -12;
    .port_info 0 /INPUT 1 "clka";
    .port_info 1 /INPUT 4 "wea";
    .port_info 2 /INPUT 8 "addra";
    .port_info 3 /INPUT 32 "dina";
    .port_info 4 /OUTPUT 32 "douta";
    .port_info 5 /INPUT 1 "clkb";
    .port_info 6 /INPUT 4 "web";
    .port_info 7 /INPUT 8 "addrb";
    .port_info 8 /INPUT 32 "dinb";
    .port_info 9 /OUTPUT 32 "doutb";
v00000203ba888570_0 .net "addra", 7 0, L_00000203ba9465a0;  1 drivers
v00000203ba8886b0_0 .net "addrb", 7 0, L_00000203ba944ca0;  1 drivers
v00000203ba888430_0 .net "clka", 0 0, o00000203ba81d608;  alias, 0 drivers
v00000203ba8882f0_0 .net "clkb", 0 0, o00000203ba81d608;  alias, 0 drivers
v00000203ba8884d0_0 .net "dina", 31 0, v00000203ba887710_0;  alias, 1 drivers
L_00000203ba8f20e0 .functor BUFT 1, C4<00000000000000000000000000000000>, C4<0>, C4<0>, C4<0>;
v00000203ba888390_0 .net "dinb", 31 0, L_00000203ba8f20e0;  1 drivers
v00000203ba8887f0_0 .net "douta", 31 0, o00000203ba81e298;  alias, 0 drivers
v00000203ba888930_0 .net "doutb", 31 0, o00000203ba81eb68;  alias, 0 drivers
v00000203ba888250_0 .net "wea", 3 0, v00000203ba885f50_0;  alias, 1 drivers
L_00000203ba8f2098 .functor BUFT 1, C4<0000>, C4<0>, C4<0>, C4<0>;
v00000203ba882850_0 .net "web", 3 0, L_00000203ba8f2098;  1 drivers
S_00000203ba632c40 .scope module, "inst_rom_module" "inst_rom" 3 283, 12 19 0, S_00000203ba68d960;
 .timescale -9 -12;
    .port_info 0 /INPUT 1 "clka";
    .port_info 1 /INPUT 8 "addra";
    .port_info 2 /OUTPUT 32 "douta";
v00000203ba880eb0_0 .net "addra", 7 0, L_00000203ba945920;  1 drivers
v00000203ba881bd0_0 .net "clka", 0 0, o00000203ba81d608;  alias, 0 drivers
v00000203ba882c10_0 .net "douta", 31 0, o00000203ba81d638;  alias, 0 drivers
S_00000203ba5e5fa0 .scope module, "rf_module" "regfile" 3 289, 13 8 0, S_00000203ba68d960;
 .timescale -9 -12;
    .port_info 0 /INPUT 1 "clk";
    .port_info 1 /INPUT 1 "wen";
    .port_info 2 /INPUT 5 "raddr1";
    .port_info 3 /INPUT 5 "raddr2";
    .port_info 4 /INPUT 5 "waddr";
    .port_info 5 /INPUT 32 "wdata";
    .port_info 6 /OUTPUT 32 "rdata1";
    .port_info 7 /OUTPUT 32 "rdata2";
    .port_info 8 /INPUT 5 "test_addr";
    .port_info 9 /OUTPUT 32 "test_data";
v00000203ba880e10_0 .net "clk", 0 0, o00000203ba81d608;  alias, 0 drivers
v00000203ba883070_0 .net "raddr1", 4 0, L_00000203ba883750;  alias, 1 drivers
v00000203ba8831b0_0 .net "raddr2", 4 0, L_00000203ba883930;  alias, 1 drivers
v00000203ba881c70_0 .var "rdata1", 31 0;
v00000203ba880f50_0 .var "rdata2", 31 0;
v00000203ba882210 .array "rf", 0 31, 31 0;
v00000203ba8811d0_0 .net "test_addr", 4 0, o00000203ba81f468;  alias, 0 drivers
v00000203ba882170_0 .var "test_data", 31 0;
v00000203ba880ff0_0 .net "waddr", 4 0, L_00000203ba8e8a00;  alias, 1 drivers
v00000203ba881770_0 .net "wdata", 31 0, L_00000203ba8e98e0;  alias, 1 drivers
v00000203ba8822b0_0 .net "wen", 0 0, L_00000203ba8e9aa0;  alias, 1 drivers
v00000203ba882210_0 .array/port v00000203ba882210, 0;
v00000203ba882210_1 .array/port v00000203ba882210, 1;
v00000203ba882210_2 .array/port v00000203ba882210, 2;
E_00000203ba7d7da0/0 .event anyedge, v00000203ba8811d0_0, v00000203ba882210_0, v00000203ba882210_1, v00000203ba882210_2;
v00000203ba882210_3 .array/port v00000203ba882210, 3;
v00000203ba882210_4 .array/port v00000203ba882210, 4;
v00000203ba882210_5 .array/port v00000203ba882210, 5;
v00000203ba882210_6 .array/port v00000203ba882210, 6;
E_00000203ba7d7da0/1 .event anyedge, v00000203ba882210_3, v00000203ba882210_4, v00000203ba882210_5, v00000203ba882210_6;
v00000203ba882210_7 .array/port v00000203ba882210, 7;
v00000203ba882210_8 .array/port v00000203ba882210, 8;
v00000203ba882210_9 .array/port v00000203ba882210, 9;
v00000203ba882210_10 .array/port v00000203ba882210, 10;
E_00000203ba7d7da0/2 .event anyedge, v00000203ba882210_7, v00000203ba882210_8, v00000203ba882210_9, v00000203ba882210_10;
v00000203ba882210_11 .array/port v00000203ba882210, 11;
v00000203ba882210_12 .array/port v00000203ba882210, 12;
v00000203ba882210_13 .array/port v00000203ba882210, 13;
v00000203ba882210_14 .array/port v00000203ba882210, 14;
E_00000203ba7d7da0/3 .event anyedge, v00000203ba882210_11, v00000203ba882210_12, v00000203ba882210_13, v00000203ba882210_14;
v00000203ba882210_15 .array/port v00000203ba882210, 15;
v00000203ba882210_16 .array/port v00000203ba882210, 16;
v00000203ba882210_17 .array/port v00000203ba882210, 17;
v00000203ba882210_18 .array/port v00000203ba882210, 18;
E_00000203ba7d7da0/4 .event anyedge, v00000203ba882210_15, v00000203ba882210_16, v00000203ba882210_17, v00000203ba882210_18;
v00000203ba882210_19 .array/port v00000203ba882210, 19;
v00000203ba882210_20 .array/port v00000203ba882210, 20;
v00000203ba882210_21 .array/port v00000203ba882210, 21;
v00000203ba882210_22 .array/port v00000203ba882210, 22;
E_00000203ba7d7da0/5 .event anyedge, v00000203ba882210_19, v00000203ba882210_20, v00000203ba882210_21, v00000203ba882210_22;
v00000203ba882210_23 .array/port v00000203ba882210, 23;
v00000203ba882210_24 .array/port v00000203ba882210, 24;
v00000203ba882210_25 .array/port v00000203ba882210, 25;
v00000203ba882210_26 .array/port v00000203ba882210, 26;
E_00000203ba7d7da0/6 .event anyedge, v00000203ba882210_23, v00000203ba882210_24, v00000203ba882210_25, v00000203ba882210_26;
v00000203ba882210_27 .array/port v00000203ba882210, 27;
v00000203ba882210_28 .array/port v00000203ba882210, 28;
v00000203ba882210_29 .array/port v00000203ba882210, 29;
v00000203ba882210_30 .array/port v00000203ba882210, 30;
E_00000203ba7d7da0/7 .event anyedge, v00000203ba882210_27, v00000203ba882210_28, v00000203ba882210_29, v00000203ba882210_30;
v00000203ba882210_31 .array/port v00000203ba882210, 31;
E_00000203ba7d7da0/8 .event anyedge, v00000203ba882210_31;
E_00000203ba7d7da0 .event/or E_00000203ba7d7da0/0, E_00000203ba7d7da0/1, E_00000203ba7d7da0/2, E_00000203ba7d7da0/3, E_00000203ba7d7da0/4, E_00000203ba7d7da0/5, E_00000203ba7d7da0/6, E_00000203ba7d7da0/7, E_00000203ba7d7da0/8;
E_00000203ba7d85e0/0 .event anyedge, v00000203ba87e8e0_0, v00000203ba882210_0, v00000203ba882210_1, v00000203ba882210_2;
E_00000203ba7d85e0/1 .event anyedge, v00000203ba882210_3, v00000203ba882210_4, v00000203ba882210_5, v00000203ba882210_6;
E_00000203ba7d85e0/2 .event anyedge, v00000203ba882210_7, v00000203ba882210_8, v00000203ba882210_9, v00000203ba882210_10;
E_00000203ba7d85e0/3 .event anyedge, v00000203ba882210_11, v00000203ba882210_12, v00000203ba882210_13, v00000203ba882210_14;
E_00000203ba7d85e0/4 .event anyedge, v00000203ba882210_15, v00000203ba882210_16, v00000203ba882210_17, v00000203ba882210_18;
E_00000203ba7d85e0/5 .event anyedge, v00000203ba882210_19, v00000203ba882210_20, v00000203ba882210_21, v00000203ba882210_22;
E_00000203ba7d85e0/6 .event anyedge, v00000203ba882210_23, v00000203ba882210_24, v00000203ba882210_25, v00000203ba882210_26;
E_00000203ba7d85e0/7 .event anyedge, v00000203ba882210_27, v00000203ba882210_28, v00000203ba882210_29, v00000203ba882210_30;
E_00000203ba7d85e0/8 .event anyedge, v00000203ba882210_31;
E_00000203ba7d85e0 .event/or E_00000203ba7d85e0/0, E_00000203ba7d85e0/1, E_00000203ba7d85e0/2, E_00000203ba7d85e0/3, E_00000203ba7d85e0/4, E_00000203ba7d85e0/5, E_00000203ba7d85e0/6, E_00000203ba7d85e0/7, E_00000203ba7d85e0/8;
E_00000203ba7d7a60/0 .event anyedge, v00000203ba87ca40_0, v00000203ba882210_0, v00000203ba882210_1, v00000203ba882210_2;
E_00000203ba7d7a60/1 .event anyedge, v00000203ba882210_3, v00000203ba882210_4, v00000203ba882210_5, v00000203ba882210_6;
E_00000203ba7d7a60/2 .event anyedge, v00000203ba882210_7, v00000203ba882210_8, v00000203ba882210_9, v00000203ba882210_10;
E_00000203ba7d7a60/3 .event anyedge, v00000203ba882210_11, v00000203ba882210_12, v00000203ba882210_13, v00000203ba882210_14;
E_00000203ba7d7a60/4 .event anyedge, v00000203ba882210_15, v00000203ba882210_16, v00000203ba882210_17, v00000203ba882210_18;
E_00000203ba7d7a60/5 .event anyedge, v00000203ba882210_19, v00000203ba882210_20, v00000203ba882210_21, v00000203ba882210_22;
E_00000203ba7d7a60/6 .event anyedge, v00000203ba882210_23, v00000203ba882210_24, v00000203ba882210_25, v00000203ba882210_26;
E_00000203ba7d7a60/7 .event anyedge, v00000203ba882210_27, v00000203ba882210_28, v00000203ba882210_29, v00000203ba882210_30;
E_00000203ba7d7a60/8 .event anyedge, v00000203ba882210_31;
E_00000203ba7d7a60 .event/or E_00000203ba7d7a60/0, E_00000203ba7d7a60/1, E_00000203ba7d7a60/2, E_00000203ba7d7a60/3, E_00000203ba7d7a60/4, E_00000203ba7d7a60/5, E_00000203ba7d7a60/6, E_00000203ba7d7a60/7, E_00000203ba7d7a60/8;
    .scope S_00000203ba635060;
T_0 ;
    %wait E_00000203ba7d84e0;
    %load/vec4 v00000203ba87eac0_0;
    %nor/r;
    %flag_set/vec4 8;
    %jmp/0xz  T_0.0, 8;
    %pushi/vec4 0, 0, 32;
    %assign/vec4 v00000203ba87eca0_0, 0;
    %pushi/vec4 0, 0, 32;
    %assign/vec4 v00000203ba87ed40_0, 0;
    %jmp T_0.1;
T_0.0 ;
    %load/vec4 v00000203ba87ede0_0;
    %flag_set/vec4 8;
    %jmp/0xz  T_0.2, 8;
    %load/vec4 v00000203ba87ec00_0;
    %assign/vec4 v00000203ba87eca0_0, 0;
T_0.2 ;
T_0.1 ;
    %load/vec4 v00000203ba87e3e0_0;
    %flag_set/vec4 8;
    %jmp/0xz  T_0.4, 8;
    %load/vec4 v00000203ba87eca0_0;
    %assign/vec4 v00000203ba87ed40_0, 0;
T_0.4 ;
    %jmp T_0;
    .thread T_0;
    .scope S_00000203ba635060;
T_1 ;
    %wait E_00000203ba7d84e0;
    %load/vec4 v00000203ba87eac0_0;
    %nor/r;
    %flag_set/vec4 8;
    %jmp/1 T_1.2, 8;
    %load/vec4 v00000203ba87ede0_0;
    %flag_set/vec4 9;
    %flag_or 8, 9;
T_1.2;
    %jmp/0xz  T_1.0, 8;
    %pushi/vec4 0, 0, 1;
    %assign/vec4 v00000203ba87c9a0_0, 0;
    %jmp T_1.1;
T_1.0 ;
    %load/vec4 v00000203ba87e3e0_0;
    %assign/vec4 v00000203ba87c9a0_0, 0;
T_1.1 ;
    %jmp T_1;
    .thread T_1;
    .scope S_00000203ba6352b0;
T_2 ;
    %wait E_00000203ba7d7e60;
    %load/vec4 v00000203ba87f060_0;
    %flag_set/vec4 9;
    %flag_get/vec4 9;
    %jmp/0 T_2.2, 9;
    %load/vec4 v00000203ba8877b0_0;
    %and;
T_2.2;
    %flag_set/vec4 8;
    %jmp/0xz  T_2.0, 8;
    %load/vec4 v00000203ba886810_0;
    %flag_set/vec4 8;
    %jmp/0xz  T_2.3, 8;
    %pushi/vec4 15, 0, 4;
    %assign/vec4 v00000203ba885f50_0, 0;
    %jmp T_2.4;
T_2.3 ;
    %load/vec4 v00000203ba885eb0_0;
    %parti/s 2, 0, 2;
    %dup/vec4;
    %pushi/vec4 0, 0, 2;
    %cmp/u;
    %jmp/1 T_2.5, 6;
    %dup/vec4;
    %pushi/vec4 1, 0, 2;
    %cmp/u;
    %jmp/1 T_2.6, 6;
    %dup/vec4;
    %pushi/vec4 2, 0, 2;
    %cmp/u;
    %jmp/1 T_2.7, 6;
    %dup/vec4;
    %pushi/vec4 3, 0, 2;
    %cmp/u;
    %jmp/1 T_2.8, 6;
    %pushi/vec4 0, 0, 4;
    %assign/vec4 v00000203ba885f50_0, 0;
    %jmp T_2.10;
T_2.5 ;
    %pushi/vec4 1, 0, 4;
    %assign/vec4 v00000203ba885f50_0, 0;
    %jmp T_2.10;
T_2.6 ;
    %pushi/vec4 2, 0, 4;
    %assign/vec4 v00000203ba885f50_0, 0;
    %jmp T_2.10;
T_2.7 ;
    %pushi/vec4 4, 0, 4;
    %assign/vec4 v00000203ba885f50_0, 0;
    %jmp T_2.10;
T_2.8 ;
    %pushi/vec4 8, 0, 4;
    %assign/vec4 v00000203ba885f50_0, 0;
    %jmp T_2.10;
T_2.10 ;
    %pop/vec4 1;
T_2.4 ;
    %jmp T_2.1;
T_2.0 ;
    %pushi/vec4 0, 0, 4;
    %assign/vec4 v00000203ba885f50_0, 0;
T_2.1 ;
    %jmp T_2;
    .thread T_2, $push;
    .scope S_00000203ba6352b0;
T_3 ;
    %wait E_00000203ba7d87a0;
    %load/vec4 v00000203ba885eb0_0;
    %parti/s 2, 0, 2;
    %dup/vec4;
    %pushi/vec4 0, 0, 2;
    %cmp/u;
    %jmp/1 T_3.0, 6;
    %dup/vec4;
    %pushi/vec4 1, 0, 2;
    %cmp/u;
    %jmp/1 T_3.1, 6;
    %dup/vec4;
    %pushi/vec4 2, 0, 2;
    %cmp/u;
    %jmp/1 T_3.2, 6;
    %dup/vec4;
    %pushi/vec4 3, 0, 2;
    %cmp/u;
    %jmp/1 T_3.3, 6;
    %load/vec4 v00000203ba8869f0_0;
    %assign/vec4 v00000203ba887710_0, 0;
    %jmp T_3.5;
T_3.0 ;
    %load/vec4 v00000203ba8869f0_0;
    %assign/vec4 v00000203ba887710_0, 0;
    %jmp T_3.5;
T_3.1 ;
    %pushi/vec4 0, 0, 16;
    %load/vec4 v00000203ba8869f0_0;
    %parti/s 8, 0, 2;
    %concat/vec4; draw_concat_vec4
    %concati/vec4 0, 0, 8;
    %assign/vec4 v00000203ba887710_0, 0;
    %jmp T_3.5;
T_3.2 ;
    %pushi/vec4 0, 0, 8;
    %load/vec4 v00000203ba8869f0_0;
    %parti/s 8, 0, 2;
    %concat/vec4; draw_concat_vec4
    %concati/vec4 0, 0, 16;
    %assign/vec4 v00000203ba887710_0, 0;
    %jmp T_3.5;
T_3.3 ;
    %load/vec4 v00000203ba8869f0_0;
    %parti/s 8, 0, 2;
    %concati/vec4 0, 0, 24;
    %assign/vec4 v00000203ba887710_0, 0;
    %jmp T_3.5;
T_3.5 ;
    %pop/vec4 1;
    %jmp T_3;
    .thread T_3, $push;
    .scope S_00000203ba6352b0;
T_4 ;
    %wait E_00000203ba7d84e0;
    %load/vec4 v00000203ba87f060_0;
    %assign/vec4 v00000203ba87f100_0, 0;
    %jmp T_4;
    .thread T_4;
    .scope S_00000203ba5e5fa0;
T_5 ;
    %wait E_00000203ba7d84e0;
    %load/vec4 v00000203ba8822b0_0;
    %flag_set/vec4 8;
    %jmp/0xz  T_5.0, 8;
    %load/vec4 v00000203ba881770_0;
    %load/vec4 v00000203ba880ff0_0;
    %pad/u 7;
    %ix/vec4 3;
    %ix/load 4, 0, 0; Constant delay
    %assign/vec4/a/d v00000203ba882210, 0, 4;
T_5.0 ;
    %jmp T_5;
    .thread T_5;
    .scope S_00000203ba5e5fa0;
T_6 ;
    %wait E_00000203ba7d7a60;
    %load/vec4 v00000203ba883070_0;
    %dup/vec4;
    %pushi/vec4 1, 0, 5;
    %cmp/u;
    %jmp/1 T_6.0, 6;
    %dup/vec4;
    %pushi/vec4 2, 0, 5;
    %cmp/u;
    %jmp/1 T_6.1, 6;
    %dup/vec4;
    %pushi/vec4 3, 0, 5;
    %cmp/u;
    %jmp/1 T_6.2, 6;
    %dup/vec4;
    %pushi/vec4 4, 0, 5;
    %cmp/u;
    %jmp/1 T_6.3, 6;
    %dup/vec4;
    %pushi/vec4 5, 0, 5;
    %cmp/u;
    %jmp/1 T_6.4, 6;
    %dup/vec4;
    %pushi/vec4 6, 0, 5;
    %cmp/u;
    %jmp/1 T_6.5, 6;
    %dup/vec4;
    %pushi/vec4 7, 0, 5;
    %cmp/u;
    %jmp/1 T_6.6, 6;
    %dup/vec4;
    %pushi/vec4 8, 0, 5;
    %cmp/u;
    %jmp/1 T_6.7, 6;
    %dup/vec4;
    %pushi/vec4 9, 0, 5;
    %cmp/u;
    %jmp/1 T_6.8, 6;
    %dup/vec4;
    %pushi/vec4 10, 0, 5;
    %cmp/u;
    %jmp/1 T_6.9, 6;
    %dup/vec4;
    %pushi/vec4 11, 0, 5;
    %cmp/u;
    %jmp/1 T_6.10, 6;
    %dup/vec4;
    %pushi/vec4 12, 0, 5;
    %cmp/u;
    %jmp/1 T_6.11, 6;
    %dup/vec4;
    %pushi/vec4 13, 0, 5;
    %cmp/u;
    %jmp/1 T_6.12, 6;
    %dup/vec4;
    %pushi/vec4 14, 0, 5;
    %cmp/u;
    %jmp/1 T_6.13, 6;
    %dup/vec4;
    %pushi/vec4 15, 0, 5;
    %cmp/u;
    %jmp/1 T_6.14, 6;
    %dup/vec4;
    %pushi/vec4 16, 0, 5;
    %cmp/u;
    %jmp/1 T_6.15, 6;
    %dup/vec4;
    %pushi/vec4 17, 0, 5;
    %cmp/u;
    %jmp/1 T_6.16, 6;
    %dup/vec4;
    %pushi/vec4 18, 0, 5;
    %cmp/u;
    %jmp/1 T_6.17, 6;
    %dup/vec4;
    %pushi/vec4 19, 0, 5;
    %cmp/u;
    %jmp/1 T_6.18, 6;
    %dup/vec4;
    %pushi/vec4 20, 0, 5;
    %cmp/u;
    %jmp/1 T_6.19, 6;
    %dup/vec4;
    %pushi/vec4 21, 0, 5;
    %cmp/u;
    %jmp/1 T_6.20, 6;
    %dup/vec4;
    %pushi/vec4 22, 0, 5;
    %cmp/u;
    %jmp/1 T_6.21, 6;
    %dup/vec4;
    %pushi/vec4 23, 0, 5;
    %cmp/u;
    %jmp/1 T_6.22, 6;
    %dup/vec4;
    %pushi/vec4 24, 0, 5;
    %cmp/u;
    %jmp/1 T_6.23, 6;
    %dup/vec4;
    %pushi/vec4 25, 0, 5;
    %cmp/u;
    %jmp/1 T_6.24, 6;
    %dup/vec4;
    %pushi/vec4 26, 0, 5;
    %cmp/u;
    %jmp/1 T_6.25, 6;
    %dup/vec4;
    %pushi/vec4 27, 0, 5;
    %cmp/u;
    %jmp/1 T_6.26, 6;
    %dup/vec4;
    %pushi/vec4 28, 0, 5;
    %cmp/u;
    %jmp/1 T_6.27, 6;
    %dup/vec4;
    %pushi/vec4 29, 0, 5;
    %cmp/u;
    %jmp/1 T_6.28, 6;
    %dup/vec4;
    %pushi/vec4 30, 0, 5;
    %cmp/u;
    %jmp/1 T_6.29, 6;
    %dup/vec4;
    %pushi/vec4 31, 0, 5;
    %cmp/u;
    %jmp/1 T_6.30, 6;
    %pushi/vec4 0, 0, 32;
    %assign/vec4 v00000203ba881c70_0, 0;
    %jmp T_6.32;
T_6.0 ;
    %ix/load 4, 1, 0;
    %flag_set/imm 4, 0;
    %load/vec4a v00000203ba882210, 4;
    %assign/vec4 v00000203ba881c70_0, 0;
    %jmp T_6.32;
T_6.1 ;
    %ix/load 4, 2, 0;
    %flag_set/imm 4, 0;
    %load/vec4a v00000203ba882210, 4;
    %assign/vec4 v00000203ba881c70_0, 0;
    %jmp T_6.32;
T_6.2 ;
    %ix/load 4, 3, 0;
    %flag_set/imm 4, 0;
    %load/vec4a v00000203ba882210, 4;
    %assign/vec4 v00000203ba881c70_0, 0;
    %jmp T_6.32;
T_6.3 ;
    %ix/load 4, 4, 0;
    %flag_set/imm 4, 0;
    %load/vec4a v00000203ba882210, 4;
    %assign/vec4 v00000203ba881c70_0, 0;
    %jmp T_6.32;
T_6.4 ;
    %ix/load 4, 5, 0;
    %flag_set/imm 4, 0;
    %load/vec4a v00000203ba882210, 4;
    %assign/vec4 v00000203ba881c70_0, 0;
    %jmp T_6.32;
T_6.5 ;
    %ix/load 4, 6, 0;
    %flag_set/imm 4, 0;
    %load/vec4a v00000203ba882210, 4;
    %assign/vec4 v00000203ba881c70_0, 0;
    %jmp T_6.32;
T_6.6 ;
    %ix/load 4, 7, 0;
    %flag_set/imm 4, 0;
    %load/vec4a v00000203ba882210, 4;
    %assign/vec4 v00000203ba881c70_0, 0;
    %jmp T_6.32;
T_6.7 ;
    %ix/load 4, 8, 0;
    %flag_set/imm 4, 0;
    %load/vec4a v00000203ba882210, 4;
    %assign/vec4 v00000203ba881c70_0, 0;
    %jmp T_6.32;
T_6.8 ;
    %ix/load 4, 9, 0;
    %flag_set/imm 4, 0;
    %load/vec4a v00000203ba882210, 4;
    %assign/vec4 v00000203ba881c70_0, 0;
    %jmp T_6.32;
T_6.9 ;
    %ix/load 4, 10, 0;
    %flag_set/imm 4, 0;
    %load/vec4a v00000203ba882210, 4;
    %assign/vec4 v00000203ba881c70_0, 0;
    %jmp T_6.32;
T_6.10 ;
    %ix/load 4, 11, 0;
    %flag_set/imm 4, 0;
    %load/vec4a v00000203ba882210, 4;
    %assign/vec4 v00000203ba881c70_0, 0;
    %jmp T_6.32;
T_6.11 ;
    %ix/load 4, 12, 0;
    %flag_set/imm 4, 0;
    %load/vec4a v00000203ba882210, 4;
    %assign/vec4 v00000203ba881c70_0, 0;
    %jmp T_6.32;
T_6.12 ;
    %ix/load 4, 13, 0;
    %flag_set/imm 4, 0;
    %load/vec4a v00000203ba882210, 4;
    %assign/vec4 v00000203ba881c70_0, 0;
    %jmp T_6.32;
T_6.13 ;
    %ix/load 4, 14, 0;
    %flag_set/imm 4, 0;
    %load/vec4a v00000203ba882210, 4;
    %assign/vec4 v00000203ba881c70_0, 0;
    %jmp T_6.32;
T_6.14 ;
    %ix/load 4, 15, 0;
    %flag_set/imm 4, 0;
    %load/vec4a v00000203ba882210, 4;
    %assign/vec4 v00000203ba881c70_0, 0;
    %jmp T_6.32;
T_6.15 ;
    %ix/load 4, 16, 0;
    %flag_set/imm 4, 0;
    %load/vec4a v00000203ba882210, 4;
    %assign/vec4 v00000203ba881c70_0, 0;
    %jmp T_6.32;
T_6.16 ;
    %ix/load 4, 17, 0;
    %flag_set/imm 4, 0;
    %load/vec4a v00000203ba882210, 4;
    %assign/vec4 v00000203ba881c70_0, 0;
    %jmp T_6.32;
T_6.17 ;
    %ix/load 4, 18, 0;
    %flag_set/imm 4, 0;
    %load/vec4a v00000203ba882210, 4;
    %assign/vec4 v00000203ba881c70_0, 0;
    %jmp T_6.32;
T_6.18 ;
    %ix/load 4, 19, 0;
    %flag_set/imm 4, 0;
    %load/vec4a v00000203ba882210, 4;
    %assign/vec4 v00000203ba881c70_0, 0;
    %jmp T_6.32;
T_6.19 ;
    %ix/load 4, 20, 0;
    %flag_set/imm 4, 0;
    %load/vec4a v00000203ba882210, 4;
    %assign/vec4 v00000203ba881c70_0, 0;
    %jmp T_6.32;
T_6.20 ;
    %ix/load 4, 21, 0;
    %flag_set/imm 4, 0;
    %load/vec4a v00000203ba882210, 4;
    %assign/vec4 v00000203ba881c70_0, 0;
    %jmp T_6.32;
T_6.21 ;
    %ix/load 4, 22, 0;
    %flag_set/imm 4, 0;
    %load/vec4a v00000203ba882210, 4;
    %assign/vec4 v00000203ba881c70_0, 0;
    %jmp T_6.32;
T_6.22 ;
    %ix/load 4, 23, 0;
    %flag_set/imm 4, 0;
    %load/vec4a v00000203ba882210, 4;
    %assign/vec4 v00000203ba881c70_0, 0;
    %jmp T_6.32;
T_6.23 ;
    %ix/load 4, 24, 0;
    %flag_set/imm 4, 0;
    %load/vec4a v00000203ba882210, 4;
    %assign/vec4 v00000203ba881c70_0, 0;
    %jmp T_6.32;
T_6.24 ;
    %ix/load 4, 25, 0;
    %flag_set/imm 4, 0;
    %load/vec4a v00000203ba882210, 4;
    %assign/vec4 v00000203ba881c70_0, 0;
    %jmp T_6.32;
T_6.25 ;
    %ix/load 4, 26, 0;
    %flag_set/imm 4, 0;
    %load/vec4a v00000203ba882210, 4;
    %assign/vec4 v00000203ba881c70_0, 0;
    %jmp T_6.32;
T_6.26 ;
    %ix/load 4, 27, 0;
    %flag_set/imm 4, 0;
    %load/vec4a v00000203ba882210, 4;
    %assign/vec4 v00000203ba881c70_0, 0;
    %jmp T_6.32;
T_6.27 ;
    %ix/load 4, 28, 0;
    %flag_set/imm 4, 0;
    %load/vec4a v00000203ba882210, 4;
    %assign/vec4 v00000203ba881c70_0, 0;
    %jmp T_6.32;
T_6.28 ;
    %ix/load 4, 29, 0;
    %flag_set/imm 4, 0;
    %load/vec4a v00000203ba882210, 4;
    %assign/vec4 v00000203ba881c70_0, 0;
    %jmp T_6.32;
T_6.29 ;
    %ix/load 4, 30, 0;
    %flag_set/imm 4, 0;
    %load/vec4a v00000203ba882210, 4;
    %assign/vec4 v00000203ba881c70_0, 0;
    %jmp T_6.32;
T_6.30 ;
    %ix/load 4, 31, 0;
    %flag_set/imm 4, 0;
    %load/vec4a v00000203ba882210, 4;
    %assign/vec4 v00000203ba881c70_0, 0;
    %jmp T_6.32;
T_6.32 ;
    %pop/vec4 1;
    %jmp T_6;
    .thread T_6, $push;
    .scope S_00000203ba5e5fa0;
T_7 ;
    %wait E_00000203ba7d85e0;
    %load/vec4 v00000203ba8831b0_0;
    %dup/vec4;
    %pushi/vec4 1, 0, 5;
    %cmp/u;
    %jmp/1 T_7.0, 6;
    %dup/vec4;
    %pushi/vec4 2, 0, 5;
    %cmp/u;
    %jmp/1 T_7.1, 6;
    %dup/vec4;
    %pushi/vec4 3, 0, 5;
    %cmp/u;
    %jmp/1 T_7.2, 6;
    %dup/vec4;
    %pushi/vec4 4, 0, 5;
    %cmp/u;
    %jmp/1 T_7.3, 6;
    %dup/vec4;
    %pushi/vec4 5, 0, 5;
    %cmp/u;
    %jmp/1 T_7.4, 6;
    %dup/vec4;
    %pushi/vec4 6, 0, 5;
    %cmp/u;
    %jmp/1 T_7.5, 6;
    %dup/vec4;
    %pushi/vec4 7, 0, 5;
    %cmp/u;
    %jmp/1 T_7.6, 6;
    %dup/vec4;
    %pushi/vec4 8, 0, 5;
    %cmp/u;
    %jmp/1 T_7.7, 6;
    %dup/vec4;
    %pushi/vec4 9, 0, 5;
    %cmp/u;
    %jmp/1 T_7.8, 6;
    %dup/vec4;
    %pushi/vec4 10, 0, 5;
    %cmp/u;
    %jmp/1 T_7.9, 6;
    %dup/vec4;
    %pushi/vec4 11, 0, 5;
    %cmp/u;
    %jmp/1 T_7.10, 6;
    %dup/vec4;
    %pushi/vec4 12, 0, 5;
    %cmp/u;
    %jmp/1 T_7.11, 6;
    %dup/vec4;
    %pushi/vec4 13, 0, 5;
    %cmp/u;
    %jmp/1 T_7.12, 6;
    %dup/vec4;
    %pushi/vec4 14, 0, 5;
    %cmp/u;
    %jmp/1 T_7.13, 6;
    %dup/vec4;
    %pushi/vec4 15, 0, 5;
    %cmp/u;
    %jmp/1 T_7.14, 6;
    %dup/vec4;
    %pushi/vec4 16, 0, 5;
    %cmp/u;
    %jmp/1 T_7.15, 6;
    %dup/vec4;
    %pushi/vec4 17, 0, 5;
    %cmp/u;
    %jmp/1 T_7.16, 6;
    %dup/vec4;
    %pushi/vec4 18, 0, 5;
    %cmp/u;
    %jmp/1 T_7.17, 6;
    %dup/vec4;
    %pushi/vec4 19, 0, 5;
    %cmp/u;
    %jmp/1 T_7.18, 6;
    %dup/vec4;
    %pushi/vec4 20, 0, 5;
    %cmp/u;
    %jmp/1 T_7.19, 6;
    %dup/vec4;
    %pushi/vec4 21, 0, 5;
    %cmp/u;
    %jmp/1 T_7.20, 6;
    %dup/vec4;
    %pushi/vec4 22, 0, 5;
    %cmp/u;
    %jmp/1 T_7.21, 6;
    %dup/vec4;
    %pushi/vec4 23, 0, 5;
    %cmp/u;
    %jmp/1 T_7.22, 6;
    %dup/vec4;
    %pushi/vec4 24, 0, 5;
    %cmp/u;
    %jmp/1 T_7.23, 6;
    %dup/vec4;
    %pushi/vec4 25, 0, 5;
    %cmp/u;
    %jmp/1 T_7.24, 6;
    %dup/vec4;
    %pushi/vec4 26, 0, 5;
    %cmp/u;
    %jmp/1 T_7.25, 6;
    %dup/vec4;
    %pushi/vec4 27, 0, 5;
    %cmp/u;
    %jmp/1 T_7.26, 6;
    %dup/vec4;
    %pushi/vec4 28, 0, 5;
    %cmp/u;
    %jmp/1 T_7.27, 6;
    %dup/vec4;
    %pushi/vec4 29, 0, 5;
    %cmp/u;
    %jmp/1 T_7.28, 6;
    %dup/vec4;
    %pushi/vec4 30, 0, 5;
    %cmp/u;
    %jmp/1 T_7.29, 6;
    %dup/vec4;
    %pushi/vec4 31, 0, 5;
    %cmp/u;
    %jmp/1 T_7.30, 6;
    %pushi/vec4 0, 0, 32;
    %assign/vec4 v00000203ba880f50_0, 0;
    %jmp T_7.32;
T_7.0 ;
    %ix/load 4, 1, 0;
    %flag_set/imm 4, 0;
    %load/vec4a v00000203ba882210, 4;
    %assign/vec4 v00000203ba880f50_0, 0;
    %jmp T_7.32;
T_7.1 ;
    %ix/load 4, 2, 0;
    %flag_set/imm 4, 0;
    %load/vec4a v00000203ba882210, 4;
    %assign/vec4 v00000203ba880f50_0, 0;
    %jmp T_7.32;
T_7.2 ;
    %ix/load 4, 3, 0;
    %flag_set/imm 4, 0;
    %load/vec4a v00000203ba882210, 4;
    %assign/vec4 v00000203ba880f50_0, 0;
    %jmp T_7.32;
T_7.3 ;
    %ix/load 4, 4, 0;
    %flag_set/imm 4, 0;
    %load/vec4a v00000203ba882210, 4;
    %assign/vec4 v00000203ba880f50_0, 0;
    %jmp T_7.32;
T_7.4 ;
    %ix/load 4, 5, 0;
    %flag_set/imm 4, 0;
    %load/vec4a v00000203ba882210, 4;
    %assign/vec4 v00000203ba880f50_0, 0;
    %jmp T_7.32;
T_7.5 ;
    %ix/load 4, 6, 0;
    %flag_set/imm 4, 0;
    %load/vec4a v00000203ba882210, 4;
    %assign/vec4 v00000203ba880f50_0, 0;
    %jmp T_7.32;
T_7.6 ;
    %ix/load 4, 7, 0;
    %flag_set/imm 4, 0;
    %load/vec4a v00000203ba882210, 4;
    %assign/vec4 v00000203ba880f50_0, 0;
    %jmp T_7.32;
T_7.7 ;
    %ix/load 4, 8, 0;
    %flag_set/imm 4, 0;
    %load/vec4a v00000203ba882210, 4;
    %assign/vec4 v00000203ba880f50_0, 0;
    %jmp T_7.32;
T_7.8 ;
    %ix/load 4, 9, 0;
    %flag_set/imm 4, 0;
    %load/vec4a v00000203ba882210, 4;
    %assign/vec4 v00000203ba880f50_0, 0;
    %jmp T_7.32;
T_7.9 ;
    %ix/load 4, 10, 0;
    %flag_set/imm 4, 0;
    %load/vec4a v00000203ba882210, 4;
    %assign/vec4 v00000203ba880f50_0, 0;
    %jmp T_7.32;
T_7.10 ;
    %ix/load 4, 11, 0;
    %flag_set/imm 4, 0;
    %load/vec4a v00000203ba882210, 4;
    %assign/vec4 v00000203ba880f50_0, 0;
    %jmp T_7.32;
T_7.11 ;
    %ix/load 4, 12, 0;
    %flag_set/imm 4, 0;
    %load/vec4a v00000203ba882210, 4;
    %assign/vec4 v00000203ba880f50_0, 0;
    %jmp T_7.32;
T_7.12 ;
    %ix/load 4, 13, 0;
    %flag_set/imm 4, 0;
    %load/vec4a v00000203ba882210, 4;
    %assign/vec4 v00000203ba880f50_0, 0;
    %jmp T_7.32;
T_7.13 ;
    %ix/load 4, 14, 0;
    %flag_set/imm 4, 0;
    %load/vec4a v00000203ba882210, 4;
    %assign/vec4 v00000203ba880f50_0, 0;
    %jmp T_7.32;
T_7.14 ;
    %ix/load 4, 15, 0;
    %flag_set/imm 4, 0;
    %load/vec4a v00000203ba882210, 4;
    %assign/vec4 v00000203ba880f50_0, 0;
    %jmp T_7.32;
T_7.15 ;
    %ix/load 4, 16, 0;
    %flag_set/imm 4, 0;
    %load/vec4a v00000203ba882210, 4;
    %assign/vec4 v00000203ba880f50_0, 0;
    %jmp T_7.32;
T_7.16 ;
    %ix/load 4, 17, 0;
    %flag_set/imm 4, 0;
    %load/vec4a v00000203ba882210, 4;
    %assign/vec4 v00000203ba880f50_0, 0;
    %jmp T_7.32;
T_7.17 ;
    %ix/load 4, 18, 0;
    %flag_set/imm 4, 0;
    %load/vec4a v00000203ba882210, 4;
    %assign/vec4 v00000203ba880f50_0, 0;
    %jmp T_7.32;
T_7.18 ;
    %ix/load 4, 19, 0;
    %flag_set/imm 4, 0;
    %load/vec4a v00000203ba882210, 4;
    %assign/vec4 v00000203ba880f50_0, 0;
    %jmp T_7.32;
T_7.19 ;
    %ix/load 4, 20, 0;
    %flag_set/imm 4, 0;
    %load/vec4a v00000203ba882210, 4;
    %assign/vec4 v00000203ba880f50_0, 0;
    %jmp T_7.32;
T_7.20 ;
    %ix/load 4, 21, 0;
    %flag_set/imm 4, 0;
    %load/vec4a v00000203ba882210, 4;
    %assign/vec4 v00000203ba880f50_0, 0;
    %jmp T_7.32;
T_7.21 ;
    %ix/load 4, 22, 0;
    %flag_set/imm 4, 0;
    %load/vec4a v00000203ba882210, 4;
    %assign/vec4 v00000203ba880f50_0, 0;
    %jmp T_7.32;
T_7.22 ;
    %ix/load 4, 23, 0;
    %flag_set/imm 4, 0;
    %load/vec4a v00000203ba882210, 4;
    %assign/vec4 v00000203ba880f50_0, 0;
    %jmp T_7.32;
T_7.23 ;
    %ix/load 4, 24, 0;
    %flag_set/imm 4, 0;
    %load/vec4a v00000203ba882210, 4;
    %assign/vec4 v00000203ba880f50_0, 0;
    %jmp T_7.32;
T_7.24 ;
    %ix/load 4, 25, 0;
    %flag_set/imm 4, 0;
    %load/vec4a v00000203ba882210, 4;
    %assign/vec4 v00000203ba880f50_0, 0;
    %jmp T_7.32;
T_7.25 ;
    %ix/load 4, 26, 0;
    %flag_set/imm 4, 0;
    %load/vec4a v00000203ba882210, 4;
    %assign/vec4 v00000203ba880f50_0, 0;
    %jmp T_7.32;
T_7.26 ;
    %ix/load 4, 27, 0;
    %flag_set/imm 4, 0;
    %load/vec4a v00000203ba882210, 4;
    %assign/vec4 v00000203ba880f50_0, 0;
    %jmp T_7.32;
T_7.27 ;
    %ix/load 4, 28, 0;
    %flag_set/imm 4, 0;
    %load/vec4a v00000203ba882210, 4;
    %assign/vec4 v00000203ba880f50_0, 0;
    %jmp T_7.32;
T_7.28 ;
    %ix/load 4, 29, 0;
    %flag_set/imm 4, 0;
    %load/vec4a v00000203ba882210, 4;
    %assign/vec4 v00000203ba880f50_0, 0;
    %jmp T_7.32;
T_7.29 ;
    %ix/load 4, 30, 0;
    %flag_set/imm 4, 0;
    %load/vec4a v00000203ba882210, 4;
    %assign/vec4 v00000203ba880f50_0, 0;
    %jmp T_7.32;
T_7.30 ;
    %ix/load 4, 31, 0;
    %flag_set/imm 4, 0;
    %load/vec4a v00000203ba882210, 4;
    %assign/vec4 v00000203ba880f50_0, 0;
    %jmp T_7.32;
T_7.32 ;
    %pop/vec4 1;
    %jmp T_7;
    .thread T_7, $push;
    .scope S_00000203ba5e5fa0;
T_8 ;
    %wait E_00000203ba7d7da0;
    %load/vec4 v00000203ba8811d0_0;
    %dup/vec4;
    %pushi/vec4 1, 0, 5;
    %cmp/u;
    %jmp/1 T_8.0, 6;
    %dup/vec4;
    %pushi/vec4 2, 0, 5;
    %cmp/u;
    %jmp/1 T_8.1, 6;
    %dup/vec4;
    %pushi/vec4 3, 0, 5;
    %cmp/u;
    %jmp/1 T_8.2, 6;
    %dup/vec4;
    %pushi/vec4 4, 0, 5;
    %cmp/u;
    %jmp/1 T_8.3, 6;
    %dup/vec4;
    %pushi/vec4 5, 0, 5;
    %cmp/u;
    %jmp/1 T_8.4, 6;
    %dup/vec4;
    %pushi/vec4 6, 0, 5;
    %cmp/u;
    %jmp/1 T_8.5, 6;
    %dup/vec4;
    %pushi/vec4 7, 0, 5;
    %cmp/u;
    %jmp/1 T_8.6, 6;
    %dup/vec4;
    %pushi/vec4 8, 0, 5;
    %cmp/u;
    %jmp/1 T_8.7, 6;
    %dup/vec4;
    %pushi/vec4 9, 0, 5;
    %cmp/u;
    %jmp/1 T_8.8, 6;
    %dup/vec4;
    %pushi/vec4 10, 0, 5;
    %cmp/u;
    %jmp/1 T_8.9, 6;
    %dup/vec4;
    %pushi/vec4 11, 0, 5;
    %cmp/u;
    %jmp/1 T_8.10, 6;
    %dup/vec4;
    %pushi/vec4 12, 0, 5;
    %cmp/u;
    %jmp/1 T_8.11, 6;
    %dup/vec4;
    %pushi/vec4 13, 0, 5;
    %cmp/u;
    %jmp/1 T_8.12, 6;
    %dup/vec4;
    %pushi/vec4 14, 0, 5;
    %cmp/u;
    %jmp/1 T_8.13, 6;
    %dup/vec4;
    %pushi/vec4 15, 0, 5;
    %cmp/u;
    %jmp/1 T_8.14, 6;
    %dup/vec4;
    %pushi/vec4 16, 0, 5;
    %cmp/u;
    %jmp/1 T_8.15, 6;
    %dup/vec4;
    %pushi/vec4 17, 0, 5;
    %cmp/u;
    %jmp/1 T_8.16, 6;
    %dup/vec4;
    %pushi/vec4 18, 0, 5;
    %cmp/u;
    %jmp/1 T_8.17, 6;
    %dup/vec4;
    %pushi/vec4 19, 0, 5;
    %cmp/u;
    %jmp/1 T_8.18, 6;
    %dup/vec4;
    %pushi/vec4 20, 0, 5;
    %cmp/u;
    %jmp/1 T_8.19, 6;
    %dup/vec4;
    %pushi/vec4 21, 0, 5;
    %cmp/u;
    %jmp/1 T_8.20, 6;
    %dup/vec4;
    %pushi/vec4 22, 0, 5;
    %cmp/u;
    %jmp/1 T_8.21, 6;
    %dup/vec4;
    %pushi/vec4 23, 0, 5;
    %cmp/u;
    %jmp/1 T_8.22, 6;
    %dup/vec4;
    %pushi/vec4 24, 0, 5;
    %cmp/u;
    %jmp/1 T_8.23, 6;
    %dup/vec4;
    %pushi/vec4 25, 0, 5;
    %cmp/u;
    %jmp/1 T_8.24, 6;
    %dup/vec4;
    %pushi/vec4 26, 0, 5;
    %cmp/u;
    %jmp/1 T_8.25, 6;
    %dup/vec4;
    %pushi/vec4 27, 0, 5;
    %cmp/u;
    %jmp/1 T_8.26, 6;
    %dup/vec4;
    %pushi/vec4 28, 0, 5;
    %cmp/u;
    %jmp/1 T_8.27, 6;
    %dup/vec4;
    %pushi/vec4 29, 0, 5;
    %cmp/u;
    %jmp/1 T_8.28, 6;
    %dup/vec4;
    %pushi/vec4 30, 0, 5;
    %cmp/u;
    %jmp/1 T_8.29, 6;
    %dup/vec4;
    %pushi/vec4 31, 0, 5;
    %cmp/u;
    %jmp/1 T_8.30, 6;
    %pushi/vec4 0, 0, 32;
    %assign/vec4 v00000203ba882170_0, 0;
    %jmp T_8.32;
T_8.0 ;
    %ix/load 4, 1, 0;
    %flag_set/imm 4, 0;
    %load/vec4a v00000203ba882210, 4;
    %assign/vec4 v00000203ba882170_0, 0;
    %jmp T_8.32;
T_8.1 ;
    %ix/load 4, 2, 0;
    %flag_set/imm 4, 0;
    %load/vec4a v00000203ba882210, 4;
    %assign/vec4 v00000203ba882170_0, 0;
    %jmp T_8.32;
T_8.2 ;
    %ix/load 4, 3, 0;
    %flag_set/imm 4, 0;
    %load/vec4a v00000203ba882210, 4;
    %assign/vec4 v00000203ba882170_0, 0;
    %jmp T_8.32;
T_8.3 ;
    %ix/load 4, 4, 0;
    %flag_set/imm 4, 0;
    %load/vec4a v00000203ba882210, 4;
    %assign/vec4 v00000203ba882170_0, 0;
    %jmp T_8.32;
T_8.4 ;
    %ix/load 4, 5, 0;
    %flag_set/imm 4, 0;
    %load/vec4a v00000203ba882210, 4;
    %assign/vec4 v00000203ba882170_0, 0;
    %jmp T_8.32;
T_8.5 ;
    %ix/load 4, 6, 0;
    %flag_set/imm 4, 0;
    %load/vec4a v00000203ba882210, 4;
    %assign/vec4 v00000203ba882170_0, 0;
    %jmp T_8.32;
T_8.6 ;
    %ix/load 4, 7, 0;
    %flag_set/imm 4, 0;
    %load/vec4a v00000203ba882210, 4;
    %assign/vec4 v00000203ba882170_0, 0;
    %jmp T_8.32;
T_8.7 ;
    %ix/load 4, 8, 0;
    %flag_set/imm 4, 0;
    %load/vec4a v00000203ba882210, 4;
    %assign/vec4 v00000203ba882170_0, 0;
    %jmp T_8.32;
T_8.8 ;
    %ix/load 4, 9, 0;
    %flag_set/imm 4, 0;
    %load/vec4a v00000203ba882210, 4;
    %assign/vec4 v00000203ba882170_0, 0;
    %jmp T_8.32;
T_8.9 ;
    %ix/load 4, 10, 0;
    %flag_set/imm 4, 0;
    %load/vec4a v00000203ba882210, 4;
    %assign/vec4 v00000203ba882170_0, 0;
    %jmp T_8.32;
T_8.10 ;
    %ix/load 4, 11, 0;
    %flag_set/imm 4, 0;
    %load/vec4a v00000203ba882210, 4;
    %assign/vec4 v00000203ba882170_0, 0;
    %jmp T_8.32;
T_8.11 ;
    %ix/load 4, 12, 0;
    %flag_set/imm 4, 0;
    %load/vec4a v00000203ba882210, 4;
    %assign/vec4 v00000203ba882170_0, 0;
    %jmp T_8.32;
T_8.12 ;
    %ix/load 4, 13, 0;
    %flag_set/imm 4, 0;
    %load/vec4a v00000203ba882210, 4;
    %assign/vec4 v00000203ba882170_0, 0;
    %jmp T_8.32;
T_8.13 ;
    %ix/load 4, 14, 0;
    %flag_set/imm 4, 0;
    %load/vec4a v00000203ba882210, 4;
    %assign/vec4 v00000203ba882170_0, 0;
    %jmp T_8.32;
T_8.14 ;
    %ix/load 4, 15, 0;
    %flag_set/imm 4, 0;
    %load/vec4a v00000203ba882210, 4;
    %assign/vec4 v00000203ba882170_0, 0;
    %jmp T_8.32;
T_8.15 ;
    %ix/load 4, 16, 0;
    %flag_set/imm 4, 0;
    %load/vec4a v00000203ba882210, 4;
    %assign/vec4 v00000203ba882170_0, 0;
    %jmp T_8.32;
T_8.16 ;
    %ix/load 4, 17, 0;
    %flag_set/imm 4, 0;
    %load/vec4a v00000203ba882210, 4;
    %assign/vec4 v00000203ba882170_0, 0;
    %jmp T_8.32;
T_8.17 ;
    %ix/load 4, 18, 0;
    %flag_set/imm 4, 0;
    %load/vec4a v00000203ba882210, 4;
    %assign/vec4 v00000203ba882170_0, 0;
    %jmp T_8.32;
T_8.18 ;
    %ix/load 4, 19, 0;
    %flag_set/imm 4, 0;
    %load/vec4a v00000203ba882210, 4;
    %assign/vec4 v00000203ba882170_0, 0;
    %jmp T_8.32;
T_8.19 ;
    %ix/load 4, 20, 0;
    %flag_set/imm 4, 0;
    %load/vec4a v00000203ba882210, 4;
    %assign/vec4 v00000203ba882170_0, 0;
    %jmp T_8.32;
T_8.20 ;
    %ix/load 4, 21, 0;
    %flag_set/imm 4, 0;
    %load/vec4a v00000203ba882210, 4;
    %assign/vec4 v00000203ba882170_0, 0;
    %jmp T_8.32;
T_8.21 ;
    %ix/load 4, 22, 0;
    %flag_set/imm 4, 0;
    %load/vec4a v00000203ba882210, 4;
    %assign/vec4 v00000203ba882170_0, 0;
    %jmp T_8.32;
T_8.22 ;
    %ix/load 4, 23, 0;
    %flag_set/imm 4, 0;
    %load/vec4a v00000203ba882210, 4;
    %assign/vec4 v00000203ba882170_0, 0;
    %jmp T_8.32;
T_8.23 ;
    %ix/load 4, 24, 0;
    %flag_set/imm 4, 0;
    %load/vec4a v00000203ba882210, 4;
    %assign/vec4 v00000203ba882170_0, 0;
    %jmp T_8.32;
T_8.24 ;
    %ix/load 4, 25, 0;
    %flag_set/imm 4, 0;
    %load/vec4a v00000203ba882210, 4;
    %assign/vec4 v00000203ba882170_0, 0;
    %jmp T_8.32;
T_8.25 ;
    %ix/load 4, 26, 0;
    %flag_set/imm 4, 0;
    %load/vec4a v00000203ba882210, 4;
    %assign/vec4 v00000203ba882170_0, 0;
    %jmp T_8.32;
T_8.26 ;
    %ix/load 4, 27, 0;
    %flag_set/imm 4, 0;
    %load/vec4a v00000203ba882210, 4;
    %assign/vec4 v00000203ba882170_0, 0;
    %jmp T_8.32;
T_8.27 ;
    %ix/load 4, 28, 0;
    %flag_set/imm 4, 0;
    %load/vec4a v00000203ba882210, 4;
    %assign/vec4 v00000203ba882170_0, 0;
    %jmp T_8.32;
T_8.28 ;
    %ix/load 4, 29, 0;
    %flag_set/imm 4, 0;
    %load/vec4a v00000203ba882210, 4;
    %assign/vec4 v00000203ba882170_0, 0;
    %jmp T_8.32;
T_8.29 ;
    %ix/load 4, 30, 0;
    %flag_set/imm 4, 0;
    %load/vec4a v00000203ba882210, 4;
    %assign/vec4 v00000203ba882170_0, 0;
    %jmp T_8.32;
T_8.30 ;
    %ix/load 4, 31, 0;
    %flag_set/imm 4, 0;
    %load/vec4a v00000203ba882210, 4;
    %assign/vec4 v00000203ba882170_0, 0;
    %jmp T_8.32;
T_8.32 ;
    %pop/vec4 1;
    %jmp T_8;
    .thread T_8, $push;
    .scope S_00000203ba68d960;
T_9 ;
    %wait E_00000203ba7d84e0;
    %load/vec4 v00000203ba8837f0_0;
    %nor/r;
    %flag_set/vec4 8;
    %jmp/0xz  T_9.0, 8;
    %pushi/vec4 0, 0, 3;
    %assign/vec4 v00000203ba883bb0_0, 0;
    %jmp T_9.1;
T_9.0 ;
    %load/vec4 v00000203ba884790_0;
    %assign/vec4 v00000203ba883bb0_0, 0;
T_9.1 ;
    %jmp T_9;
    .thread T_9;
    .scope S_00000203ba68d960;
T_10 ;
    %wait E_00000203ba7d7ee0;
    %load/vec4 v00000203ba883bb0_0;
    %dup/vec4;
    %pushi/vec4 0, 0, 3;
    %cmp/u;
    %jmp/1 T_10.0, 6;
    %dup/vec4;
    %pushi/vec4 1, 0, 3;
    %cmp/u;
    %jmp/1 T_10.1, 6;
    %dup/vec4;
    %pushi/vec4 2, 0, 3;
    %cmp/u;
    %jmp/1 T_10.2, 6;
    %dup/vec4;
    %pushi/vec4 3, 0, 3;
    %cmp/u;
    %jmp/1 T_10.3, 6;
    %dup/vec4;
    %pushi/vec4 4, 0, 3;
    %cmp/u;
    %jmp/1 T_10.4, 6;
    %dup/vec4;
    %pushi/vec4 5, 0, 3;
    %cmp/u;
    %jmp/1 T_10.5, 6;
    %pushi/vec4 0, 0, 3;
    %store/vec4 v00000203ba884790_0, 0, 3;
    %jmp T_10.7;
T_10.0 ;
    %pushi/vec4 1, 0, 3;
    %store/vec4 v00000203ba884790_0, 0, 3;
    %jmp T_10.7;
T_10.1 ;
    %load/vec4 v00000203ba881090_0;
    %flag_set/vec4 8;
    %jmp/0xz  T_10.8, 8;
    %pushi/vec4 2, 0, 3;
    %store/vec4 v00000203ba884790_0, 0, 3;
    %jmp T_10.9;
T_10.8 ;
    %pushi/vec4 1, 0, 3;
    %store/vec4 v00000203ba884790_0, 0, 3;
T_10.9 ;
    %jmp T_10.7;
T_10.2 ;
    %load/vec4 v00000203ba8827b0_0;
    %flag_set/vec4 8;
    %jmp/0xz  T_10.10, 8;
    %load/vec4 v00000203ba885910_0;
    %flag_set/vec4 8;
    %jmp/0 T_10.12, 8;
    %pushi/vec4 1, 0, 3;
    %jmp/1 T_10.13, 8;
T_10.12 ; End of true expr.
    %pushi/vec4 3, 0, 3;
    %jmp/0 T_10.13, 8;
 ; End of false expr.
    %blend;
T_10.13;
    %store/vec4 v00000203ba884790_0, 0, 3;
    %jmp T_10.11;
T_10.10 ;
    %pushi/vec4 2, 0, 3;
    %store/vec4 v00000203ba884790_0, 0, 3;
T_10.11 ;
    %jmp T_10.7;
T_10.3 ;
    %load/vec4 v00000203ba8828f0_0;
    %flag_set/vec4 8;
    %jmp/0xz  T_10.14, 8;
    %pushi/vec4 4, 0, 3;
    %store/vec4 v00000203ba884790_0, 0, 3;
    %jmp T_10.15;
T_10.14 ;
    %pushi/vec4 3, 0, 3;
    %store/vec4 v00000203ba884790_0, 0, 3;
T_10.15 ;
    %jmp T_10.7;
T_10.4 ;
    %load/vec4 v00000203ba881810_0;
    %flag_set/vec4 8;
    %jmp/0xz  T_10.16, 8;
    %pushi/vec4 5, 0, 3;
    %store/vec4 v00000203ba884790_0, 0, 3;
    %jmp T_10.17;
T_10.16 ;
    %pushi/vec4 4, 0, 3;
    %store/vec4 v00000203ba884790_0, 0, 3;
T_10.17 ;
    %jmp T_10.7;
T_10.5 ;
    %load/vec4 v00000203ba881a90_0;
    %flag_set/vec4 8;
    %jmp/0xz  T_10.18, 8;
    %pushi/vec4 1, 0, 3;
    %store/vec4 v00000203ba884790_0, 0, 3;
    %jmp T_10.19;
T_10.18 ;
    %pushi/vec4 5, 0, 3;
    %store/vec4 v00000203ba884790_0, 0, 3;
T_10.19 ;
    %jmp T_10.7;
T_10.7 ;
    %pop/vec4 1;
    %jmp T_10;
    .thread T_10, $push;
    .scope S_00000203ba68d960;
T_11 ;
    %wait E_00000203ba7d84e0;
    %load/vec4 v00000203ba881090_0;
    %flag_set/vec4 8;
    %jmp/0xz  T_11.0, 8;
    %load/vec4 v00000203ba882ad0_0;
    %assign/vec4 v00000203ba882b70_0, 0;
T_11.0 ;
    %jmp T_11;
    .thread T_11;
    .scope S_00000203ba68d960;
T_12 ;
    %wait E_00000203ba7d84e0;
    %load/vec4 v00000203ba8827b0_0;
    %flag_set/vec4 8;
    %jmp/0xz  T_12.0, 8;
    %load/vec4 v00000203ba881d10_0;
    %assign/vec4 v00000203ba881450_0, 0;
T_12.0 ;
    %jmp T_12;
    .thread T_12;
    .scope S_00000203ba68d960;
T_13 ;
    %wait E_00000203ba7d84e0;
    %load/vec4 v00000203ba8828f0_0;
    %flag_set/vec4 8;
    %jmp/0xz  T_13.0, 8;
    %load/vec4 v00000203ba882710_0;
    %assign/vec4 v00000203ba880cd0_0, 0;
T_13.0 ;
    %jmp T_13;
    .thread T_13;
    .scope S_00000203ba68d960;
T_14 ;
    %wait E_00000203ba7d84e0;
    %load/vec4 v00000203ba881810_0;
    %flag_set/vec4 8;
    %jmp/0xz  T_14.0, 8;
    %load/vec4 v00000203ba882990_0;
    %assign/vec4 v00000203ba882fd0_0, 0;
T_14.0 ;
    %jmp T_14;
    .thread T_14;
    .scope S_00000203ba68d960;
T_15 ;
    %wait E_00000203ba7d84e0;
    %load/vec4 v00000203ba8837f0_0;
    %nor/r;
    %flag_set/vec4 8;
    %jmp/0xz  T_15.0, 8;
    %pushi/vec4 0, 0, 32;
    %assign/vec4 v00000203ba8823f0_0, 0;
    %pushi/vec4 0, 0, 1;
    %assign/vec4 v00000203ba884650_0, 0;
    %jmp T_15.1;
T_15.0 ;
    %load/vec4 v00000203ba884650_0;
    %nor/r;
    %flag_set/vec4 8;
    %jmp/0xz  T_15.2, 8;
    %load/vec4 v00000203ba8823f0_0;
    %addi 1, 0, 32;
    %assign/vec4 v00000203ba8823f0_0, 0;
    %load/vec4 v00000203ba884bf0_0;
    %flag_set/vec4 8;
    %jmp/0xz  T_15.4, 8;
    %pushi/vec4 1, 0, 1;
    %assign/vec4 v00000203ba884650_0, 0;
T_15.4 ;
T_15.2 ;
T_15.1 ;
    %jmp T_15;
    .thread T_15;
# The file index is used to find the file name in the following table.
:file_names 14;
    "N/A";
    "<interactive>";
    "-";
    "D:\1012\final_project\lab7\lab7.srcs\sources_1\imports\7_multi_cycle_cpu\multi_cycle_cpu.v";
    "D:\1012\final_project\lab7\lab7.srcs\sources_1\imports\7_multi_cycle_cpu\exe.v";
    "D:\1012\final_project\lab7\lab7.srcs\sources_1\imports\7_multi_cycle_cpu\alu.v";
    "D:\1012\final_project\lab7\lab7.srcs\sources_1\imports\7_multi_cycle_cpu\adder.v";
    "D:\1012\final_project\lab7\lab7.srcs\sources_1\imports\7_multi_cycle_cpu\decode.v";
    "D:\1012\final_project\lab7\lab7.srcs\sources_1\imports\7_multi_cycle_cpu\fetch.v";
    "D:\1012\final_project\lab7\lab7.srcs\sources_1\imports\7_multi_cycle_cpu\mem.v";
    "D:\1012\final_project\lab7\lab7.srcs\sources_1\imports\7_multi_cycle_cpu\wb.v";
    "D:\1012\final_project\lab7\lab7.gen\sources_1\ip\data_ram_1\data_ram_stub.v";
    "D:\1012\final_project\lab7\lab7.gen\sources_1\ip\inst_rom\inst_rom_stub.v";
    "D:\1012\final_project\lab7\lab7.srcs\sources_1\imports\7_multi_cycle_cpu\regfile.v";
