Copyright 1986-2022 Xilinx, Inc. All Rights Reserved. Copyright 2022-2025 Advanced Micro Devices, Inc. All Rights Reserved.
---------------------------------------------------------------------------------------------------------------------------------------------
| Tool Version : Vivado v.2025.1 (win64) Build 6140274 Thu May 22 00:12:29 MDT 2025
| Date         : Sun Apr 26 18:43:07 2026
| Host         : DESKTOP-JH0OJSQ running 64-bit major release  (build 9200)
| Command      : report_timing_summary -delay_type max -max_paths 10 -file D:/1012/project1/build/cnn_compare_base_top_timing_summary.rpt
| Design       : cnn_compare_base_top
| Device       : 7a200t-fbg676
| Speed File   : -2  PRODUCTION 1.23 2018-06-13
| Design State : Synthesized
---------------------------------------------------------------------------------------------------------------------------------------------

Timing Summary Report

------------------------------------------------------------------------------------------------
| Timer Settings
| --------------
------------------------------------------------------------------------------------------------

  Enable Multi Corner Analysis               :  Yes
  Enable Pessimism Removal                   :  Yes
  Pessimism Removal Resolution               :  Nearest Common Node
  Enable Input Delay Default Clock           :  No
  Enable Preset / Clear Arcs                 :  No
  Disable Flight Delays                      :  No
  Ignore I/O Paths                           :  No
  Timing Early Launch at Borrowing Latches   :  No
  Borrow Time for Max Delay Exceptions       :  Yes
  Merge Timing Exceptions                    :  Yes
  Inter-SLR Compensation                     :  Conservative

  Corner  Analyze    Analyze    
  Name    Max Paths  Min Paths  
  ------  ---------  ---------  
  Slow    Yes        Yes        
  Fast    Yes        Yes        


------------------------------------------------------------------------------------------------
| Report Methodology
| ------------------
------------------------------------------------------------------------------------------------

No report available as report_methodology has not been run prior. Run report_methodology on the current design for the summary of methodology violations.



check_timing report

Table of Contents
-----------------
1. checking no_clock (0)
2. checking constant_clock (0)
3. checking pulse_width_clock (0)
4. checking unconstrained_internal_endpoints (0)
5. checking no_input_delay (0)
6. checking no_output_delay (0)
7. checking multiple_clock (0)
8. checking generated_clocks (0)
9. checking loops (0)
10. checking partial_input_delay (0)
11. checking partial_output_delay (0)
12. checking latch_loops (0)

1. checking no_clock (0)
------------------------
 There are 0 register/latch pins with no clock.


2. checking constant_clock (0)
------------------------------
 There are 0 register/latch pins with constant_clock.


3. checking pulse_width_clock (0)
---------------------------------
 There are 0 register/latch pins which need pulse_width check


4. checking unconstrained_internal_endpoints (0)
------------------------------------------------
 There are 0 pins that are not constrained for maximum delay.

 There are 0 pins that are not constrained for maximum delay due to constant clock.


5. checking no_input_delay (0)
------------------------------
 There are 0 input ports with no input delay specified.

 There are 0 input ports with no input delay but user has a false path constraint.


6. checking no_output_delay (0)
-------------------------------
 There are 0 ports with no output delay specified.

 There are 0 ports with no output delay but user has a false path constraint

 There are 0 ports with no output delay but with a timing clock defined on it or propagating through it


7. checking multiple_clock (0)
------------------------------
 There are 0 register/latch pins with multiple clocks.


8. checking generated_clocks (0)
--------------------------------
 There are 0 generated clocks that are not connected to a clock source.


9. checking loops (0)
---------------------
 There are 0 combinational loops in the design.


10. checking partial_input_delay (0)
------------------------------------
 There are 0 input ports with partial input delay specified.


11. checking partial_output_delay (0)
-------------------------------------
 There are 0 ports with partial output delay specified.


12. checking latch_loops (0)
----------------------------
 There are 0 combinational latch loops in the design through latch input



------------------------------------------------------------------------------------------------
| Design Timing Summary
| ---------------------
------------------------------------------------------------------------------------------------

    WNS(ns)      TNS(ns)  TNS Failing Endpoints  TNS Total Endpoints     WPWS(ns)     TPWS(ns)  TPWS Failing Endpoints  TPWS Total Endpoints  
    -------      -------  ---------------------  -------------------     --------     --------  ----------------------  --------------------  
     -5.546     -776.745                    213                  938        2.000        0.000                       0                   305  


Timing constraints are not met.


------------------------------------------------------------------------------------------------
| Clock Summary
| -------------
------------------------------------------------------------------------------------------------

Clock  Waveform(ns)         Period(ns)      Frequency(MHz)
-----  ------------         ----------      --------------
clk    {0.000 2.500}        5.000           200.000         


------------------------------------------------------------------------------------------------
| Intra Clock Table
| -----------------
------------------------------------------------------------------------------------------------

Clock             WNS(ns)      TNS(ns)  TNS Failing Endpoints  TNS Total Endpoints     WPWS(ns)     TPWS(ns)  TPWS Failing Endpoints  TPWS Total Endpoints  
-----             -------      -------  ---------------------  -------------------     --------     --------  ----------------------  --------------------  
clk                -5.546     -776.745                    213                  634        2.000        0.000                       0                   305  


------------------------------------------------------------------------------------------------
| Inter Clock Table
| -----------------
------------------------------------------------------------------------------------------------

From Clock    To Clock          WNS(ns)      TNS(ns)  TNS Failing Endpoints  TNS Total Endpoints  
----------    --------          -------      -------  ---------------------  -------------------  


------------------------------------------------------------------------------------------------
| Other Path Groups Table
| -----------------------
------------------------------------------------------------------------------------------------

Path Group         From Clock         To Clock               WNS(ns)      TNS(ns)  TNS Failing Endpoints  TNS Total Endpoints  
----------         ----------         --------               -------      -------  ---------------------  -------------------  
**async_default**  clk                clk                      4.107        0.000                      0                  304  


------------------------------------------------------------------------------------------------
| Timing Details
| --------------
------------------------------------------------------------------------------------------------


---------------------------------------------------------------------------------------------------
From Clock:  clk
  To Clock:  clk

Setup :          213  Failing Endpoints,  Worst Slack       -5.546ns,  Total Violation     -776.745ns
Hold  :           NA  Failing Endpoints,  Worst Slack           NA  ,  Total Violation           NA
PW    :            0  Failing Endpoints,  Worst Slack        2.000ns,  Total Violation        0.000ns
---------------------------------------------------------------------------------------------------


Max Delay Paths
--------------------------------------------------------------------------------------
Slack (VIOLATED) :        -5.546ns  (required time - arrival time)
  Source:                 u_base/oy_reg[0]/C
                            (rising edge-triggered cell FDCE clocked by clk  {rise@0.000ns fall@2.500ns period=5.000ns})
  Destination:            u_base/conv_map_reg[0][19]/D
                            (rising edge-triggered cell FDCE clocked by clk  {rise@0.000ns fall@2.500ns period=5.000ns})
  Path Group:             clk
  Path Type:              Setup (Max at Slow Process Corner)
  Requirement:            5.000ns  (clk rise@5.000ns - clk rise@0.000ns)
  Data Path Delay:        10.395ns  (logic 3.670ns (35.305%)  route 6.725ns (64.695%))
  Logic Levels:           14  (CARRY4=6 LUT2=1 LUT3=1 LUT6=6)
  Clock Path Skew:        -0.145ns (DCD - SCD + CPR)
    Destination Clock Delay (DCD):    1.881ns = ( 6.881 - 5.000 ) 
    Source Clock Delay      (SCD):    2.193ns
    Clock Pessimism Removal (CPR):    0.167ns
  Clock Uncertainty:      0.035ns  ((TSJ^2 + TIJ^2)^1/2 + DJ) / 2 + PE
    Total System Jitter     (TSJ):    0.071ns
    Total Input Jitter      (TIJ):    0.000ns
    Discrete Jitter          (DJ):    0.000ns
    Phase Error              (PE):    0.000ns

    Location             Delay type                Incr(ns)  Path(ns)    Netlist Resource(s)
  -------------------------------------------------------------------    -------------------
                         (clock clk rise edge)        0.000     0.000 r  
                                                      0.000     0.000 r  clk (IN)
                         net (fo=0)                   0.000     0.000    clk
                         IBUF (Prop_ibuf_I_O)         0.882     0.882 r  clk_IBUF_inst/O
                         net (fo=1, unplaced)         0.646     1.528    clk_IBUF
                         BUFG (Prop_bufg_I_O)         0.081     1.609 r  clk_IBUF_BUFG_inst/O
                         net (fo=304, unplaced)       0.584     2.193    u_base/CLK
                         FDCE                                         r  u_base/oy_reg[0]/C
  -------------------------------------------------------------------    -------------------
                         FDCE (Prop_fdce_C_Q)         0.379     2.572 r  u_base/oy_reg[0]/Q
                         net (fo=25, unplaced)        0.844     3.416    u_base/u_mul8/p_s16__0_carry__0_i_50_1
                         LUT6 (Prop_lut6_I0_O)        0.232     3.648 r  u_base/u_mul8/p_s16__0_carry_i_93/O
                         net (fo=8, unplaced)         0.976     4.624    u_base/u_mul8/p_s16__0_carry_i_93_n_0
                         LUT6 (Prop_lut6_I0_O)        0.105     4.729 r  u_base/u_mul8/p_s16__0_carry_i_45/O
                         net (fo=16, unplaced)        0.992     5.721    u_base/u_mul8/p_s16__0_carry_i_45_n_0
                         LUT6 (Prop_lut6_I1_O)        0.105     5.826 r  u_base/u_mul8/p_s16__0_carry_i_19/O
                         net (fo=7, unplaced)         0.817     6.643    u_base/u_mul8/p_s16__0_carry_i_19_n_0
                         LUT6 (Prop_lut6_I0_O)        0.105     6.748 r  u_base/u_mul8/p_s16__0_carry_i_9/O
                         net (fo=13, unplaced)        0.632     7.380    u_base/u_mul8/p_s16__0_carry_i_9_n_0
                         LUT6 (Prop_lut6_I1_O)        0.105     7.485 r  u_base/u_mul8/p_s16__32_carry_i_1/O
                         net (fo=1, unplaced)         0.367     7.852    u_base/u_mul8/p_s16__32_carry_i_1_n_0
                         CARRY4 (Prop_carry4_DI[3]_CO[3])
                                                      0.327     8.179 r  u_base/u_mul8/p_s16__32_carry/CO[3]
                         net (fo=1, unplaced)         0.008     8.187    u_base/u_mul8/p_s16__32_carry_n_0
                         CARRY4 (Prop_carry4_CI_O[1])
                                                      0.269     8.456 r  u_base/u_mul8/p_s16__32_carry__0/O[1]
                         net (fo=3, unplaced)         0.490     8.946    u_base/u_mul8/p_s16__32_carry__0_n_6
                         LUT3 (Prop_lut3_I2_O)        0.245     9.191 r  u_base/u_mul8/p_s16__88_carry__0_i_3/O
                         net (fo=1, unplaced)         0.537     9.728    u_base/u_mul8/p_s16__88_carry__0_i_3_n_0
                         CARRY4 (Prop_carry4_DI[1]_CO[3])
                                                      0.430    10.158 r  u_base/u_mul8/p_s16__88_carry__0/CO[3]
                         net (fo=1, unplaced)         0.000    10.158    u_base/u_mul8/p_s16__88_carry__0_n_0
                         CARRY4 (Prop_carry4_CI_O[3])
                                                      0.277    10.435 r  u_base/u_mul8/p_s16__88_carry__1/O[3]
                         net (fo=4, unplaced)         0.543    10.978    u_base/u_mul8/p_s16__88_carry__1_i_7_0[3]
                         LUT6 (Prop_lut6_I0_O)        0.250    11.228 r  u_base/u_mul8/i__carry__2_i_1/O
                         net (fo=1, unplaced)         0.000    11.228    u_base/u_mul8_n_40
                         CARRY4 (Prop_carry4_S[3]_CO[3])
                                                      0.314    11.542 r  u_base/p_0_out_inferred__4/i__carry__2/CO[3]
                         net (fo=1, unplaced)         0.000    11.542    u_base/p_0_out_inferred__4/i__carry__2_n_0
                         CARRY4 (Prop_carry4_CI_O[3])
                                                      0.277    11.819 r  u_base/p_0_out_inferred__4/i__carry__3/O[3]
                         net (fo=1, unplaced)         0.519    12.338    u_base/u_mul8/conv_map_reg[0][19]_0[3]
                         LUT2 (Prop_lut2_I1_O)        0.250    12.588 r  u_base/u_mul8/conv_map[1][19]_i_2/O
                         net (fo=9, unplaced)         0.000    12.588    u_base/u_mul8_n_24
                         FDCE                                         r  u_base/conv_map_reg[0][19]/D
  -------------------------------------------------------------------    -------------------

                         (clock clk rise edge)        5.000     5.000 r  
                                                      0.000     5.000 r  clk (IN)
                         net (fo=0)                   0.000     5.000    clk
                         IBUF (Prop_ibuf_I_O)         0.751     5.751 r  clk_IBUF_inst/O
                         net (fo=1, unplaced)         0.613     6.365    clk_IBUF
                         BUFG (Prop_bufg_I_O)         0.077     6.442 r  clk_IBUF_BUFG_inst/O
                         net (fo=304, unplaced)       0.439     6.881    u_base/CLK
                         FDCE                                         r  u_base/conv_map_reg[0][19]/C
                         clock pessimism              0.167     7.048    
                         clock uncertainty           -0.035     7.012    
                         FDCE (Setup_fdce_C_D)        0.029     7.041    u_base/conv_map_reg[0][19]
  -------------------------------------------------------------------
                         required time                          7.041    
                         arrival time                         -12.588    
  -------------------------------------------------------------------
                         slack                                 -5.546    

Slack (VIOLATED) :        -5.546ns  (required time - arrival time)
  Source:                 u_base/oy_reg[0]/C
                            (rising edge-triggered cell FDCE clocked by clk  {rise@0.000ns fall@2.500ns period=5.000ns})
  Destination:            u_base/conv_map_reg[1][19]/D
                            (rising edge-triggered cell FDCE clocked by clk  {rise@0.000ns fall@2.500ns period=5.000ns})
  Path Group:             clk
  Path Type:              Setup (Max at Slow Process Corner)
  Requirement:            5.000ns  (clk rise@5.000ns - clk rise@0.000ns)
  Data Path Delay:        10.395ns  (logic 3.670ns (35.305%)  route 6.725ns (64.695%))
  Logic Levels:           14  (CARRY4=6 LUT2=1 LUT3=1 LUT6=6)
  Clock Path Skew:        -0.145ns (DCD - SCD + CPR)
    Destination Clock Delay (DCD):    1.881ns = ( 6.881 - 5.000 ) 
    Source Clock Delay      (SCD):    2.193ns
    Clock Pessimism Removal (CPR):    0.167ns
  Clock Uncertainty:      0.035ns  ((TSJ^2 + TIJ^2)^1/2 + DJ) / 2 + PE
    Total System Jitter     (TSJ):    0.071ns
    Total Input Jitter      (TIJ):    0.000ns
    Discrete Jitter          (DJ):    0.000ns
    Phase Error              (PE):    0.000ns

    Location             Delay type                Incr(ns)  Path(ns)    Netlist Resource(s)
  -------------------------------------------------------------------    -------------------
                         (clock clk rise edge)        0.000     0.000 r  
                                                      0.000     0.000 r  clk (IN)
                         net (fo=0)                   0.000     0.000    clk
                         IBUF (Prop_ibuf_I_O)         0.882     0.882 r  clk_IBUF_inst/O
                         net (fo=1, unplaced)         0.646     1.528    clk_IBUF
                         BUFG (Prop_bufg_I_O)         0.081     1.609 r  clk_IBUF_BUFG_inst/O
                         net (fo=304, unplaced)       0.584     2.193    u_base/CLK
                         FDCE                                         r  u_base/oy_reg[0]/C
  -------------------------------------------------------------------    -------------------
                         FDCE (Prop_fdce_C_Q)         0.379     2.572 r  u_base/oy_reg[0]/Q
                         net (fo=25, unplaced)        0.844     3.416    u_base/u_mul8/p_s16__0_carry__0_i_50_1
                         LUT6 (Prop_lut6_I0_O)        0.232     3.648 r  u_base/u_mul8/p_s16__0_carry_i_93/O
                         net (fo=8, unplaced)         0.976     4.624    u_base/u_mul8/p_s16__0_carry_i_93_n_0
                         LUT6 (Prop_lut6_I0_O)        0.105     4.729 r  u_base/u_mul8/p_s16__0_carry_i_45/O
                         net (fo=16, unplaced)        0.992     5.721    u_base/u_mul8/p_s16__0_carry_i_45_n_0
                         LUT6 (Prop_lut6_I1_O)        0.105     5.826 r  u_base/u_mul8/p_s16__0_carry_i_19/O
                         net (fo=7, unplaced)         0.817     6.643    u_base/u_mul8/p_s16__0_carry_i_19_n_0
                         LUT6 (Prop_lut6_I0_O)        0.105     6.748 r  u_base/u_mul8/p_s16__0_carry_i_9/O
                         net (fo=13, unplaced)        0.632     7.380    u_base/u_mul8/p_s16__0_carry_i_9_n_0
                         LUT6 (Prop_lut6_I1_O)        0.105     7.485 r  u_base/u_mul8/p_s16__32_carry_i_1/O
                         net (fo=1, unplaced)         0.367     7.852    u_base/u_mul8/p_s16__32_carry_i_1_n_0
                         CARRY4 (Prop_carry4_DI[3]_CO[3])
                                                      0.327     8.179 r  u_base/u_mul8/p_s16__32_carry/CO[3]
                         net (fo=1, unplaced)         0.008     8.187    u_base/u_mul8/p_s16__32_carry_n_0
                         CARRY4 (Prop_carry4_CI_O[1])
                                                      0.269     8.456 r  u_base/u_mul8/p_s16__32_carry__0/O[1]
                         net (fo=3, unplaced)         0.490     8.946    u_base/u_mul8/p_s16__32_carry__0_n_6
                         LUT3 (Prop_lut3_I2_O)        0.245     9.191 r  u_base/u_mul8/p_s16__88_carry__0_i_3/O
                         net (fo=1, unplaced)         0.537     9.728    u_base/u_mul8/p_s16__88_carry__0_i_3_n_0
                         CARRY4 (Prop_carry4_DI[1]_CO[3])
                                                      0.430    10.158 r  u_base/u_mul8/p_s16__88_carry__0/CO[3]
                         net (fo=1, unplaced)         0.000    10.158    u_base/u_mul8/p_s16__88_carry__0_n_0
                         CARRY4 (Prop_carry4_CI_O[3])
                                                      0.277    10.435 r  u_base/u_mul8/p_s16__88_carry__1/O[3]
                         net (fo=4, unplaced)         0.543    10.978    u_base/u_mul8/p_s16__88_carry__1_i_7_0[3]
                         LUT6 (Prop_lut6_I0_O)        0.250    11.228 r  u_base/u_mul8/i__carry__2_i_1/O
                         net (fo=1, unplaced)         0.000    11.228    u_base/u_mul8_n_40
                         CARRY4 (Prop_carry4_S[3]_CO[3])
                                                      0.314    11.542 r  u_base/p_0_out_inferred__4/i__carry__2/CO[3]
                         net (fo=1, unplaced)         0.000    11.542    u_base/p_0_out_inferred__4/i__carry__2_n_0
                         CARRY4 (Prop_carry4_CI_O[3])
                                                      0.277    11.819 r  u_base/p_0_out_inferred__4/i__carry__3/O[3]
                         net (fo=1, unplaced)         0.519    12.338    u_base/u_mul8/conv_map_reg[0][19]_0[3]
                         LUT2 (Prop_lut2_I1_O)        0.250    12.588 r  u_base/u_mul8/conv_map[1][19]_i_2/O
                         net (fo=9, unplaced)         0.000    12.588    u_base/u_mul8_n_24
                         FDCE                                         r  u_base/conv_map_reg[1][19]/D
  -------------------------------------------------------------------    -------------------

                         (clock clk rise edge)        5.000     5.000 r  
                                                      0.000     5.000 r  clk (IN)
                         net (fo=0)                   0.000     5.000    clk
                         IBUF (Prop_ibuf_I_O)         0.751     5.751 r  clk_IBUF_inst/O
                         net (fo=1, unplaced)         0.613     6.365    clk_IBUF
                         BUFG (Prop_bufg_I_O)         0.077     6.442 r  clk_IBUF_BUFG_inst/O
                         net (fo=304, unplaced)       0.439     6.881    u_base/CLK
                         FDCE                                         r  u_base/conv_map_reg[1][19]/C
                         clock pessimism              0.167     7.048    
                         clock uncertainty           -0.035     7.012    
                         FDCE (Setup_fdce_C_D)        0.029     7.041    u_base/conv_map_reg[1][19]
  -------------------------------------------------------------------
                         required time                          7.041    
                         arrival time                         -12.588    
  -------------------------------------------------------------------
                         slack                                 -5.546    

Slack (VIOLATED) :        -5.546ns  (required time - arrival time)
  Source:                 u_base/oy_reg[0]/C
                            (rising edge-triggered cell FDCE clocked by clk  {rise@0.000ns fall@2.500ns period=5.000ns})
  Destination:            u_base/conv_map_reg[2][19]/D
                            (rising edge-triggered cell FDCE clocked by clk  {rise@0.000ns fall@2.500ns period=5.000ns})
  Path Group:             clk
  Path Type:              Setup (Max at Slow Process Corner)
  Requirement:            5.000ns  (clk rise@5.000ns - clk rise@0.000ns)
  Data Path Delay:        10.395ns  (logic 3.670ns (35.305%)  route 6.725ns (64.695%))
  Logic Levels:           14  (CARRY4=6 LUT2=1 LUT3=1 LUT6=6)
  Clock Path Skew:        -0.145ns (DCD - SCD + CPR)
    Destination Clock Delay (DCD):    1.881ns = ( 6.881 - 5.000 ) 
    Source Clock Delay      (SCD):    2.193ns
    Clock Pessimism Removal (CPR):    0.167ns
  Clock Uncertainty:      0.035ns  ((TSJ^2 + TIJ^2)^1/2 + DJ) / 2 + PE
    Total System Jitter     (TSJ):    0.071ns
    Total Input Jitter      (TIJ):    0.000ns
    Discrete Jitter          (DJ):    0.000ns
    Phase Error              (PE):    0.000ns

    Location             Delay type                Incr(ns)  Path(ns)    Netlist Resource(s)
  -------------------------------------------------------------------    -------------------
                         (clock clk rise edge)        0.000     0.000 r  
                                                      0.000     0.000 r  clk (IN)
                         net (fo=0)                   0.000     0.000    clk
                         IBUF (Prop_ibuf_I_O)         0.882     0.882 r  clk_IBUF_inst/O
                         net (fo=1, unplaced)         0.646     1.528    clk_IBUF
                         BUFG (Prop_bufg_I_O)         0.081     1.609 r  clk_IBUF_BUFG_inst/O
                         net (fo=304, unplaced)       0.584     2.193    u_base/CLK
                         FDCE                                         r  u_base/oy_reg[0]/C
  -------------------------------------------------------------------    -------------------
                         FDCE (Prop_fdce_C_Q)         0.379     2.572 r  u_base/oy_reg[0]/Q
                         net (fo=25, unplaced)        0.844     3.416    u_base/u_mul8/p_s16__0_carry__0_i_50_1
                         LUT6 (Prop_lut6_I0_O)        0.232     3.648 r  u_base/u_mul8/p_s16__0_carry_i_93/O
                         net (fo=8, unplaced)         0.976     4.624    u_base/u_mul8/p_s16__0_carry_i_93_n_0
                         LUT6 (Prop_lut6_I0_O)        0.105     4.729 r  u_base/u_mul8/p_s16__0_carry_i_45/O
                         net (fo=16, unplaced)        0.992     5.721    u_base/u_mul8/p_s16__0_carry_i_45_n_0
                         LUT6 (Prop_lut6_I1_O)        0.105     5.826 r  u_base/u_mul8/p_s16__0_carry_i_19/O
                         net (fo=7, unplaced)         0.817     6.643    u_base/u_mul8/p_s16__0_carry_i_19_n_0
                         LUT6 (Prop_lut6_I0_O)        0.105     6.748 r  u_base/u_mul8/p_s16__0_carry_i_9/O
                         net (fo=13, unplaced)        0.632     7.380    u_base/u_mul8/p_s16__0_carry_i_9_n_0
                         LUT6 (Prop_lut6_I1_O)        0.105     7.485 r  u_base/u_mul8/p_s16__32_carry_i_1/O
                         net (fo=1, unplaced)         0.367     7.852    u_base/u_mul8/p_s16__32_carry_i_1_n_0
                         CARRY4 (Prop_carry4_DI[3]_CO[3])
                                                      0.327     8.179 r  u_base/u_mul8/p_s16__32_carry/CO[3]
                         net (fo=1, unplaced)         0.008     8.187    u_base/u_mul8/p_s16__32_carry_n_0
                         CARRY4 (Prop_carry4_CI_O[1])
                                                      0.269     8.456 r  u_base/u_mul8/p_s16__32_carry__0/O[1]
                         net (fo=3, unplaced)         0.490     8.946    u_base/u_mul8/p_s16__32_carry__0_n_6
                         LUT3 (Prop_lut3_I2_O)        0.245     9.191 r  u_base/u_mul8/p_s16__88_carry__0_i_3/O
                         net (fo=1, unplaced)         0.537     9.728    u_base/u_mul8/p_s16__88_carry__0_i_3_n_0
                         CARRY4 (Prop_carry4_DI[1]_CO[3])
                                                      0.430    10.158 r  u_base/u_mul8/p_s16__88_carry__0/CO[3]
                         net (fo=1, unplaced)         0.000    10.158    u_base/u_mul8/p_s16__88_carry__0_n_0
                         CARRY4 (Prop_carry4_CI_O[3])
                                                      0.277    10.435 r  u_base/u_mul8/p_s16__88_carry__1/O[3]
                         net (fo=4, unplaced)         0.543    10.978    u_base/u_mul8/p_s16__88_carry__1_i_7_0[3]
                         LUT6 (Prop_lut6_I0_O)        0.250    11.228 r  u_base/u_mul8/i__carry__2_i_1/O
                         net (fo=1, unplaced)         0.000    11.228    u_base/u_mul8_n_40
                         CARRY4 (Prop_carry4_S[3]_CO[3])
                                                      0.314    11.542 r  u_base/p_0_out_inferred__4/i__carry__2/CO[3]
                         net (fo=1, unplaced)         0.000    11.542    u_base/p_0_out_inferred__4/i__carry__2_n_0
                         CARRY4 (Prop_carry4_CI_O[3])
                                                      0.277    11.819 r  u_base/p_0_out_inferred__4/i__carry__3/O[3]
                         net (fo=1, unplaced)         0.519    12.338    u_base/u_mul8/conv_map_reg[0][19]_0[3]
                         LUT2 (Prop_lut2_I1_O)        0.250    12.588 r  u_base/u_mul8/conv_map[1][19]_i_2/O
                         net (fo=9, unplaced)         0.000    12.588    u_base/u_mul8_n_24
                         FDCE                                         r  u_base/conv_map_reg[2][19]/D
  -------------------------------------------------------------------    -------------------

                         (clock clk rise edge)        5.000     5.000 r  
                                                      0.000     5.000 r  clk (IN)
                         net (fo=0)                   0.000     5.000    clk
                         IBUF (Prop_ibuf_I_O)         0.751     5.751 r  clk_IBUF_inst/O
                         net (fo=1, unplaced)         0.613     6.365    clk_IBUF
                         BUFG (Prop_bufg_I_O)         0.077     6.442 r  clk_IBUF_BUFG_inst/O
                         net (fo=304, unplaced)       0.439     6.881    u_base/CLK
                         FDCE                                         r  u_base/conv_map_reg[2][19]/C
                         clock pessimism              0.167     7.048    
                         clock uncertainty           -0.035     7.012    
                         FDCE (Setup_fdce_C_D)        0.029     7.041    u_base/conv_map_reg[2][19]
  -------------------------------------------------------------------
                         required time                          7.041    
                         arrival time                         -12.588    
  -------------------------------------------------------------------
                         slack                                 -5.546    

Slack (VIOLATED) :        -5.546ns  (required time - arrival time)
  Source:                 u_base/oy_reg[0]/C
                            (rising edge-triggered cell FDCE clocked by clk  {rise@0.000ns fall@2.500ns period=5.000ns})
  Destination:            u_base/conv_map_reg[3][19]/D
                            (rising edge-triggered cell FDCE clocked by clk  {rise@0.000ns fall@2.500ns period=5.000ns})
  Path Group:             clk
  Path Type:              Setup (Max at Slow Process Corner)
  Requirement:            5.000ns  (clk rise@5.000ns - clk rise@0.000ns)
  Data Path Delay:        10.395ns  (logic 3.670ns (35.305%)  route 6.725ns (64.695%))
  Logic Levels:           14  (CARRY4=6 LUT2=1 LUT3=1 LUT6=6)
  Clock Path Skew:        -0.145ns (DCD - SCD + CPR)
    Destination Clock Delay (DCD):    1.881ns = ( 6.881 - 5.000 ) 
    Source Clock Delay      (SCD):    2.193ns
    Clock Pessimism Removal (CPR):    0.167ns
  Clock Uncertainty:      0.035ns  ((TSJ^2 + TIJ^2)^1/2 + DJ) / 2 + PE
    Total System Jitter     (TSJ):    0.071ns
    Total Input Jitter      (TIJ):    0.000ns
    Discrete Jitter          (DJ):    0.000ns
    Phase Error              (PE):    0.000ns

    Location             Delay type                Incr(ns)  Path(ns)    Netlist Resource(s)
  -------------------------------------------------------------------    -------------------
                         (clock clk rise edge)        0.000     0.000 r  
                                                      0.000     0.000 r  clk (IN)
                         net (fo=0)                   0.000     0.000    clk
                         IBUF (Prop_ibuf_I_O)         0.882     0.882 r  clk_IBUF_inst/O
                         net (fo=1, unplaced)         0.646     1.528    clk_IBUF
                         BUFG (Prop_bufg_I_O)         0.081     1.609 r  clk_IBUF_BUFG_inst/O
                         net (fo=304, unplaced)       0.584     2.193    u_base/CLK
                         FDCE                                         r  u_base/oy_reg[0]/C
  -------------------------------------------------------------------    -------------------
                         FDCE (Prop_fdce_C_Q)         0.379     2.572 r  u_base/oy_reg[0]/Q
                         net (fo=25, unplaced)        0.844     3.416    u_base/u_mul8/p_s16__0_carry__0_i_50_1
                         LUT6 (Prop_lut6_I0_O)        0.232     3.648 r  u_base/u_mul8/p_s16__0_carry_i_93/O
                         net (fo=8, unplaced)         0.976     4.624    u_base/u_mul8/p_s16__0_carry_i_93_n_0
                         LUT6 (Prop_lut6_I0_O)        0.105     4.729 r  u_base/u_mul8/p_s16__0_carry_i_45/O
                         net (fo=16, unplaced)        0.992     5.721    u_base/u_mul8/p_s16__0_carry_i_45_n_0
                         LUT6 (Prop_lut6_I1_O)        0.105     5.826 r  u_base/u_mul8/p_s16__0_carry_i_19/O
                         net (fo=7, unplaced)         0.817     6.643    u_base/u_mul8/p_s16__0_carry_i_19_n_0
                         LUT6 (Prop_lut6_I0_O)        0.105     6.748 r  u_base/u_mul8/p_s16__0_carry_i_9/O
                         net (fo=13, unplaced)        0.632     7.380    u_base/u_mul8/p_s16__0_carry_i_9_n_0
                         LUT6 (Prop_lut6_I1_O)        0.105     7.485 r  u_base/u_mul8/p_s16__32_carry_i_1/O
                         net (fo=1, unplaced)         0.367     7.852    u_base/u_mul8/p_s16__32_carry_i_1_n_0
                         CARRY4 (Prop_carry4_DI[3]_CO[3])
                                                      0.327     8.179 r  u_base/u_mul8/p_s16__32_carry/CO[3]
                         net (fo=1, unplaced)         0.008     8.187    u_base/u_mul8/p_s16__32_carry_n_0
                         CARRY4 (Prop_carry4_CI_O[1])
                                                      0.269     8.456 r  u_base/u_mul8/p_s16__32_carry__0/O[1]
                         net (fo=3, unplaced)         0.490     8.946    u_base/u_mul8/p_s16__32_carry__0_n_6
                         LUT3 (Prop_lut3_I2_O)        0.245     9.191 r  u_base/u_mul8/p_s16__88_carry__0_i_3/O
                         net (fo=1, unplaced)         0.537     9.728    u_base/u_mul8/p_s16__88_carry__0_i_3_n_0
                         CARRY4 (Prop_carry4_DI[1]_CO[3])
                                                      0.430    10.158 r  u_base/u_mul8/p_s16__88_carry__0/CO[3]
                         net (fo=1, unplaced)         0.000    10.158    u_base/u_mul8/p_s16__88_carry__0_n_0
                         CARRY4 (Prop_carry4_CI_O[3])
                                                      0.277    10.435 r  u_base/u_mul8/p_s16__88_carry__1/O[3]
                         net (fo=4, unplaced)         0.543    10.978    u_base/u_mul8/p_s16__88_carry__1_i_7_0[3]
                         LUT6 (Prop_lut6_I0_O)        0.250    11.228 r  u_base/u_mul8/i__carry__2_i_1/O
                         net (fo=1, unplaced)         0.000    11.228    u_base/u_mul8_n_40
                         CARRY4 (Prop_carry4_S[3]_CO[3])
                                                      0.314    11.542 r  u_base/p_0_out_inferred__4/i__carry__2/CO[3]
                         net (fo=1, unplaced)         0.000    11.542    u_base/p_0_out_inferred__4/i__carry__2_n_0
                         CARRY4 (Prop_carry4_CI_O[3])
                                                      0.277    11.819 r  u_base/p_0_out_inferred__4/i__carry__3/O[3]
                         net (fo=1, unplaced)         0.519    12.338    u_base/u_mul8/conv_map_reg[0][19]_0[3]
                         LUT2 (Prop_lut2_I1_O)        0.250    12.588 r  u_base/u_mul8/conv_map[1][19]_i_2/O
                         net (fo=9, unplaced)         0.000    12.588    u_base/u_mul8_n_24
                         FDCE                                         r  u_base/conv_map_reg[3][19]/D
  -------------------------------------------------------------------    -------------------

                         (clock clk rise edge)        5.000     5.000 r  
                                                      0.000     5.000 r  clk (IN)
                         net (fo=0)                   0.000     5.000    clk
                         IBUF (Prop_ibuf_I_O)         0.751     5.751 r  clk_IBUF_inst/O
                         net (fo=1, unplaced)         0.613     6.365    clk_IBUF
                         BUFG (Prop_bufg_I_O)         0.077     6.442 r  clk_IBUF_BUFG_inst/O
                         net (fo=304, unplaced)       0.439     6.881    u_base/CLK
                         FDCE                                         r  u_base/conv_map_reg[3][19]/C
                         clock pessimism              0.167     7.048    
                         clock uncertainty           -0.035     7.012    
                         FDCE (Setup_fdce_C_D)        0.029     7.041    u_base/conv_map_reg[3][19]
  -------------------------------------------------------------------
                         required time                          7.041    
                         arrival time                         -12.588    
  -------------------------------------------------------------------
                         slack                                 -5.546    

Slack (VIOLATED) :        -5.546ns  (required time - arrival time)
  Source:                 u_base/oy_reg[0]/C
                            (rising edge-triggered cell FDCE clocked by clk  {rise@0.000ns fall@2.500ns period=5.000ns})
  Destination:            u_base/conv_map_reg[4][19]/D
                            (rising edge-triggered cell FDCE clocked by clk  {rise@0.000ns fall@2.500ns period=5.000ns})
  Path Group:             clk
  Path Type:              Setup (Max at Slow Process Corner)
  Requirement:            5.000ns  (clk rise@5.000ns - clk rise@0.000ns)
  Data Path Delay:        10.395ns  (logic 3.670ns (35.305%)  route 6.725ns (64.695%))
  Logic Levels:           14  (CARRY4=6 LUT2=1 LUT3=1 LUT6=6)
  Clock Path Skew:        -0.145ns (DCD - SCD + CPR)
    Destination Clock Delay (DCD):    1.881ns = ( 6.881 - 5.000 ) 
    Source Clock Delay      (SCD):    2.193ns
    Clock Pessimism Removal (CPR):    0.167ns
  Clock Uncertainty:      0.035ns  ((TSJ^2 + TIJ^2)^1/2 + DJ) / 2 + PE
    Total System Jitter     (TSJ):    0.071ns
    Total Input Jitter      (TIJ):    0.000ns
    Discrete Jitter          (DJ):    0.000ns
    Phase Error              (PE):    0.000ns

    Location             Delay type                Incr(ns)  Path(ns)    Netlist Resource(s)
  -------------------------------------------------------------------    -------------------
                         (clock clk rise edge)        0.000     0.000 r  
                                                      0.000     0.000 r  clk (IN)
                         net (fo=0)                   0.000     0.000    clk
                         IBUF (Prop_ibuf_I_O)         0.882     0.882 r  clk_IBUF_inst/O
                         net (fo=1, unplaced)         0.646     1.528    clk_IBUF
                         BUFG (Prop_bufg_I_O)         0.081     1.609 r  clk_IBUF_BUFG_inst/O
                         net (fo=304, unplaced)       0.584     2.193    u_base/CLK
                         FDCE                                         r  u_base/oy_reg[0]/C
  -------------------------------------------------------------------    -------------------
                         FDCE (Prop_fdce_C_Q)         0.379     2.572 r  u_base/oy_reg[0]/Q
                         net (fo=25, unplaced)        0.844     3.416    u_base/u_mul8/p_s16__0_carry__0_i_50_1
                         LUT6 (Prop_lut6_I0_O)        0.232     3.648 r  u_base/u_mul8/p_s16__0_carry_i_93/O
                         net (fo=8, unplaced)         0.976     4.624    u_base/u_mul8/p_s16__0_carry_i_93_n_0
                         LUT6 (Prop_lut6_I0_O)        0.105     4.729 r  u_base/u_mul8/p_s16__0_carry_i_45/O
                         net (fo=16, unplaced)        0.992     5.721    u_base/u_mul8/p_s16__0_carry_i_45_n_0
                         LUT6 (Prop_lut6_I1_O)        0.105     5.826 r  u_base/u_mul8/p_s16__0_carry_i_19/O
                         net (fo=7, unplaced)         0.817     6.643    u_base/u_mul8/p_s16__0_carry_i_19_n_0
                         LUT6 (Prop_lut6_I0_O)        0.105     6.748 r  u_base/u_mul8/p_s16__0_carry_i_9/O
                         net (fo=13, unplaced)        0.632     7.380    u_base/u_mul8/p_s16__0_carry_i_9_n_0
                         LUT6 (Prop_lut6_I1_O)        0.105     7.485 r  u_base/u_mul8/p_s16__32_carry_i_1/O
                         net (fo=1, unplaced)         0.367     7.852    u_base/u_mul8/p_s16__32_carry_i_1_n_0
                         CARRY4 (Prop_carry4_DI[3]_CO[3])
                                                      0.327     8.179 r  u_base/u_mul8/p_s16__32_carry/CO[3]
                         net (fo=1, unplaced)         0.008     8.187    u_base/u_mul8/p_s16__32_carry_n_0
                         CARRY4 (Prop_carry4_CI_O[1])
                                                      0.269     8.456 r  u_base/u_mul8/p_s16__32_carry__0/O[1]
                         net (fo=3, unplaced)         0.490     8.946    u_base/u_mul8/p_s16__32_carry__0_n_6
                         LUT3 (Prop_lut3_I2_O)        0.245     9.191 r  u_base/u_mul8/p_s16__88_carry__0_i_3/O
                         net (fo=1, unplaced)         0.537     9.728    u_base/u_mul8/p_s16__88_carry__0_i_3_n_0
                         CARRY4 (Prop_carry4_DI[1]_CO[3])
                                                      0.430    10.158 r  u_base/u_mul8/p_s16__88_carry__0/CO[3]
                         net (fo=1, unplaced)         0.000    10.158    u_base/u_mul8/p_s16__88_carry__0_n_0
                         CARRY4 (Prop_carry4_CI_O[3])
                                                      0.277    10.435 r  u_base/u_mul8/p_s16__88_carry__1/O[3]
                         net (fo=4, unplaced)         0.543    10.978    u_base/u_mul8/p_s16__88_carry__1_i_7_0[3]
                         LUT6 (Prop_lut6_I0_O)        0.250    11.228 r  u_base/u_mul8/i__carry__2_i_1/O
                         net (fo=1, unplaced)         0.000    11.228    u_base/u_mul8_n_40
                         CARRY4 (Prop_carry4_S[3]_CO[3])
                                                      0.314    11.542 r  u_base/p_0_out_inferred__4/i__carry__2/CO[3]
                         net (fo=1, unplaced)         0.000    11.542    u_base/p_0_out_inferred__4/i__carry__2_n_0
                         CARRY4 (Prop_carry4_CI_O[3])
                                                      0.277    11.819 r  u_base/p_0_out_inferred__4/i__carry__3/O[3]
                         net (fo=1, unplaced)         0.519    12.338    u_base/u_mul8/conv_map_reg[0][19]_0[3]
                         LUT2 (Prop_lut2_I1_O)        0.250    12.588 r  u_base/u_mul8/conv_map[1][19]_i_2/O
                         net (fo=9, unplaced)         0.000    12.588    u_base/u_mul8_n_24
                         FDCE                                         r  u_base/conv_map_reg[4][19]/D
  -------------------------------------------------------------------    -------------------

                         (clock clk rise edge)        5.000     5.000 r  
                                                      0.000     5.000 r  clk (IN)
                         net (fo=0)                   0.000     5.000    clk
                         IBUF (Prop_ibuf_I_O)         0.751     5.751 r  clk_IBUF_inst/O
                         net (fo=1, unplaced)         0.613     6.365    clk_IBUF
                         BUFG (Prop_bufg_I_O)         0.077     6.442 r  clk_IBUF_BUFG_inst/O
                         net (fo=304, unplaced)       0.439     6.881    u_base/CLK
                         FDCE                                         r  u_base/conv_map_reg[4][19]/C
                         clock pessimism              0.167     7.048    
                         clock uncertainty           -0.035     7.012    
                         FDCE (Setup_fdce_C_D)        0.029     7.041    u_base/conv_map_reg[4][19]
  -------------------------------------------------------------------
                         required time                          7.041    
                         arrival time                         -12.588    
  -------------------------------------------------------------------
                         slack                                 -5.546    

Slack (VIOLATED) :        -5.546ns  (required time - arrival time)
  Source:                 u_base/oy_reg[0]/C
                            (rising edge-triggered cell FDCE clocked by clk  {rise@0.000ns fall@2.500ns period=5.000ns})
  Destination:            u_base/conv_map_reg[5][19]/D
                            (rising edge-triggered cell FDCE clocked by clk  {rise@0.000ns fall@2.500ns period=5.000ns})
  Path Group:             clk
  Path Type:              Setup (Max at Slow Process Corner)
  Requirement:            5.000ns  (clk rise@5.000ns - clk rise@0.000ns)
  Data Path Delay:        10.395ns  (logic 3.670ns (35.305%)  route 6.725ns (64.695%))
  Logic Levels:           14  (CARRY4=6 LUT2=1 LUT3=1 LUT6=6)
  Clock Path Skew:        -0.145ns (DCD - SCD + CPR)
    Destination Clock Delay (DCD):    1.881ns = ( 6.881 - 5.000 ) 
    Source Clock Delay      (SCD):    2.193ns
    Clock Pessimism Removal (CPR):    0.167ns
  Clock Uncertainty:      0.035ns  ((TSJ^2 + TIJ^2)^1/2 + DJ) / 2 + PE
    Total System Jitter     (TSJ):    0.071ns
    Total Input Jitter      (TIJ):    0.000ns
    Discrete Jitter          (DJ):    0.000ns
    Phase Error              (PE):    0.000ns

    Location             Delay type                Incr(ns)  Path(ns)    Netlist Resource(s)
  -------------------------------------------------------------------    -------------------
                         (clock clk rise edge)        0.000     0.000 r  
                                                      0.000     0.000 r  clk (IN)
                         net (fo=0)                   0.000     0.000    clk
                         IBUF (Prop_ibuf_I_O)         0.882     0.882 r  clk_IBUF_inst/O
                         net (fo=1, unplaced)         0.646     1.528    clk_IBUF
                         BUFG (Prop_bufg_I_O)         0.081     1.609 r  clk_IBUF_BUFG_inst/O
                         net (fo=304, unplaced)       0.584     2.193    u_base/CLK
                         FDCE                                         r  u_base/oy_reg[0]/C
  -------------------------------------------------------------------    -------------------
                         FDCE (Prop_fdce_C_Q)         0.379     2.572 r  u_base/oy_reg[0]/Q
                         net (fo=25, unplaced)        0.844     3.416    u_base/u_mul8/p_s16__0_carry__0_i_50_1
                         LUT6 (Prop_lut6_I0_O)        0.232     3.648 r  u_base/u_mul8/p_s16__0_carry_i_93/O
                         net (fo=8, unplaced)         0.976     4.624    u_base/u_mul8/p_s16__0_carry_i_93_n_0
                         LUT6 (Prop_lut6_I0_O)        0.105     4.729 r  u_base/u_mul8/p_s16__0_carry_i_45/O
                         net (fo=16, unplaced)        0.992     5.721    u_base/u_mul8/p_s16__0_carry_i_45_n_0
                         LUT6 (Prop_lut6_I1_O)        0.105     5.826 r  u_base/u_mul8/p_s16__0_carry_i_19/O
                         net (fo=7, unplaced)         0.817     6.643    u_base/u_mul8/p_s16__0_carry_i_19_n_0
                         LUT6 (Prop_lut6_I0_O)        0.105     6.748 r  u_base/u_mul8/p_s16__0_carry_i_9/O
                         net (fo=13, unplaced)        0.632     7.380    u_base/u_mul8/p_s16__0_carry_i_9_n_0
                         LUT6 (Prop_lut6_I1_O)        0.105     7.485 r  u_base/u_mul8/p_s16__32_carry_i_1/O
                         net (fo=1, unplaced)         0.367     7.852    u_base/u_mul8/p_s16__32_carry_i_1_n_0
                         CARRY4 (Prop_carry4_DI[3]_CO[3])
                                                      0.327     8.179 r  u_base/u_mul8/p_s16__32_carry/CO[3]
                         net (fo=1, unplaced)         0.008     8.187    u_base/u_mul8/p_s16__32_carry_n_0
                         CARRY4 (Prop_carry4_CI_O[1])
                                                      0.269     8.456 r  u_base/u_mul8/p_s16__32_carry__0/O[1]
                         net (fo=3, unplaced)         0.490     8.946    u_base/u_mul8/p_s16__32_carry__0_n_6
                         LUT3 (Prop_lut3_I2_O)        0.245     9.191 r  u_base/u_mul8/p_s16__88_carry__0_i_3/O
                         net (fo=1, unplaced)         0.537     9.728    u_base/u_mul8/p_s16__88_carry__0_i_3_n_0
                         CARRY4 (Prop_carry4_DI[1]_CO[3])
                                                      0.430    10.158 r  u_base/u_mul8/p_s16__88_carry__0/CO[3]
                         net (fo=1, unplaced)         0.000    10.158    u_base/u_mul8/p_s16__88_carry__0_n_0
                         CARRY4 (Prop_carry4_CI_O[3])
                                                      0.277    10.435 r  u_base/u_mul8/p_s16__88_carry__1/O[3]
                         net (fo=4, unplaced)         0.543    10.978    u_base/u_mul8/p_s16__88_carry__1_i_7_0[3]
                         LUT6 (Prop_lut6_I0_O)        0.250    11.228 r  u_base/u_mul8/i__carry__2_i_1/O
                         net (fo=1, unplaced)         0.000    11.228    u_base/u_mul8_n_40
                         CARRY4 (Prop_carry4_S[3]_CO[3])
                                                      0.314    11.542 r  u_base/p_0_out_inferred__4/i__carry__2/CO[3]
                         net (fo=1, unplaced)         0.000    11.542    u_base/p_0_out_inferred__4/i__carry__2_n_0
                         CARRY4 (Prop_carry4_CI_O[3])
                                                      0.277    11.819 r  u_base/p_0_out_inferred__4/i__carry__3/O[3]
                         net (fo=1, unplaced)         0.519    12.338    u_base/u_mul8/conv_map_reg[0][19]_0[3]
                         LUT2 (Prop_lut2_I1_O)        0.250    12.588 r  u_base/u_mul8/conv_map[1][19]_i_2/O
                         net (fo=9, unplaced)         0.000    12.588    u_base/u_mul8_n_24
                         FDCE                                         r  u_base/conv_map_reg[5][19]/D
  -------------------------------------------------------------------    -------------------

                         (clock clk rise edge)        5.000     5.000 r  
                                                      0.000     5.000 r  clk (IN)
                         net (fo=0)                   0.000     5.000    clk
                         IBUF (Prop_ibuf_I_O)         0.751     5.751 r  clk_IBUF_inst/O
                         net (fo=1, unplaced)         0.613     6.365    clk_IBUF
                         BUFG (Prop_bufg_I_O)         0.077     6.442 r  clk_IBUF_BUFG_inst/O
                         net (fo=304, unplaced)       0.439     6.881    u_base/CLK
                         FDCE                                         r  u_base/conv_map_reg[5][19]/C
                         clock pessimism              0.167     7.048    
                         clock uncertainty           -0.035     7.012    
                         FDCE (Setup_fdce_C_D)        0.029     7.041    u_base/conv_map_reg[5][19]
  -------------------------------------------------------------------
                         required time                          7.041    
                         arrival time                         -12.588    
  -------------------------------------------------------------------
                         slack                                 -5.546    

Slack (VIOLATED) :        -5.546ns  (required time - arrival time)
  Source:                 u_base/oy_reg[0]/C
                            (rising edge-triggered cell FDCE clocked by clk  {rise@0.000ns fall@2.500ns period=5.000ns})
  Destination:            u_base/conv_map_reg[6][19]/D
                            (rising edge-triggered cell FDCE clocked by clk  {rise@0.000ns fall@2.500ns period=5.000ns})
  Path Group:             clk
  Path Type:              Setup (Max at Slow Process Corner)
  Requirement:            5.000ns  (clk rise@5.000ns - clk rise@0.000ns)
  Data Path Delay:        10.395ns  (logic 3.670ns (35.305%)  route 6.725ns (64.695%))
  Logic Levels:           14  (CARRY4=6 LUT2=1 LUT3=1 LUT6=6)
  Clock Path Skew:        -0.145ns (DCD - SCD + CPR)
    Destination Clock Delay (DCD):    1.881ns = ( 6.881 - 5.000 ) 
    Source Clock Delay      (SCD):    2.193ns
    Clock Pessimism Removal (CPR):    0.167ns
  Clock Uncertainty:      0.035ns  ((TSJ^2 + TIJ^2)^1/2 + DJ) / 2 + PE
    Total System Jitter     (TSJ):    0.071ns
    Total Input Jitter      (TIJ):    0.000ns
    Discrete Jitter          (DJ):    0.000ns
    Phase Error              (PE):    0.000ns

    Location             Delay type                Incr(ns)  Path(ns)    Netlist Resource(s)
  -------------------------------------------------------------------    -------------------
                         (clock clk rise edge)        0.000     0.000 r  
                                                      0.000     0.000 r  clk (IN)
                         net (fo=0)                   0.000     0.000    clk
                         IBUF (Prop_ibuf_I_O)         0.882     0.882 r  clk_IBUF_inst/O
                         net (fo=1, unplaced)         0.646     1.528    clk_IBUF
                         BUFG (Prop_bufg_I_O)         0.081     1.609 r  clk_IBUF_BUFG_inst/O
                         net (fo=304, unplaced)       0.584     2.193    u_base/CLK
                         FDCE                                         r  u_base/oy_reg[0]/C
  -------------------------------------------------------------------    -------------------
                         FDCE (Prop_fdce_C_Q)         0.379     2.572 r  u_base/oy_reg[0]/Q
                         net (fo=25, unplaced)        0.844     3.416    u_base/u_mul8/p_s16__0_carry__0_i_50_1
                         LUT6 (Prop_lut6_I0_O)        0.232     3.648 r  u_base/u_mul8/p_s16__0_carry_i_93/O
                         net (fo=8, unplaced)         0.976     4.624    u_base/u_mul8/p_s16__0_carry_i_93_n_0
                         LUT6 (Prop_lut6_I0_O)        0.105     4.729 r  u_base/u_mul8/p_s16__0_carry_i_45/O
                         net (fo=16, unplaced)        0.992     5.721    u_base/u_mul8/p_s16__0_carry_i_45_n_0
                         LUT6 (Prop_lut6_I1_O)        0.105     5.826 r  u_base/u_mul8/p_s16__0_carry_i_19/O
                         net (fo=7, unplaced)         0.817     6.643    u_base/u_mul8/p_s16__0_carry_i_19_n_0
                         LUT6 (Prop_lut6_I0_O)        0.105     6.748 r  u_base/u_mul8/p_s16__0_carry_i_9/O
                         net (fo=13, unplaced)        0.632     7.380    u_base/u_mul8/p_s16__0_carry_i_9_n_0
                         LUT6 (Prop_lut6_I1_O)        0.105     7.485 r  u_base/u_mul8/p_s16__32_carry_i_1/O
                         net (fo=1, unplaced)         0.367     7.852    u_base/u_mul8/p_s16__32_carry_i_1_n_0
                         CARRY4 (Prop_carry4_DI[3]_CO[3])
                                                      0.327     8.179 r  u_base/u_mul8/p_s16__32_carry/CO[3]
                         net (fo=1, unplaced)         0.008     8.187    u_base/u_mul8/p_s16__32_carry_n_0
                         CARRY4 (Prop_carry4_CI_O[1])
                                                      0.269     8.456 r  u_base/u_mul8/p_s16__32_carry__0/O[1]
                         net (fo=3, unplaced)         0.490     8.946    u_base/u_mul8/p_s16__32_carry__0_n_6
                         LUT3 (Prop_lut3_I2_O)        0.245     9.191 r  u_base/u_mul8/p_s16__88_carry__0_i_3/O
                         net (fo=1, unplaced)         0.537     9.728    u_base/u_mul8/p_s16__88_carry__0_i_3_n_0
                         CARRY4 (Prop_carry4_DI[1]_CO[3])
                                                      0.430    10.158 r  u_base/u_mul8/p_s16__88_carry__0/CO[3]
                         net (fo=1, unplaced)         0.000    10.158    u_base/u_mul8/p_s16__88_carry__0_n_0
                         CARRY4 (Prop_carry4_CI_O[3])
                                                      0.277    10.435 r  u_base/u_mul8/p_s16__88_carry__1/O[3]
                         net (fo=4, unplaced)         0.543    10.978    u_base/u_mul8/p_s16__88_carry__1_i_7_0[3]
                         LUT6 (Prop_lut6_I0_O)        0.250    11.228 r  u_base/u_mul8/i__carry__2_i_1/O
                         net (fo=1, unplaced)         0.000    11.228    u_base/u_mul8_n_40
                         CARRY4 (Prop_carry4_S[3]_CO[3])
                                                      0.314    11.542 r  u_base/p_0_out_inferred__4/i__carry__2/CO[3]
                         net (fo=1, unplaced)         0.000    11.542    u_base/p_0_out_inferred__4/i__carry__2_n_0
                         CARRY4 (Prop_carry4_CI_O[3])
                                                      0.277    11.819 r  u_base/p_0_out_inferred__4/i__carry__3/O[3]
                         net (fo=1, unplaced)         0.519    12.338    u_base/u_mul8/conv_map_reg[0][19]_0[3]
                         LUT2 (Prop_lut2_I1_O)        0.250    12.588 r  u_base/u_mul8/conv_map[1][19]_i_2/O
                         net (fo=9, unplaced)         0.000    12.588    u_base/u_mul8_n_24
                         FDCE                                         r  u_base/conv_map_reg[6][19]/D
  -------------------------------------------------------------------    -------------------

                         (clock clk rise edge)        5.000     5.000 r  
                                                      0.000     5.000 r  clk (IN)
                         net (fo=0)                   0.000     5.000    clk
                         IBUF (Prop_ibuf_I_O)         0.751     5.751 r  clk_IBUF_inst/O
                         net (fo=1, unplaced)         0.613     6.365    clk_IBUF
                         BUFG (Prop_bufg_I_O)         0.077     6.442 r  clk_IBUF_BUFG_inst/O
                         net (fo=304, unplaced)       0.439     6.881    u_base/CLK
                         FDCE                                         r  u_base/conv_map_reg[6][19]/C
                         clock pessimism              0.167     7.048    
                         clock uncertainty           -0.035     7.012    
                         FDCE (Setup_fdce_C_D)        0.029     7.041    u_base/conv_map_reg[6][19]
  -------------------------------------------------------------------
                         required time                          7.041    
                         arrival time                         -12.588    
  -------------------------------------------------------------------
                         slack                                 -5.546    

Slack (VIOLATED) :        -5.546ns  (required time - arrival time)
  Source:                 u_base/oy_reg[0]/C
                            (rising edge-triggered cell FDCE clocked by clk  {rise@0.000ns fall@2.500ns period=5.000ns})
  Destination:            u_base/conv_map_reg[7][19]/D
                            (rising edge-triggered cell FDCE clocked by clk  {rise@0.000ns fall@2.500ns period=5.000ns})
  Path Group:             clk
  Path Type:              Setup (Max at Slow Process Corner)
  Requirement:            5.000ns  (clk rise@5.000ns - clk rise@0.000ns)
  Data Path Delay:        10.395ns  (logic 3.670ns (35.305%)  route 6.725ns (64.695%))
  Logic Levels:           14  (CARRY4=6 LUT2=1 LUT3=1 LUT6=6)
  Clock Path Skew:        -0.145ns (DCD - SCD + CPR)
    Destination Clock Delay (DCD):    1.881ns = ( 6.881 - 5.000 ) 
    Source Clock Delay      (SCD):    2.193ns
    Clock Pessimism Removal (CPR):    0.167ns
  Clock Uncertainty:      0.035ns  ((TSJ^2 + TIJ^2)^1/2 + DJ) / 2 + PE
    Total System Jitter     (TSJ):    0.071ns
    Total Input Jitter      (TIJ):    0.000ns
    Discrete Jitter          (DJ):    0.000ns
    Phase Error              (PE):    0.000ns

    Location             Delay type                Incr(ns)  Path(ns)    Netlist Resource(s)
  -------------------------------------------------------------------    -------------------
                         (clock clk rise edge)        0.000     0.000 r  
                                                      0.000     0.000 r  clk (IN)
                         net (fo=0)                   0.000     0.000    clk
                         IBUF (Prop_ibuf_I_O)         0.882     0.882 r  clk_IBUF_inst/O
                         net (fo=1, unplaced)         0.646     1.528    clk_IBUF
                         BUFG (Prop_bufg_I_O)         0.081     1.609 r  clk_IBUF_BUFG_inst/O
                         net (fo=304, unplaced)       0.584     2.193    u_base/CLK
                         FDCE                                         r  u_base/oy_reg[0]/C
  -------------------------------------------------------------------    -------------------
                         FDCE (Prop_fdce_C_Q)         0.379     2.572 r  u_base/oy_reg[0]/Q
                         net (fo=25, unplaced)        0.844     3.416    u_base/u_mul8/p_s16__0_carry__0_i_50_1
                         LUT6 (Prop_lut6_I0_O)        0.232     3.648 r  u_base/u_mul8/p_s16__0_carry_i_93/O
                         net (fo=8, unplaced)         0.976     4.624    u_base/u_mul8/p_s16__0_carry_i_93_n_0
                         LUT6 (Prop_lut6_I0_O)        0.105     4.729 r  u_base/u_mul8/p_s16__0_carry_i_45/O
                         net (fo=16, unplaced)        0.992     5.721    u_base/u_mul8/p_s16__0_carry_i_45_n_0
                         LUT6 (Prop_lut6_I1_O)        0.105     5.826 r  u_base/u_mul8/p_s16__0_carry_i_19/O
                         net (fo=7, unplaced)         0.817     6.643    u_base/u_mul8/p_s16__0_carry_i_19_n_0
                         LUT6 (Prop_lut6_I0_O)        0.105     6.748 r  u_base/u_mul8/p_s16__0_carry_i_9/O
                         net (fo=13, unplaced)        0.632     7.380    u_base/u_mul8/p_s16__0_carry_i_9_n_0
                         LUT6 (Prop_lut6_I1_O)        0.105     7.485 r  u_base/u_mul8/p_s16__32_carry_i_1/O
                         net (fo=1, unplaced)         0.367     7.852    u_base/u_mul8/p_s16__32_carry_i_1_n_0
                         CARRY4 (Prop_carry4_DI[3]_CO[3])
                                                      0.327     8.179 r  u_base/u_mul8/p_s16__32_carry/CO[3]
                         net (fo=1, unplaced)         0.008     8.187    u_base/u_mul8/p_s16__32_carry_n_0
                         CARRY4 (Prop_carry4_CI_O[1])
                                                      0.269     8.456 r  u_base/u_mul8/p_s16__32_carry__0/O[1]
                         net (fo=3, unplaced)         0.490     8.946    u_base/u_mul8/p_s16__32_carry__0_n_6
                         LUT3 (Prop_lut3_I2_O)        0.245     9.191 r  u_base/u_mul8/p_s16__88_carry__0_i_3/O
                         net (fo=1, unplaced)         0.537     9.728    u_base/u_mul8/p_s16__88_carry__0_i_3_n_0
                         CARRY4 (Prop_carry4_DI[1]_CO[3])
                                                      0.430    10.158 r  u_base/u_mul8/p_s16__88_carry__0/CO[3]
                         net (fo=1, unplaced)         0.000    10.158    u_base/u_mul8/p_s16__88_carry__0_n_0
                         CARRY4 (Prop_carry4_CI_O[3])
                                                      0.277    10.435 r  u_base/u_mul8/p_s16__88_carry__1/O[3]
                         net (fo=4, unplaced)         0.543    10.978    u_base/u_mul8/p_s16__88_carry__1_i_7_0[3]
                         LUT6 (Prop_lut6_I0_O)        0.250    11.228 r  u_base/u_mul8/i__carry__2_i_1/O
                         net (fo=1, unplaced)         0.000    11.228    u_base/u_mul8_n_40
                         CARRY4 (Prop_carry4_S[3]_CO[3])
                                                      0.314    11.542 r  u_base/p_0_out_inferred__4/i__carry__2/CO[3]
                         net (fo=1, unplaced)         0.000    11.542    u_base/p_0_out_inferred__4/i__carry__2_n_0
                         CARRY4 (Prop_carry4_CI_O[3])
                                                      0.277    11.819 r  u_base/p_0_out_inferred__4/i__carry__3/O[3]
                         net (fo=1, unplaced)         0.519    12.338    u_base/u_mul8/conv_map_reg[0][19]_0[3]
                         LUT2 (Prop_lut2_I1_O)        0.250    12.588 r  u_base/u_mul8/conv_map[1][19]_i_2/O
                         net (fo=9, unplaced)         0.000    12.588    u_base/u_mul8_n_24
                         FDCE                                         r  u_base/conv_map_reg[7][19]/D
  -------------------------------------------------------------------    -------------------

                         (clock clk rise edge)        5.000     5.000 r  
                                                      0.000     5.000 r  clk (IN)
                         net (fo=0)                   0.000     5.000    clk
                         IBUF (Prop_ibuf_I_O)         0.751     5.751 r  clk_IBUF_inst/O
                         net (fo=1, unplaced)         0.613     6.365    clk_IBUF
                         BUFG (Prop_bufg_I_O)         0.077     6.442 r  clk_IBUF_BUFG_inst/O
                         net (fo=304, unplaced)       0.439     6.881    u_base/CLK
                         FDCE                                         r  u_base/conv_map_reg[7][19]/C
                         clock pessimism              0.167     7.048    
                         clock uncertainty           -0.035     7.012    
                         FDCE (Setup_fdce_C_D)        0.029     7.041    u_base/conv_map_reg[7][19]
  -------------------------------------------------------------------
                         required time                          7.041    
                         arrival time                         -12.588    
  -------------------------------------------------------------------
                         slack                                 -5.546    

Slack (VIOLATED) :        -5.546ns  (required time - arrival time)
  Source:                 u_base/oy_reg[0]/C
                            (rising edge-triggered cell FDCE clocked by clk  {rise@0.000ns fall@2.500ns period=5.000ns})
  Destination:            u_base/conv_map_reg[8][19]/D
                            (rising edge-triggered cell FDCE clocked by clk  {rise@0.000ns fall@2.500ns period=5.000ns})
  Path Group:             clk
  Path Type:              Setup (Max at Slow Process Corner)
  Requirement:            5.000ns  (clk rise@5.000ns - clk rise@0.000ns)
  Data Path Delay:        10.395ns  (logic 3.670ns (35.305%)  route 6.725ns (64.695%))
  Logic Levels:           14  (CARRY4=6 LUT2=1 LUT3=1 LUT6=6)
  Clock Path Skew:        -0.145ns (DCD - SCD + CPR)
    Destination Clock Delay (DCD):    1.881ns = ( 6.881 - 5.000 ) 
    Source Clock Delay      (SCD):    2.193ns
    Clock Pessimism Removal (CPR):    0.167ns
  Clock Uncertainty:      0.035ns  ((TSJ^2 + TIJ^2)^1/2 + DJ) / 2 + PE
    Total System Jitter     (TSJ):    0.071ns
    Total Input Jitter      (TIJ):    0.000ns
    Discrete Jitter          (DJ):    0.000ns
    Phase Error              (PE):    0.000ns

    Location             Delay type                Incr(ns)  Path(ns)    Netlist Resource(s)
  -------------------------------------------------------------------    -------------------
                         (clock clk rise edge)        0.000     0.000 r  
                                                      0.000     0.000 r  clk (IN)
                         net (fo=0)                   0.000     0.000    clk
                         IBUF (Prop_ibuf_I_O)         0.882     0.882 r  clk_IBUF_inst/O
                         net (fo=1, unplaced)         0.646     1.528    clk_IBUF
                         BUFG (Prop_bufg_I_O)         0.081     1.609 r  clk_IBUF_BUFG_inst/O
                         net (fo=304, unplaced)       0.584     2.193    u_base/CLK
                         FDCE                                         r  u_base/oy_reg[0]/C
  -------------------------------------------------------------------    -------------------
                         FDCE (Prop_fdce_C_Q)         0.379     2.572 r  u_base/oy_reg[0]/Q
                         net (fo=25, unplaced)        0.844     3.416    u_base/u_mul8/p_s16__0_carry__0_i_50_1
                         LUT6 (Prop_lut6_I0_O)        0.232     3.648 r  u_base/u_mul8/p_s16__0_carry_i_93/O
                         net (fo=8, unplaced)         0.976     4.624    u_base/u_mul8/p_s16__0_carry_i_93_n_0
                         LUT6 (Prop_lut6_I0_O)        0.105     4.729 r  u_base/u_mul8/p_s16__0_carry_i_45/O
                         net (fo=16, unplaced)        0.992     5.721    u_base/u_mul8/p_s16__0_carry_i_45_n_0
                         LUT6 (Prop_lut6_I1_O)        0.105     5.826 r  u_base/u_mul8/p_s16__0_carry_i_19/O
                         net (fo=7, unplaced)         0.817     6.643    u_base/u_mul8/p_s16__0_carry_i_19_n_0
                         LUT6 (Prop_lut6_I0_O)        0.105     6.748 r  u_base/u_mul8/p_s16__0_carry_i_9/O
                         net (fo=13, unplaced)        0.632     7.380    u_base/u_mul8/p_s16__0_carry_i_9_n_0
                         LUT6 (Prop_lut6_I1_O)        0.105     7.485 r  u_base/u_mul8/p_s16__32_carry_i_1/O
                         net (fo=1, unplaced)         0.367     7.852    u_base/u_mul8/p_s16__32_carry_i_1_n_0
                         CARRY4 (Prop_carry4_DI[3]_CO[3])
                                                      0.327     8.179 r  u_base/u_mul8/p_s16__32_carry/CO[3]
                         net (fo=1, unplaced)         0.008     8.187    u_base/u_mul8/p_s16__32_carry_n_0
                         CARRY4 (Prop_carry4_CI_O[1])
                                                      0.269     8.456 r  u_base/u_mul8/p_s16__32_carry__0/O[1]
                         net (fo=3, unplaced)         0.490     8.946    u_base/u_mul8/p_s16__32_carry__0_n_6
                         LUT3 (Prop_lut3_I2_O)        0.245     9.191 r  u_base/u_mul8/p_s16__88_carry__0_i_3/O
                         net (fo=1, unplaced)         0.537     9.728    u_base/u_mul8/p_s16__88_carry__0_i_3_n_0
                         CARRY4 (Prop_carry4_DI[1]_CO[3])
                                                      0.430    10.158 r  u_base/u_mul8/p_s16__88_carry__0/CO[3]
                         net (fo=1, unplaced)         0.000    10.158    u_base/u_mul8/p_s16__88_carry__0_n_0
                         CARRY4 (Prop_carry4_CI_O[3])
                                                      0.277    10.435 r  u_base/u_mul8/p_s16__88_carry__1/O[3]
                         net (fo=4, unplaced)         0.543    10.978    u_base/u_mul8/p_s16__88_carry__1_i_7_0[3]
                         LUT6 (Prop_lut6_I0_O)        0.250    11.228 r  u_base/u_mul8/i__carry__2_i_1/O
                         net (fo=1, unplaced)         0.000    11.228    u_base/u_mul8_n_40
                         CARRY4 (Prop_carry4_S[3]_CO[3])
                                                      0.314    11.542 r  u_base/p_0_out_inferred__4/i__carry__2/CO[3]
                         net (fo=1, unplaced)         0.000    11.542    u_base/p_0_out_inferred__4/i__carry__2_n_0
                         CARRY4 (Prop_carry4_CI_O[3])
                                                      0.277    11.819 r  u_base/p_0_out_inferred__4/i__carry__3/O[3]
                         net (fo=1, unplaced)         0.519    12.338    u_base/u_mul8/conv_map_reg[0][19]_0[3]
                         LUT2 (Prop_lut2_I1_O)        0.250    12.588 r  u_base/u_mul8/conv_map[1][19]_i_2/O
                         net (fo=9, unplaced)         0.000    12.588    u_base/u_mul8_n_24
                         FDCE                                         r  u_base/conv_map_reg[8][19]/D
  -------------------------------------------------------------------    -------------------

                         (clock clk rise edge)        5.000     5.000 r  
                                                      0.000     5.000 r  clk (IN)
                         net (fo=0)                   0.000     5.000    clk
                         IBUF (Prop_ibuf_I_O)         0.751     5.751 r  clk_IBUF_inst/O
                         net (fo=1, unplaced)         0.613     6.365    clk_IBUF
                         BUFG (Prop_bufg_I_O)         0.077     6.442 r  clk_IBUF_BUFG_inst/O
                         net (fo=304, unplaced)       0.439     6.881    u_base/CLK
                         FDCE                                         r  u_base/conv_map_reg[8][19]/C
                         clock pessimism              0.167     7.048    
                         clock uncertainty           -0.035     7.012    
                         FDCE (Setup_fdce_C_D)        0.029     7.041    u_base/conv_map_reg[8][19]
  -------------------------------------------------------------------
                         required time                          7.041    
                         arrival time                         -12.588    
  -------------------------------------------------------------------
                         slack                                 -5.546    

Slack (VIOLATED) :        -5.345ns  (required time - arrival time)
  Source:                 u_base/oy_reg[0]/C
                            (rising edge-triggered cell FDCE clocked by clk  {rise@0.000ns fall@2.500ns period=5.000ns})
  Destination:            u_base/conv_map_reg[0][15]/D
                            (rising edge-triggered cell FDCE clocked by clk  {rise@0.000ns fall@2.500ns period=5.000ns})
  Path Group:             clk
  Path Type:              Setup (Max at Slow Process Corner)
  Requirement:            5.000ns  (clk rise@5.000ns - clk rise@0.000ns)
  Data Path Delay:        10.194ns  (logic 3.482ns (34.157%)  route 6.712ns (65.843%))
  Logic Levels:           13  (CARRY4=5 LUT2=1 LUT3=1 LUT6=6)
  Clock Path Skew:        -0.145ns (DCD - SCD + CPR)
    Destination Clock Delay (DCD):    1.881ns = ( 6.881 - 5.000 ) 
    Source Clock Delay      (SCD):    2.193ns
    Clock Pessimism Removal (CPR):    0.167ns
  Clock Uncertainty:      0.035ns  ((TSJ^2 + TIJ^2)^1/2 + DJ) / 2 + PE
    Total System Jitter     (TSJ):    0.071ns
    Total Input Jitter      (TIJ):    0.000ns
    Discrete Jitter          (DJ):    0.000ns
    Phase Error              (PE):    0.000ns

    Location             Delay type                Incr(ns)  Path(ns)    Netlist Resource(s)
  -------------------------------------------------------------------    -------------------
                         (clock clk rise edge)        0.000     0.000 r  
                                                      0.000     0.000 r  clk (IN)
                         net (fo=0)                   0.000     0.000    clk
                         IBUF (Prop_ibuf_I_O)         0.882     0.882 r  clk_IBUF_inst/O
                         net (fo=1, unplaced)         0.646     1.528    clk_IBUF
                         BUFG (Prop_bufg_I_O)         0.081     1.609 r  clk_IBUF_BUFG_inst/O
                         net (fo=304, unplaced)       0.584     2.193    u_base/CLK
                         FDCE                                         r  u_base/oy_reg[0]/C
  -------------------------------------------------------------------    -------------------
                         FDCE (Prop_fdce_C_Q)         0.379     2.572 r  u_base/oy_reg[0]/Q
                         net (fo=25, unplaced)        0.844     3.416    u_base/u_mul8/p_s16__0_carry__0_i_50_1
                         LUT6 (Prop_lut6_I0_O)        0.232     3.648 r  u_base/u_mul8/p_s16__0_carry_i_93/O
                         net (fo=8, unplaced)         0.976     4.624    u_base/u_mul8/p_s16__0_carry_i_93_n_0
                         LUT6 (Prop_lut6_I0_O)        0.105     4.729 r  u_base/u_mul8/p_s16__0_carry_i_45/O
                         net (fo=16, unplaced)        0.992     5.721    u_base/u_mul8/p_s16__0_carry_i_45_n_0
                         LUT6 (Prop_lut6_I1_O)        0.105     5.826 r  u_base/u_mul8/p_s16__0_carry_i_19/O
                         net (fo=7, unplaced)         0.817     6.643    u_base/u_mul8/p_s16__0_carry_i_19_n_0
                         LUT6 (Prop_lut6_I0_O)        0.105     6.748 r  u_base/u_mul8/p_s16__0_carry_i_9/O
                         net (fo=13, unplaced)        0.632     7.380    u_base/u_mul8/p_s16__0_carry_i_9_n_0
                         LUT6 (Prop_lut6_I1_O)        0.105     7.485 r  u_base/u_mul8/p_s16__32_carry_i_1/O
                         net (fo=1, unplaced)         0.367     7.852    u_base/u_mul8/p_s16__32_carry_i_1_n_0
                         CARRY4 (Prop_carry4_DI[3]_CO[3])
                                                      0.327     8.179 r  u_base/u_mul8/p_s16__32_carry/CO[3]
                         net (fo=1, unplaced)         0.008     8.187    u_base/u_mul8/p_s16__32_carry_n_0
                         CARRY4 (Prop_carry4_CI_O[1])
                                                      0.269     8.456 r  u_base/u_mul8/p_s16__32_carry__0/O[1]
                         net (fo=3, unplaced)         0.490     8.946    u_base/u_mul8/p_s16__32_carry__0_n_6
                         LUT3 (Prop_lut3_I2_O)        0.245     9.191 r  u_base/u_mul8/p_s16__88_carry__0_i_3/O
                         net (fo=1, unplaced)         0.537     9.728    u_base/u_mul8/p_s16__88_carry__0_i_3_n_0
                         CARRY4 (Prop_carry4_DI[1]_O[3])
                                                      0.519    10.247 r  u_base/u_mul8/p_s16__88_carry__0/O[3]
                         net (fo=2, unplaced)         0.530    10.777    u_base/u_mul8/p_s16__88_carry__0_i_8_0[3]
                         LUT6 (Prop_lut6_I5_O)        0.250    11.027 r  u_base/u_mul8/i__carry__1_i_1/O
                         net (fo=1, unplaced)         0.000    11.027    u_base/u_mul8_n_36
                         CARRY4 (Prop_carry4_S[3]_CO[3])
                                                      0.314    11.341 r  u_base/p_0_out_inferred__4/i__carry__1/CO[3]
                         net (fo=1, unplaced)         0.000    11.341    u_base/p_0_out_inferred__4/i__carry__1_n_0
                         CARRY4 (Prop_carry4_CI_O[3])
                                                      0.277    11.618 r  u_base/p_0_out_inferred__4/i__carry__2/O[3]
                         net (fo=1, unplaced)         0.519    12.137    u_base/in3[15]
                         LUT2 (Prop_lut2_I1_O)        0.250    12.387 r  u_base/conv_map[1][15]_i_1/O
                         net (fo=9, unplaced)         0.000    12.387    u_base/conv_map[1][15]_i_1_n_0
                         FDCE                                         r  u_base/conv_map_reg[0][15]/D
  -------------------------------------------------------------------    -------------------

                         (clock clk rise edge)        5.000     5.000 r  
                                                      0.000     5.000 r  clk (IN)
                         net (fo=0)                   0.000     5.000    clk
                         IBUF (Prop_ibuf_I_O)         0.751     5.751 r  clk_IBUF_inst/O
                         net (fo=1, unplaced)         0.613     6.365    clk_IBUF
                         BUFG (Prop_bufg_I_O)         0.077     6.442 r  clk_IBUF_BUFG_inst/O
                         net (fo=304, unplaced)       0.439     6.881    u_base/CLK
                         FDCE                                         r  u_base/conv_map_reg[0][15]/C
                         clock pessimism              0.167     7.048    
                         clock uncertainty           -0.035     7.012    
                         FDCE (Setup_fdce_C_D)        0.029     7.041    u_base/conv_map_reg[0][15]
  -------------------------------------------------------------------
                         required time                          7.041    
                         arrival time                         -12.387    
  -------------------------------------------------------------------
                         slack                                 -5.345    





Pulse Width Checks
--------------------------------------------------------------------------------------
Clock Name:         clk
Waveform(ns):       { 0.000 2.500 }
Period(ns):         5.000
Sources:            { clk }

Check Type        Corner  Lib Pin  Reference Pin  Required(ns)  Actual(ns)  Slack(ns)  Location  Pin
Min Period        n/a     BUFG/I   n/a            1.592         5.000       3.408                clk_IBUF_BUFG_inst/I
Min Period        n/a     FDPE/C   n/a            1.000         5.000       4.000                u_base/FSM_onehot_state_reg[0]/C
Min Period        n/a     FDCE/C   n/a            1.000         5.000       4.000                u_base/FSM_onehot_state_reg[1]/C
Min Period        n/a     FDCE/C   n/a            1.000         5.000       4.000                u_base/FSM_onehot_state_reg[2]/C
Min Period        n/a     FDCE/C   n/a            1.000         5.000       4.000                u_base/FSM_onehot_state_reg[3]/C
Min Period        n/a     FDCE/C   n/a            1.000         5.000       4.000                u_base/FSM_onehot_state_reg[4]/C
Min Period        n/a     FDCE/C   n/a            1.000         5.000       4.000                u_base/conv_map_reg[0][0]/C
Min Period        n/a     FDCE/C   n/a            1.000         5.000       4.000                u_base/conv_map_reg[0][10]/C
Min Period        n/a     FDCE/C   n/a            1.000         5.000       4.000                u_base/conv_map_reg[0][11]/C
Min Period        n/a     FDCE/C   n/a            1.000         5.000       4.000                u_base/conv_map_reg[0][12]/C
Low Pulse Width   Slow    FDPE/C   n/a            0.500         2.500       2.000                u_base/FSM_onehot_state_reg[0]/C
Low Pulse Width   Fast    FDPE/C   n/a            0.500         2.500       2.000                u_base/FSM_onehot_state_reg[0]/C
Low Pulse Width   Slow    FDCE/C   n/a            0.500         2.500       2.000                u_base/FSM_onehot_state_reg[1]/C
Low Pulse Width   Fast    FDCE/C   n/a            0.500         2.500       2.000                u_base/FSM_onehot_state_reg[1]/C
Low Pulse Width   Slow    FDCE/C   n/a            0.500         2.500       2.000                u_base/FSM_onehot_state_reg[2]/C
Low Pulse Width   Fast    FDCE/C   n/a            0.500         2.500       2.000                u_base/FSM_onehot_state_reg[2]/C
Low Pulse Width   Slow    FDCE/C   n/a            0.500         2.500       2.000                u_base/FSM_onehot_state_reg[3]/C
Low Pulse Width   Fast    FDCE/C   n/a            0.500         2.500       2.000                u_base/FSM_onehot_state_reg[3]/C
Low Pulse Width   Slow    FDCE/C   n/a            0.500         2.500       2.000                u_base/FSM_onehot_state_reg[4]/C
Low Pulse Width   Fast    FDCE/C   n/a            0.500         2.500       2.000                u_base/FSM_onehot_state_reg[4]/C
High Pulse Width  Slow    FDPE/C   n/a            0.500         2.500       2.000                u_base/FSM_onehot_state_reg[0]/C
High Pulse Width  Fast    FDPE/C   n/a            0.500         2.500       2.000                u_base/FSM_onehot_state_reg[0]/C
High Pulse Width  Slow    FDCE/C   n/a            0.500         2.500       2.000                u_base/FSM_onehot_state_reg[1]/C
High Pulse Width  Fast    FDCE/C   n/a            0.500         2.500       2.000                u_base/FSM_onehot_state_reg[1]/C
High Pulse Width  Slow    FDCE/C   n/a            0.500         2.500       2.000                u_base/FSM_onehot_state_reg[2]/C
High Pulse Width  Fast    FDCE/C   n/a            0.500         2.500       2.000                u_base/FSM_onehot_state_reg[2]/C
High Pulse Width  Slow    FDCE/C   n/a            0.500         2.500       2.000                u_base/FSM_onehot_state_reg[3]/C
High Pulse Width  Fast    FDCE/C   n/a            0.500         2.500       2.000                u_base/FSM_onehot_state_reg[3]/C
High Pulse Width  Slow    FDCE/C   n/a            0.500         2.500       2.000                u_base/FSM_onehot_state_reg[4]/C
High Pulse Width  Fast    FDCE/C   n/a            0.500         2.500       2.000                u_base/FSM_onehot_state_reg[4]/C



---------------------------------------------------------------------------------------------------
Path Group:  **async_default**
From Clock:  clk
  To Clock:  clk

Setup :            0  Failing Endpoints,  Worst Slack        4.107ns,  Total Violation        0.000ns
Hold  :           NA  Failing Endpoints,  Worst Slack           NA  ,  Total Violation           NA
---------------------------------------------------------------------------------------------------


Max Delay Paths
--------------------------------------------------------------------------------------
Slack (MET) :             4.107ns  (required time - arrival time)
  Source:                 rst_n
                            (input port clocked by clk  {rise@0.000ns fall@2.500ns period=5.000ns})
  Destination:            u_base/FSM_onehot_state_reg[1]/CLR
                            (recovery check against rising-edge clock clk  {rise@0.000ns fall@2.500ns period=5.000ns})
  Path Group:             **async_default**
  Path Type:              Recovery (Max at Slow Process Corner)
  Requirement:            5.000ns  (clk rise@5.000ns - clk rise@0.000ns)
  Data Path Delay:        2.405ns  (logic 0.987ns (41.050%)  route 1.418ns (58.950%))
  Logic Levels:           2  (IBUF=1 LUT1=1)
  Input Delay:            0.000ns
  Clock Path Skew:        1.881ns (DCD - SCD + CPR)
    Destination Clock Delay (DCD):    1.881ns = ( 6.881 - 5.000 ) 
    Source Clock Delay      (SCD):    0.000ns
    Clock Pessimism Removal (CPR):    0.000ns
  Clock Uncertainty:      0.035ns  ((TSJ^2 + TIJ^2)^1/2 + DJ) / 2 + PE
    Total System Jitter     (TSJ):    0.071ns
    Total Input Jitter      (TIJ):    0.000ns
    Discrete Jitter          (DJ):    0.000ns
    Phase Error              (PE):    0.000ns

    Location             Delay type                Incr(ns)  Path(ns)    Netlist Resource(s)
  -------------------------------------------------------------------    -------------------
                         (clock clk rise edge)        0.000     0.000 r  
                         input delay                  0.000     0.000    
                                                      0.000     0.000 r  rst_n (IN)
                         net (fo=0)                   0.000     0.000    rst_n
                         IBUF (Prop_ibuf_I_O)         0.882     0.882 r  rst_n_IBUF_inst/O
                         net (fo=1, unplaced)         0.646     1.528    u_base/rst_n_IBUF
                         LUT1 (Prop_lut1_I0_O)        0.105     1.633 f  u_base/FSM_onehot_state[4]_i_2/O
                         net (fo=304, unplaced)       0.772     2.405    u_base/FSM_onehot_state[4]_i_2_n_0
                         FDCE                                         f  u_base/FSM_onehot_state_reg[1]/CLR
  -------------------------------------------------------------------    -------------------

                         (clock clk rise edge)        5.000     5.000 r  
                                                      0.000     5.000 r  clk (IN)
                         net (fo=0)                   0.000     5.000    clk
                         IBUF (Prop_ibuf_I_O)         0.751     5.751 r  clk_IBUF_inst/O
                         net (fo=1, unplaced)         0.613     6.365    clk_IBUF
                         BUFG (Prop_bufg_I_O)         0.077     6.442 r  clk_IBUF_BUFG_inst/O
                         net (fo=304, unplaced)       0.439     6.881    u_base/CLK
                         FDCE                                         r  u_base/FSM_onehot_state_reg[1]/C
                         clock pessimism              0.000     6.881    
                         clock uncertainty           -0.035     6.845    
                         FDCE (Recov_fdce_C_CLR)     -0.334     6.511    u_base/FSM_onehot_state_reg[1]
  -------------------------------------------------------------------
                         required time                          6.511    
                         arrival time                          -2.405    
  -------------------------------------------------------------------
                         slack                                  4.107    

Slack (MET) :             4.107ns  (required time - arrival time)
  Source:                 rst_n
                            (input port clocked by clk  {rise@0.000ns fall@2.500ns period=5.000ns})
  Destination:            u_base/FSM_onehot_state_reg[2]/CLR
                            (recovery check against rising-edge clock clk  {rise@0.000ns fall@2.500ns period=5.000ns})
  Path Group:             **async_default**
  Path Type:              Recovery (Max at Slow Process Corner)
  Requirement:            5.000ns  (clk rise@5.000ns - clk rise@0.000ns)
  Data Path Delay:        2.405ns  (logic 0.987ns (41.050%)  route 1.418ns (58.950%))
  Logic Levels:           2  (IBUF=1 LUT1=1)
  Input Delay:            0.000ns
  Clock Path Skew:        1.881ns (DCD - SCD + CPR)
    Destination Clock Delay (DCD):    1.881ns = ( 6.881 - 5.000 ) 
    Source Clock Delay      (SCD):    0.000ns
    Clock Pessimism Removal (CPR):    0.000ns
  Clock Uncertainty:      0.035ns  ((TSJ^2 + TIJ^2)^1/2 + DJ) / 2 + PE
    Total System Jitter     (TSJ):    0.071ns
    Total Input Jitter      (TIJ):    0.000ns
    Discrete Jitter          (DJ):    0.000ns
    Phase Error              (PE):    0.000ns

    Location             Delay type                Incr(ns)  Path(ns)    Netlist Resource(s)
  -------------------------------------------------------------------    -------------------
                         (clock clk rise edge)        0.000     0.000 r  
                         input delay                  0.000     0.000    
                                                      0.000     0.000 r  rst_n (IN)
                         net (fo=0)                   0.000     0.000    rst_n
                         IBUF (Prop_ibuf_I_O)         0.882     0.882 r  rst_n_IBUF_inst/O
                         net (fo=1, unplaced)         0.646     1.528    u_base/rst_n_IBUF
                         LUT1 (Prop_lut1_I0_O)        0.105     1.633 f  u_base/FSM_onehot_state[4]_i_2/O
                         net (fo=304, unplaced)       0.772     2.405    u_base/FSM_onehot_state[4]_i_2_n_0
                         FDCE                                         f  u_base/FSM_onehot_state_reg[2]/CLR
  -------------------------------------------------------------------    -------------------

                         (clock clk rise edge)        5.000     5.000 r  
                                                      0.000     5.000 r  clk (IN)
                         net (fo=0)                   0.000     5.000    clk
                         IBUF (Prop_ibuf_I_O)         0.751     5.751 r  clk_IBUF_inst/O
                         net (fo=1, unplaced)         0.613     6.365    clk_IBUF
                         BUFG (Prop_bufg_I_O)         0.077     6.442 r  clk_IBUF_BUFG_inst/O
                         net (fo=304, unplaced)       0.439     6.881    u_base/CLK
                         FDCE                                         r  u_base/FSM_onehot_state_reg[2]/C
                         clock pessimism              0.000     6.881    
                         clock uncertainty           -0.035     6.845    
                         FDCE (Recov_fdce_C_CLR)     -0.334     6.511    u_base/FSM_onehot_state_reg[2]
  -------------------------------------------------------------------
                         required time                          6.511    
                         arrival time                          -2.405    
  -------------------------------------------------------------------
                         slack                                  4.107    

Slack (MET) :             4.107ns  (required time - arrival time)
  Source:                 rst_n
                            (input port clocked by clk  {rise@0.000ns fall@2.500ns period=5.000ns})
  Destination:            u_base/FSM_onehot_state_reg[3]/CLR
                            (recovery check against rising-edge clock clk  {rise@0.000ns fall@2.500ns period=5.000ns})
  Path Group:             **async_default**
  Path Type:              Recovery (Max at Slow Process Corner)
  Requirement:            5.000ns  (clk rise@5.000ns - clk rise@0.000ns)
  Data Path Delay:        2.405ns  (logic 0.987ns (41.050%)  route 1.418ns (58.950%))
  Logic Levels:           2  (IBUF=1 LUT1=1)
  Input Delay:            0.000ns
  Clock Path Skew:        1.881ns (DCD - SCD + CPR)
    Destination Clock Delay (DCD):    1.881ns = ( 6.881 - 5.000 ) 
    Source Clock Delay      (SCD):    0.000ns
    Clock Pessimism Removal (CPR):    0.000ns
  Clock Uncertainty:      0.035ns  ((TSJ^2 + TIJ^2)^1/2 + DJ) / 2 + PE
    Total System Jitter     (TSJ):    0.071ns
    Total Input Jitter      (TIJ):    0.000ns
    Discrete Jitter          (DJ):    0.000ns
    Phase Error              (PE):    0.000ns

    Location             Delay type                Incr(ns)  Path(ns)    Netlist Resource(s)
  -------------------------------------------------------------------    -------------------
                         (clock clk rise edge)        0.000     0.000 r  
                         input delay                  0.000     0.000    
                                                      0.000     0.000 r  rst_n (IN)
                         net (fo=0)                   0.000     0.000    rst_n
                         IBUF (Prop_ibuf_I_O)         0.882     0.882 r  rst_n_IBUF_inst/O
                         net (fo=1, unplaced)         0.646     1.528    u_base/rst_n_IBUF
                         LUT1 (Prop_lut1_I0_O)        0.105     1.633 f  u_base/FSM_onehot_state[4]_i_2/O
                         net (fo=304, unplaced)       0.772     2.405    u_base/FSM_onehot_state[4]_i_2_n_0
                         FDCE                                         f  u_base/FSM_onehot_state_reg[3]/CLR
  -------------------------------------------------------------------    -------------------

                         (clock clk rise edge)        5.000     5.000 r  
                                                      0.000     5.000 r  clk (IN)
                         net (fo=0)                   0.000     5.000    clk
                         IBUF (Prop_ibuf_I_O)         0.751     5.751 r  clk_IBUF_inst/O
                         net (fo=1, unplaced)         0.613     6.365    clk_IBUF
                         BUFG (Prop_bufg_I_O)         0.077     6.442 r  clk_IBUF_BUFG_inst/O
                         net (fo=304, unplaced)       0.439     6.881    u_base/CLK
                         FDCE                                         r  u_base/FSM_onehot_state_reg[3]/C
                         clock pessimism              0.000     6.881    
                         clock uncertainty           -0.035     6.845    
                         FDCE (Recov_fdce_C_CLR)     -0.334     6.511    u_base/FSM_onehot_state_reg[3]
  -------------------------------------------------------------------
                         required time                          6.511    
                         arrival time                          -2.405    
  -------------------------------------------------------------------
                         slack                                  4.107    

Slack (MET) :             4.107ns  (required time - arrival time)
  Source:                 rst_n
                            (input port clocked by clk  {rise@0.000ns fall@2.500ns period=5.000ns})
  Destination:            u_base/FSM_onehot_state_reg[4]/CLR
                            (recovery check against rising-edge clock clk  {rise@0.000ns fall@2.500ns period=5.000ns})
  Path Group:             **async_default**
  Path Type:              Recovery (Max at Slow Process Corner)
  Requirement:            5.000ns  (clk rise@5.000ns - clk rise@0.000ns)
  Data Path Delay:        2.405ns  (logic 0.987ns (41.050%)  route 1.418ns (58.950%))
  Logic Levels:           2  (IBUF=1 LUT1=1)
  Input Delay:            0.000ns
  Clock Path Skew:        1.881ns (DCD - SCD + CPR)
    Destination Clock Delay (DCD):    1.881ns = ( 6.881 - 5.000 ) 
    Source Clock Delay      (SCD):    0.000ns
    Clock Pessimism Removal (CPR):    0.000ns
  Clock Uncertainty:      0.035ns  ((TSJ^2 + TIJ^2)^1/2 + DJ) / 2 + PE
    Total System Jitter     (TSJ):    0.071ns
    Total Input Jitter      (TIJ):    0.000ns
    Discrete Jitter          (DJ):    0.000ns
    Phase Error              (PE):    0.000ns

    Location             Delay type                Incr(ns)  Path(ns)    Netlist Resource(s)
  -------------------------------------------------------------------    -------------------
                         (clock clk rise edge)        0.000     0.000 r  
                         input delay                  0.000     0.000    
                                                      0.000     0.000 r  rst_n (IN)
                         net (fo=0)                   0.000     0.000    rst_n
                         IBUF (Prop_ibuf_I_O)         0.882     0.882 r  rst_n_IBUF_inst/O
                         net (fo=1, unplaced)         0.646     1.528    u_base/rst_n_IBUF
                         LUT1 (Prop_lut1_I0_O)        0.105     1.633 f  u_base/FSM_onehot_state[4]_i_2/O
                         net (fo=304, unplaced)       0.772     2.405    u_base/FSM_onehot_state[4]_i_2_n_0
                         FDCE                                         f  u_base/FSM_onehot_state_reg[4]/CLR
  -------------------------------------------------------------------    -------------------

                         (clock clk rise edge)        5.000     5.000 r  
                                                      0.000     5.000 r  clk (IN)
                         net (fo=0)                   0.000     5.000    clk
                         IBUF (Prop_ibuf_I_O)         0.751     5.751 r  clk_IBUF_inst/O
                         net (fo=1, unplaced)         0.613     6.365    clk_IBUF
                         BUFG (Prop_bufg_I_O)         0.077     6.442 r  clk_IBUF_BUFG_inst/O
                         net (fo=304, unplaced)       0.439     6.881    u_base/CLK
                         FDCE                                         r  u_base/FSM_onehot_state_reg[4]/C
                         clock pessimism              0.000     6.881    
                         clock uncertainty           -0.035     6.845    
                         FDCE (Recov_fdce_C_CLR)     -0.334     6.511    u_base/FSM_onehot_state_reg[4]
  -------------------------------------------------------------------
                         required time                          6.511    
                         arrival time                          -2.405    
  -------------------------------------------------------------------
                         slack                                  4.107    

Slack (MET) :             4.107ns  (required time - arrival time)
  Source:                 rst_n
                            (input port clocked by clk  {rise@0.000ns fall@2.500ns period=5.000ns})
  Destination:            u_base/conv_map_reg[0][0]/CLR
                            (recovery check against rising-edge clock clk  {rise@0.000ns fall@2.500ns period=5.000ns})
  Path Group:             **async_default**
  Path Type:              Recovery (Max at Slow Process Corner)
  Requirement:            5.000ns  (clk rise@5.000ns - clk rise@0.000ns)
  Data Path Delay:        2.405ns  (logic 0.987ns (41.050%)  route 1.418ns (58.950%))
  Logic Levels:           2  (IBUF=1 LUT1=1)
  Input Delay:            0.000ns
  Clock Path Skew:        1.881ns (DCD - SCD + CPR)
    Destination Clock Delay (DCD):    1.881ns = ( 6.881 - 5.000 ) 
    Source Clock Delay      (SCD):    0.000ns
    Clock Pessimism Removal (CPR):    0.000ns
  Clock Uncertainty:      0.035ns  ((TSJ^2 + TIJ^2)^1/2 + DJ) / 2 + PE
    Total System Jitter     (TSJ):    0.071ns
    Total Input Jitter      (TIJ):    0.000ns
    Discrete Jitter          (DJ):    0.000ns
    Phase Error              (PE):    0.000ns

    Location             Delay type                Incr(ns)  Path(ns)    Netlist Resource(s)
  -------------------------------------------------------------------    -------------------
                         (clock clk rise edge)        0.000     0.000 r  
                         input delay                  0.000     0.000    
                                                      0.000     0.000 r  rst_n (IN)
                         net (fo=0)                   0.000     0.000    rst_n
                         IBUF (Prop_ibuf_I_O)         0.882     0.882 r  rst_n_IBUF_inst/O
                         net (fo=1, unplaced)         0.646     1.528    u_base/rst_n_IBUF
                         LUT1 (Prop_lut1_I0_O)        0.105     1.633 f  u_base/FSM_onehot_state[4]_i_2/O
                         net (fo=304, unplaced)       0.772     2.405    u_base/FSM_onehot_state[4]_i_2_n_0
                         FDCE                                         f  u_base/conv_map_reg[0][0]/CLR
  -------------------------------------------------------------------    -------------------

                         (clock clk rise edge)        5.000     5.000 r  
                                                      0.000     5.000 r  clk (IN)
                         net (fo=0)                   0.000     5.000    clk
                         IBUF (Prop_ibuf_I_O)         0.751     5.751 r  clk_IBUF_inst/O
                         net (fo=1, unplaced)         0.613     6.365    clk_IBUF
                         BUFG (Prop_bufg_I_O)         0.077     6.442 r  clk_IBUF_BUFG_inst/O
                         net (fo=304, unplaced)       0.439     6.881    u_base/CLK
                         FDCE                                         r  u_base/conv_map_reg[0][0]/C
                         clock pessimism              0.000     6.881    
                         clock uncertainty           -0.035     6.845    
                         FDCE (Recov_fdce_C_CLR)     -0.334     6.511    u_base/conv_map_reg[0][0]
  -------------------------------------------------------------------
                         required time                          6.511    
                         arrival time                          -2.405    
  -------------------------------------------------------------------
                         slack                                  4.107    

Slack (MET) :             4.107ns  (required time - arrival time)
  Source:                 rst_n
                            (input port clocked by clk  {rise@0.000ns fall@2.500ns period=5.000ns})
  Destination:            u_base/conv_map_reg[0][10]/CLR
                            (recovery check against rising-edge clock clk  {rise@0.000ns fall@2.500ns period=5.000ns})
  Path Group:             **async_default**
  Path Type:              Recovery (Max at Slow Process Corner)
  Requirement:            5.000ns  (clk rise@5.000ns - clk rise@0.000ns)
  Data Path Delay:        2.405ns  (logic 0.987ns (41.050%)  route 1.418ns (58.950%))
  Logic Levels:           2  (IBUF=1 LUT1=1)
  Input Delay:            0.000ns
  Clock Path Skew:        1.881ns (DCD - SCD + CPR)
    Destination Clock Delay (DCD):    1.881ns = ( 6.881 - 5.000 ) 
    Source Clock Delay      (SCD):    0.000ns
    Clock Pessimism Removal (CPR):    0.000ns
  Clock Uncertainty:      0.035ns  ((TSJ^2 + TIJ^2)^1/2 + DJ) / 2 + PE
    Total System Jitter     (TSJ):    0.071ns
    Total Input Jitter      (TIJ):    0.000ns
    Discrete Jitter          (DJ):    0.000ns
    Phase Error              (PE):    0.000ns

    Location             Delay type                Incr(ns)  Path(ns)    Netlist Resource(s)
  -------------------------------------------------------------------    -------------------
                         (clock clk rise edge)        0.000     0.000 r  
                         input delay                  0.000     0.000    
                                                      0.000     0.000 r  rst_n (IN)
                         net (fo=0)                   0.000     0.000    rst_n
                         IBUF (Prop_ibuf_I_O)         0.882     0.882 r  rst_n_IBUF_inst/O
                         net (fo=1, unplaced)         0.646     1.528    u_base/rst_n_IBUF
                         LUT1 (Prop_lut1_I0_O)        0.105     1.633 f  u_base/FSM_onehot_state[4]_i_2/O
                         net (fo=304, unplaced)       0.772     2.405    u_base/FSM_onehot_state[4]_i_2_n_0
                         FDCE                                         f  u_base/conv_map_reg[0][10]/CLR
  -------------------------------------------------------------------    -------------------

                         (clock clk rise edge)        5.000     5.000 r  
                                                      0.000     5.000 r  clk (IN)
                         net (fo=0)                   0.000     5.000    clk
                         IBUF (Prop_ibuf_I_O)         0.751     5.751 r  clk_IBUF_inst/O
                         net (fo=1, unplaced)         0.613     6.365    clk_IBUF
                         BUFG (Prop_bufg_I_O)         0.077     6.442 r  clk_IBUF_BUFG_inst/O
                         net (fo=304, unplaced)       0.439     6.881    u_base/CLK
                         FDCE                                         r  u_base/conv_map_reg[0][10]/C
                         clock pessimism              0.000     6.881    
                         clock uncertainty           -0.035     6.845    
                         FDCE (Recov_fdce_C_CLR)     -0.334     6.511    u_base/conv_map_reg[0][10]
  -------------------------------------------------------------------
                         required time                          6.511    
                         arrival time                          -2.405    
  -------------------------------------------------------------------
                         slack                                  4.107    

Slack (MET) :             4.107ns  (required time - arrival time)
  Source:                 rst_n
                            (input port clocked by clk  {rise@0.000ns fall@2.500ns period=5.000ns})
  Destination:            u_base/conv_map_reg[0][11]/CLR
                            (recovery check against rising-edge clock clk  {rise@0.000ns fall@2.500ns period=5.000ns})
  Path Group:             **async_default**
  Path Type:              Recovery (Max at Slow Process Corner)
  Requirement:            5.000ns  (clk rise@5.000ns - clk rise@0.000ns)
  Data Path Delay:        2.405ns  (logic 0.987ns (41.050%)  route 1.418ns (58.950%))
  Logic Levels:           2  (IBUF=1 LUT1=1)
  Input Delay:            0.000ns
  Clock Path Skew:        1.881ns (DCD - SCD + CPR)
    Destination Clock Delay (DCD):    1.881ns = ( 6.881 - 5.000 ) 
    Source Clock Delay      (SCD):    0.000ns
    Clock Pessimism Removal (CPR):    0.000ns
  Clock Uncertainty:      0.035ns  ((TSJ^2 + TIJ^2)^1/2 + DJ) / 2 + PE
    Total System Jitter     (TSJ):    0.071ns
    Total Input Jitter      (TIJ):    0.000ns
    Discrete Jitter          (DJ):    0.000ns
    Phase Error              (PE):    0.000ns

    Location             Delay type                Incr(ns)  Path(ns)    Netlist Resource(s)
  -------------------------------------------------------------------    -------------------
                         (clock clk rise edge)        0.000     0.000 r  
                         input delay                  0.000     0.000    
                                                      0.000     0.000 r  rst_n (IN)
                         net (fo=0)                   0.000     0.000    rst_n
                         IBUF (Prop_ibuf_I_O)         0.882     0.882 r  rst_n_IBUF_inst/O
                         net (fo=1, unplaced)         0.646     1.528    u_base/rst_n_IBUF
                         LUT1 (Prop_lut1_I0_O)        0.105     1.633 f  u_base/FSM_onehot_state[4]_i_2/O
                         net (fo=304, unplaced)       0.772     2.405    u_base/FSM_onehot_state[4]_i_2_n_0
                         FDCE                                         f  u_base/conv_map_reg[0][11]/CLR
  -------------------------------------------------------------------    -------------------

                         (clock clk rise edge)        5.000     5.000 r  
                                                      0.000     5.000 r  clk (IN)
                         net (fo=0)                   0.000     5.000    clk
                         IBUF (Prop_ibuf_I_O)         0.751     5.751 r  clk_IBUF_inst/O
                         net (fo=1, unplaced)         0.613     6.365    clk_IBUF
                         BUFG (Prop_bufg_I_O)         0.077     6.442 r  clk_IBUF_BUFG_inst/O
                         net (fo=304, unplaced)       0.439     6.881    u_base/CLK
                         FDCE                                         r  u_base/conv_map_reg[0][11]/C
                         clock pessimism              0.000     6.881    
                         clock uncertainty           -0.035     6.845    
                         FDCE (Recov_fdce_C_CLR)     -0.334     6.511    u_base/conv_map_reg[0][11]
  -------------------------------------------------------------------
                         required time                          6.511    
                         arrival time                          -2.405    
  -------------------------------------------------------------------
                         slack                                  4.107    

Slack (MET) :             4.107ns  (required time - arrival time)
  Source:                 rst_n
                            (input port clocked by clk  {rise@0.000ns fall@2.500ns period=5.000ns})
  Destination:            u_base/conv_map_reg[0][12]/CLR
                            (recovery check against rising-edge clock clk  {rise@0.000ns fall@2.500ns period=5.000ns})
  Path Group:             **async_default**
  Path Type:              Recovery (Max at Slow Process Corner)
  Requirement:            5.000ns  (clk rise@5.000ns - clk rise@0.000ns)
  Data Path Delay:        2.405ns  (logic 0.987ns (41.050%)  route 1.418ns (58.950%))
  Logic Levels:           2  (IBUF=1 LUT1=1)
  Input Delay:            0.000ns
  Clock Path Skew:        1.881ns (DCD - SCD + CPR)
    Destination Clock Delay (DCD):    1.881ns = ( 6.881 - 5.000 ) 
    Source Clock Delay      (SCD):    0.000ns
    Clock Pessimism Removal (CPR):    0.000ns
  Clock Uncertainty:      0.035ns  ((TSJ^2 + TIJ^2)^1/2 + DJ) / 2 + PE
    Total System Jitter     (TSJ):    0.071ns
    Total Input Jitter      (TIJ):    0.000ns
    Discrete Jitter          (DJ):    0.000ns
    Phase Error              (PE):    0.000ns

    Location             Delay type                Incr(ns)  Path(ns)    Netlist Resource(s)
  -------------------------------------------------------------------    -------------------
                         (clock clk rise edge)        0.000     0.000 r  
                         input delay                  0.000     0.000    
                                                      0.000     0.000 r  rst_n (IN)
                         net (fo=0)                   0.000     0.000    rst_n
                         IBUF (Prop_ibuf_I_O)         0.882     0.882 r  rst_n_IBUF_inst/O
                         net (fo=1, unplaced)         0.646     1.528    u_base/rst_n_IBUF
                         LUT1 (Prop_lut1_I0_O)        0.105     1.633 f  u_base/FSM_onehot_state[4]_i_2/O
                         net (fo=304, unplaced)       0.772     2.405    u_base/FSM_onehot_state[4]_i_2_n_0
                         FDCE                                         f  u_base/conv_map_reg[0][12]/CLR
  -------------------------------------------------------------------    -------------------

                         (clock clk rise edge)        5.000     5.000 r  
                                                      0.000     5.000 r  clk (IN)
                         net (fo=0)                   0.000     5.000    clk
                         IBUF (Prop_ibuf_I_O)         0.751     5.751 r  clk_IBUF_inst/O
                         net (fo=1, unplaced)         0.613     6.365    clk_IBUF
                         BUFG (Prop_bufg_I_O)         0.077     6.442 r  clk_IBUF_BUFG_inst/O
                         net (fo=304, unplaced)       0.439     6.881    u_base/CLK
                         FDCE                                         r  u_base/conv_map_reg[0][12]/C
                         clock pessimism              0.000     6.881    
                         clock uncertainty           -0.035     6.845    
                         FDCE (Recov_fdce_C_CLR)     -0.334     6.511    u_base/conv_map_reg[0][12]
  -------------------------------------------------------------------
                         required time                          6.511    
                         arrival time                          -2.405    
  -------------------------------------------------------------------
                         slack                                  4.107    

Slack (MET) :             4.107ns  (required time - arrival time)
  Source:                 rst_n
                            (input port clocked by clk  {rise@0.000ns fall@2.500ns period=5.000ns})
  Destination:            u_base/conv_map_reg[0][13]/CLR
                            (recovery check against rising-edge clock clk  {rise@0.000ns fall@2.500ns period=5.000ns})
  Path Group:             **async_default**
  Path Type:              Recovery (Max at Slow Process Corner)
  Requirement:            5.000ns  (clk rise@5.000ns - clk rise@0.000ns)
  Data Path Delay:        2.405ns  (logic 0.987ns (41.050%)  route 1.418ns (58.950%))
  Logic Levels:           2  (IBUF=1 LUT1=1)
  Input Delay:            0.000ns
  Clock Path Skew:        1.881ns (DCD - SCD + CPR)
    Destination Clock Delay (DCD):    1.881ns = ( 6.881 - 5.000 ) 
    Source Clock Delay      (SCD):    0.000ns
    Clock Pessimism Removal (CPR):    0.000ns
  Clock Uncertainty:      0.035ns  ((TSJ^2 + TIJ^2)^1/2 + DJ) / 2 + PE
    Total System Jitter     (TSJ):    0.071ns
    Total Input Jitter      (TIJ):    0.000ns
    Discrete Jitter          (DJ):    0.000ns
    Phase Error              (PE):    0.000ns

    Location             Delay type                Incr(ns)  Path(ns)    Netlist Resource(s)
  -------------------------------------------------------------------    -------------------
                         (clock clk rise edge)        0.000     0.000 r  
                         input delay                  0.000     0.000    
                                                      0.000     0.000 r  rst_n (IN)
                         net (fo=0)                   0.000     0.000    rst_n
                         IBUF (Prop_ibuf_I_O)         0.882     0.882 r  rst_n_IBUF_inst/O
                         net (fo=1, unplaced)         0.646     1.528    u_base/rst_n_IBUF
                         LUT1 (Prop_lut1_I0_O)        0.105     1.633 f  u_base/FSM_onehot_state[4]_i_2/O
                         net (fo=304, unplaced)       0.772     2.405    u_base/FSM_onehot_state[4]_i_2_n_0
                         FDCE                                         f  u_base/conv_map_reg[0][13]/CLR
  -------------------------------------------------------------------    -------------------

                         (clock clk rise edge)        5.000     5.000 r  
                                                      0.000     5.000 r  clk (IN)
                         net (fo=0)                   0.000     5.000    clk
                         IBUF (Prop_ibuf_I_O)         0.751     5.751 r  clk_IBUF_inst/O
                         net (fo=1, unplaced)         0.613     6.365    clk_IBUF
                         BUFG (Prop_bufg_I_O)         0.077     6.442 r  clk_IBUF_BUFG_inst/O
                         net (fo=304, unplaced)       0.439     6.881    u_base/CLK
                         FDCE                                         r  u_base/conv_map_reg[0][13]/C
                         clock pessimism              0.000     6.881    
                         clock uncertainty           -0.035     6.845    
                         FDCE (Recov_fdce_C_CLR)     -0.334     6.511    u_base/conv_map_reg[0][13]
  -------------------------------------------------------------------
                         required time                          6.511    
                         arrival time                          -2.405    
  -------------------------------------------------------------------
                         slack                                  4.107    

Slack (MET) :             4.107ns  (required time - arrival time)
  Source:                 rst_n
                            (input port clocked by clk  {rise@0.000ns fall@2.500ns period=5.000ns})
  Destination:            u_base/conv_map_reg[0][14]/CLR
                            (recovery check against rising-edge clock clk  {rise@0.000ns fall@2.500ns period=5.000ns})
  Path Group:             **async_default**
  Path Type:              Recovery (Max at Slow Process Corner)
  Requirement:            5.000ns  (clk rise@5.000ns - clk rise@0.000ns)
  Data Path Delay:        2.405ns  (logic 0.987ns (41.050%)  route 1.418ns (58.950%))
  Logic Levels:           2  (IBUF=1 LUT1=1)
  Input Delay:            0.000ns
  Clock Path Skew:        1.881ns (DCD - SCD + CPR)
    Destination Clock Delay (DCD):    1.881ns = ( 6.881 - 5.000 ) 
    Source Clock Delay      (SCD):    0.000ns
    Clock Pessimism Removal (CPR):    0.000ns
  Clock Uncertainty:      0.035ns  ((TSJ^2 + TIJ^2)^1/2 + DJ) / 2 + PE
    Total System Jitter     (TSJ):    0.071ns
    Total Input Jitter      (TIJ):    0.000ns
    Discrete Jitter          (DJ):    0.000ns
    Phase Error              (PE):    0.000ns

    Location             Delay type                Incr(ns)  Path(ns)    Netlist Resource(s)
  -------------------------------------------------------------------    -------------------
                         (clock clk rise edge)        0.000     0.000 r  
                         input delay                  0.000     0.000    
                                                      0.000     0.000 r  rst_n (IN)
                         net (fo=0)                   0.000     0.000    rst_n
                         IBUF (Prop_ibuf_I_O)         0.882     0.882 r  rst_n_IBUF_inst/O
                         net (fo=1, unplaced)         0.646     1.528    u_base/rst_n_IBUF
                         LUT1 (Prop_lut1_I0_O)        0.105     1.633 f  u_base/FSM_onehot_state[4]_i_2/O
                         net (fo=304, unplaced)       0.772     2.405    u_base/FSM_onehot_state[4]_i_2_n_0
                         FDCE                                         f  u_base/conv_map_reg[0][14]/CLR
  -------------------------------------------------------------------    -------------------

                         (clock clk rise edge)        5.000     5.000 r  
                                                      0.000     5.000 r  clk (IN)
                         net (fo=0)                   0.000     5.000    clk
                         IBUF (Prop_ibuf_I_O)         0.751     5.751 r  clk_IBUF_inst/O
                         net (fo=1, unplaced)         0.613     6.365    clk_IBUF
                         BUFG (Prop_bufg_I_O)         0.077     6.442 r  clk_IBUF_BUFG_inst/O
                         net (fo=304, unplaced)       0.439     6.881    u_base/CLK
                         FDCE                                         r  u_base/conv_map_reg[0][14]/C
                         clock pessimism              0.000     6.881    
                         clock uncertainty           -0.035     6.845    
                         FDCE (Recov_fdce_C_CLR)     -0.334     6.511    u_base/conv_map_reg[0][14]
  -------------------------------------------------------------------
                         required time                          6.511    
                         arrival time                          -2.405    
  -------------------------------------------------------------------
                         slack                                  4.107    





