Copyright 1986-2022 Xilinx, Inc. All Rights Reserved. Copyright 2022-2025 Advanced Micro Devices, Inc. All Rights Reserved.
-----------------------------------------------------------------------------------------------------------------------------------------------------
| Tool Version : Vivado v.2025.1 (win64) Build 6140274 Thu May 22 00:12:29 MDT 2025
| Date         : Sun Apr 26 18:51:07 2026
| Host         : DESKTOP-JH0OJSQ running 64-bit major release  (build 9200)
| Command      : report_timing_summary -delay_type max -max_paths 10 -file D:/1012/project1/build/cnn_compare_booth_simd_pipe_top_timing_summary.rpt
| Design       : cnn_compare_booth_simd_pipe_top
| Device       : 7a200t-fbg676
| Speed File   : -2  PRODUCTION 1.23 2018-06-13
| Design State : Synthesized
-----------------------------------------------------------------------------------------------------------------------------------------------------

Timing Summary Report

------------------------------------------------------------------------------------------------
| Timer Settings
| --------------
------------------------------------------------------------------------------------------------

  Enable Multi Corner Analysis               :  Yes
  Enable Pessimism Removal                   :  Yes
  Pessimism Removal Resolution               :  Nearest Common Node
  Enable Input Delay Default Clock           :  No
  Enable Preset / Clear Arcs                 :  No
  Disable Flight Delays                      :  No
  Ignore I/O Paths                           :  No
  Timing Early Launch at Borrowing Latches   :  No
  Borrow Time for Max Delay Exceptions       :  Yes
  Merge Timing Exceptions                    :  Yes
  Inter-SLR Compensation                     :  Conservative

  Corner  Analyze    Analyze    
  Name    Max Paths  Min Paths  
  ------  ---------  ---------  
  Slow    Yes        Yes        
  Fast    Yes        Yes        


------------------------------------------------------------------------------------------------
| Report Methodology
| ------------------
------------------------------------------------------------------------------------------------

No report available as report_methodology has not been run prior. Run report_methodology on the current design for the summary of methodology violations.



check_timing report

Table of Contents
-----------------
1. checking no_clock (0)
2. checking constant_clock (0)
3. checking pulse_width_clock (0)
4. checking unconstrained_internal_endpoints (0)
5. checking no_input_delay (0)
6. checking no_output_delay (0)
7. checking multiple_clock (0)
8. checking generated_clocks (0)
9. checking loops (0)
10. checking partial_input_delay (0)
11. checking partial_output_delay (0)
12. checking latch_loops (0)

1. checking no_clock (0)
------------------------
 There are 0 register/latch pins with no clock.


2. checking constant_clock (0)
------------------------------
 There are 0 register/latch pins with constant_clock.


3. checking pulse_width_clock (0)
---------------------------------
 There are 0 register/latch pins which need pulse_width check


4. checking unconstrained_internal_endpoints (0)
------------------------------------------------
 There are 0 pins that are not constrained for maximum delay.

 There are 0 pins that are not constrained for maximum delay due to constant clock.


5. checking no_input_delay (0)
------------------------------
 There are 0 input ports with no input delay specified.

 There are 0 input ports with no input delay but user has a false path constraint.


6. checking no_output_delay (0)
-------------------------------
 There are 0 ports with no output delay specified.

 There are 0 ports with no output delay but user has a false path constraint

 There are 0 ports with no output delay but with a timing clock defined on it or propagating through it


7. checking multiple_clock (0)
------------------------------
 There are 0 register/latch pins with multiple clocks.


8. checking generated_clocks (0)
--------------------------------
 There are 0 generated clocks that are not connected to a clock source.


9. checking loops (0)
---------------------
 There are 0 combinational loops in the design.


10. checking partial_input_delay (0)
------------------------------------
 There are 0 input ports with partial input delay specified.


11. checking partial_output_delay (0)
-------------------------------------
 There are 0 ports with partial output delay specified.


12. checking latch_loops (0)
----------------------------
 There are 0 combinational latch loops in the design through latch input



------------------------------------------------------------------------------------------------
| Design Timing Summary
| ---------------------
------------------------------------------------------------------------------------------------

    WNS(ns)      TNS(ns)  TNS Failing Endpoints  TNS Total Endpoints     WPWS(ns)     TPWS(ns)  TPWS Failing Endpoints  TPWS Total Endpoints  
    -------      -------  ---------------------  -------------------     --------     --------  ----------------------  --------------------  
     -1.625     -142.590                    150                  891        2.000        0.000                       0                   288  


Timing constraints are not met.


------------------------------------------------------------------------------------------------
| Clock Summary
| -------------
------------------------------------------------------------------------------------------------

Clock  Waveform(ns)         Period(ns)      Frequency(MHz)
-----  ------------         ----------      --------------
clk    {0.000 2.500}        5.000           200.000         


------------------------------------------------------------------------------------------------
| Intra Clock Table
| -----------------
------------------------------------------------------------------------------------------------

Clock             WNS(ns)      TNS(ns)  TNS Failing Endpoints  TNS Total Endpoints     WPWS(ns)     TPWS(ns)  TPWS Failing Endpoints  TPWS Total Endpoints  
-----             -------      -------  ---------------------  -------------------     --------     --------  ----------------------  --------------------  
clk                -1.625     -142.590                    150                  604        2.000        0.000                       0                   288  


------------------------------------------------------------------------------------------------
| Inter Clock Table
| -----------------
------------------------------------------------------------------------------------------------

From Clock    To Clock          WNS(ns)      TNS(ns)  TNS Failing Endpoints  TNS Total Endpoints  
----------    --------          -------      -------  ---------------------  -------------------  


------------------------------------------------------------------------------------------------
| Other Path Groups Table
| -----------------------
------------------------------------------------------------------------------------------------

Path Group         From Clock         To Clock               WNS(ns)      TNS(ns)  TNS Failing Endpoints  TNS Total Endpoints  
----------         ----------         --------               -------      -------  ---------------------  -------------------  
**async_default**  clk                clk                      4.109        0.000                      0                  287  


------------------------------------------------------------------------------------------------
| Timing Details
| --------------
------------------------------------------------------------------------------------------------


---------------------------------------------------------------------------------------------------
From Clock:  clk
  To Clock:  clk

Setup :          150  Failing Endpoints,  Worst Slack       -1.625ns,  Total Violation     -142.590ns
Hold  :           NA  Failing Endpoints,  Worst Slack           NA  ,  Total Violation           NA
PW    :            0  Failing Endpoints,  Worst Slack        2.000ns,  Total Violation        0.000ns
---------------------------------------------------------------------------------------------------


Max Delay Paths
--------------------------------------------------------------------------------------
Slack (VIOLATED) :        -1.625ns  (required time - arrival time)
  Source:                 img_flat_u8x25[101]
                            (input port clocked by clk  {rise@0.000ns fall@2.500ns period=5.000ns})
  Destination:            u_booth_simd_pipe/conv_blk1_reg_reg[39]/D
                            (rising edge-triggered cell FDCE clocked by clk  {rise@0.000ns fall@2.500ns period=5.000ns})
  Path Group:             clk
  Path Type:              Setup (Max at Slow Process Corner)
  Requirement:            5.000ns  (clk rise@5.000ns - clk rise@0.000ns)
  Data Path Delay:        8.543ns  (logic 3.576ns (41.862%)  route 4.967ns (58.138%))
  Logic Levels:           12  (CARRY4=5 IBUF=1 LUT3=3 LUT5=1 LUT6=2)
  Input Delay:            0.000ns
  Clock Path Skew:        1.881ns (DCD - SCD + CPR)
    Destination Clock Delay (DCD):    1.881ns = ( 6.881 - 5.000 ) 
    Source Clock Delay      (SCD):    0.000ns
    Clock Pessimism Removal (CPR):    0.000ns
  Clock Uncertainty:      0.035ns  ((TSJ^2 + TIJ^2)^1/2 + DJ) / 2 + PE
    Total System Jitter     (TSJ):    0.071ns
    Total Input Jitter      (TIJ):    0.000ns
    Discrete Jitter          (DJ):    0.000ns
    Phase Error              (PE):    0.000ns

    Location             Delay type                Incr(ns)  Path(ns)    Netlist Resource(s)
  -------------------------------------------------------------------    -------------------
                         (clock clk rise edge)        0.000     0.000 r  
                         input delay                  0.000     0.000    
                                                      0.000     0.000 r  img_flat_u8x25[101] (IN)
                         net (fo=0)                   0.000     0.000    img_flat_u8x25[101]
                         IBUF (Prop_ibuf_I_O)         0.882     0.882 r  img_flat_u8x25_IBUF[101]_inst/O
                         net (fo=76, unplaced)        0.646     1.528    u_booth_simd_pipe/u_conv/gen_blk1_mul[1].gen_blk1_booth.u_mul/u_lane3/img_flat_u8x25_IBUF[5]
                         LUT6 (Prop_lut6_I5_O)        0.105     1.633 f  u_booth_simd_pipe/u_conv/gen_blk1_mul[1].gen_blk1_booth.u_mul/u_lane3/prod_ext_carry__0_i_28__63/O
                         net (fo=82, unplaced)        0.442     2.075    u_booth_simd_pipe/u_conv/gen_blk1_mul[1].gen_blk1_booth.u_mul/u_lane3/img_flat_u8x25[100]
                         LUT3 (Prop_lut3_I2_O)        0.105     2.180 r  u_booth_simd_pipe/u_conv/gen_blk1_mul[1].gen_blk1_booth.u_mul/u_lane3/prod_ext_carry__1_i_9__55/O
                         net (fo=88, unplaced)        0.678     2.858    u_booth_simd_pipe/u_conv/gen_blk1_mul[3].gen_blk1_booth.u_mul/u_lane1/data2_3[3]
                         LUT6 (Prop_lut6_I1_O)        0.105     2.963 r  u_booth_simd_pipe/u_conv/gen_blk1_mul[3].gen_blk1_booth.u_mul/u_lane1/prod_ext_carry__0_i_20__67/O
                         net (fo=3, unplaced)         0.365     3.328    u_booth_simd_pipe/u_conv/gen_blk1_mul[3].gen_blk1_booth.u_mul/u_lane1/ker_flat_s8x9[26][2]
                         LUT5 (Prop_lut5_I3_O)        0.105     3.433 r  u_booth_simd_pipe/u_conv/gen_blk1_mul[3].gen_blk1_booth.u_mul/u_lane1/prod_ext_carry__0_i_3__67/O
                         net (fo=1, unplaced)         0.537     3.970    u_booth_simd_pipe/u_conv/gen_blk1_mul[3].gen_blk1_booth.u_mul/u_lane1/csa2_sum__11[8]
                         CARRY4 (Prop_carry4_DI[1]_O[2])
                                                      0.466     4.436 r  u_booth_simd_pipe/u_conv/gen_blk1_mul[3].gen_blk1_booth.u_mul/u_lane1/prod_ext_carry__0/O[2]
                         net (fo=4, unplaced)         0.608     5.044    u_booth_simd_pipe/u_conv/prod_blk1[3]_23[25]
                         LUT3 (Prop_lut3_I0_O)        0.244     5.288 r  u_booth_simd_pipe/u_conv/conv_blk1_reg[35]_i_15/O
                         net (fo=1, unplaced)         0.537     5.825    u_booth_simd_pipe/u_conv/conv_blk1_reg[35]_i_15_n_0
                         CARRY4 (Prop_carry4_DI[1]_CO[3])
                                                      0.430     6.255 r  u_booth_simd_pipe/u_conv/conv_blk1_reg_reg[35]_i_10/CO[3]
                         net (fo=1, unplaced)         0.000     6.255    u_booth_simd_pipe/u_conv/conv_blk1_reg_reg[35]_i_10_n_0
                         CARRY4 (Prop_carry4_CI_O[0])
                                                      0.189     6.444 r  u_booth_simd_pipe/u_conv/conv_blk1_reg_reg[39]_i_12/O[0]
                         net (fo=3, unplaced)         0.617     7.061    u_booth_simd_pipe/u_conv/conv_blk1_reg_reg[39]_i_12_n_7
                         LUT3 (Prop_lut3_I0_O)        0.238     7.299 r  u_booth_simd_pipe/u_conv/conv_blk1_reg[35]_i_4/O
                         net (fo=1, unplaced)         0.537     7.836    u_booth_simd_pipe/u_conv/conv_blk1_reg[35]_i_4_n_0
                         CARRY4 (Prop_carry4_DI[1]_CO[3])
                                                      0.430     8.266 r  u_booth_simd_pipe/u_conv/conv_blk1_reg_reg[35]_i_1/CO[3]
                         net (fo=1, unplaced)         0.000     8.266    u_booth_simd_pipe/u_conv/conv_blk1_reg_reg[35]_i_1_n_0
                         CARRY4 (Prop_carry4_CI_O[3])
                                                      0.277     8.543 r  u_booth_simd_pipe/u_conv/conv_blk1_reg_reg[39]_i_1/O[3]
                         net (fo=1, unplaced)         0.000     8.543    u_booth_simd_pipe/conv_blk1_s20x4[39]
                         FDCE                                         r  u_booth_simd_pipe/conv_blk1_reg_reg[39]/D
  -------------------------------------------------------------------    -------------------

                         (clock clk rise edge)        5.000     5.000 r  
                                                      0.000     5.000 r  clk (IN)
                         net (fo=0)                   0.000     5.000    clk
                         IBUF (Prop_ibuf_I_O)         0.751     5.751 r  clk_IBUF_inst/O
                         net (fo=1, unplaced)         0.613     6.365    clk_IBUF
                         BUFG (Prop_bufg_I_O)         0.077     6.442 r  clk_IBUF_BUFG_inst/O
                         net (fo=287, unplaced)       0.439     6.881    u_booth_simd_pipe/CLK
                         FDCE                                         r  u_booth_simd_pipe/conv_blk1_reg_reg[39]/C
                         clock pessimism              0.000     6.881    
                         clock uncertainty           -0.035     6.845    
                         FDCE (Setup_fdce_C_D)        0.072     6.917    u_booth_simd_pipe/conv_blk1_reg_reg[39]
  -------------------------------------------------------------------
                         required time                          6.917    
                         arrival time                          -8.543    
  -------------------------------------------------------------------
                         slack                                 -1.625    

Slack (VIOLATED) :        -1.617ns  (required time - arrival time)
  Source:                 img_flat_u8x25[101]
                            (input port clocked by clk  {rise@0.000ns fall@2.500ns period=5.000ns})
  Destination:            u_booth_simd_pipe/conv_blk1_reg_reg[37]/D
                            (rising edge-triggered cell FDCE clocked by clk  {rise@0.000ns fall@2.500ns period=5.000ns})
  Path Group:             clk
  Path Type:              Setup (Max at Slow Process Corner)
  Requirement:            5.000ns  (clk rise@5.000ns - clk rise@0.000ns)
  Data Path Delay:        8.535ns  (logic 3.568ns (41.807%)  route 4.967ns (58.193%))
  Logic Levels:           12  (CARRY4=5 IBUF=1 LUT3=3 LUT5=1 LUT6=2)
  Input Delay:            0.000ns
  Clock Path Skew:        1.881ns (DCD - SCD + CPR)
    Destination Clock Delay (DCD):    1.881ns = ( 6.881 - 5.000 ) 
    Source Clock Delay      (SCD):    0.000ns
    Clock Pessimism Removal (CPR):    0.000ns
  Clock Uncertainty:      0.035ns  ((TSJ^2 + TIJ^2)^1/2 + DJ) / 2 + PE
    Total System Jitter     (TSJ):    0.071ns
    Total Input Jitter      (TIJ):    0.000ns
    Discrete Jitter          (DJ):    0.000ns
    Phase Error              (PE):    0.000ns

    Location             Delay type                Incr(ns)  Path(ns)    Netlist Resource(s)
  -------------------------------------------------------------------    -------------------
                         (clock clk rise edge)        0.000     0.000 r  
                         input delay                  0.000     0.000    
                                                      0.000     0.000 r  img_flat_u8x25[101] (IN)
                         net (fo=0)                   0.000     0.000    img_flat_u8x25[101]
                         IBUF (Prop_ibuf_I_O)         0.882     0.882 r  img_flat_u8x25_IBUF[101]_inst/O
                         net (fo=76, unplaced)        0.646     1.528    u_booth_simd_pipe/u_conv/gen_blk1_mul[1].gen_blk1_booth.u_mul/u_lane3/img_flat_u8x25_IBUF[5]
                         LUT6 (Prop_lut6_I5_O)        0.105     1.633 f  u_booth_simd_pipe/u_conv/gen_blk1_mul[1].gen_blk1_booth.u_mul/u_lane3/prod_ext_carry__0_i_28__63/O
                         net (fo=82, unplaced)        0.442     2.075    u_booth_simd_pipe/u_conv/gen_blk1_mul[1].gen_blk1_booth.u_mul/u_lane3/img_flat_u8x25[100]
                         LUT3 (Prop_lut3_I2_O)        0.105     2.180 r  u_booth_simd_pipe/u_conv/gen_blk1_mul[1].gen_blk1_booth.u_mul/u_lane3/prod_ext_carry__1_i_9__55/O
                         net (fo=88, unplaced)        0.678     2.858    u_booth_simd_pipe/u_conv/gen_blk1_mul[3].gen_blk1_booth.u_mul/u_lane1/data2_3[3]
                         LUT6 (Prop_lut6_I1_O)        0.105     2.963 r  u_booth_simd_pipe/u_conv/gen_blk1_mul[3].gen_blk1_booth.u_mul/u_lane1/prod_ext_carry__0_i_20__67/O
                         net (fo=3, unplaced)         0.365     3.328    u_booth_simd_pipe/u_conv/gen_blk1_mul[3].gen_blk1_booth.u_mul/u_lane1/ker_flat_s8x9[26][2]
                         LUT5 (Prop_lut5_I3_O)        0.105     3.433 r  u_booth_simd_pipe/u_conv/gen_blk1_mul[3].gen_blk1_booth.u_mul/u_lane1/prod_ext_carry__0_i_3__67/O
                         net (fo=1, unplaced)         0.537     3.970    u_booth_simd_pipe/u_conv/gen_blk1_mul[3].gen_blk1_booth.u_mul/u_lane1/csa2_sum__11[8]
                         CARRY4 (Prop_carry4_DI[1]_O[2])
                                                      0.466     4.436 r  u_booth_simd_pipe/u_conv/gen_blk1_mul[3].gen_blk1_booth.u_mul/u_lane1/prod_ext_carry__0/O[2]
                         net (fo=4, unplaced)         0.608     5.044    u_booth_simd_pipe/u_conv/prod_blk1[3]_23[25]
                         LUT3 (Prop_lut3_I0_O)        0.244     5.288 r  u_booth_simd_pipe/u_conv/conv_blk1_reg[35]_i_15/O
                         net (fo=1, unplaced)         0.537     5.825    u_booth_simd_pipe/u_conv/conv_blk1_reg[35]_i_15_n_0
                         CARRY4 (Prop_carry4_DI[1]_CO[3])
                                                      0.430     6.255 r  u_booth_simd_pipe/u_conv/conv_blk1_reg_reg[35]_i_10/CO[3]
                         net (fo=1, unplaced)         0.000     6.255    u_booth_simd_pipe/u_conv/conv_blk1_reg_reg[35]_i_10_n_0
                         CARRY4 (Prop_carry4_CI_O[0])
                                                      0.189     6.444 r  u_booth_simd_pipe/u_conv/conv_blk1_reg_reg[39]_i_12/O[0]
                         net (fo=3, unplaced)         0.617     7.061    u_booth_simd_pipe/u_conv/conv_blk1_reg_reg[39]_i_12_n_7
                         LUT3 (Prop_lut3_I0_O)        0.238     7.299 r  u_booth_simd_pipe/u_conv/conv_blk1_reg[35]_i_4/O
                         net (fo=1, unplaced)         0.537     7.836    u_booth_simd_pipe/u_conv/conv_blk1_reg[35]_i_4_n_0
                         CARRY4 (Prop_carry4_DI[1]_CO[3])
                                                      0.430     8.266 r  u_booth_simd_pipe/u_conv/conv_blk1_reg_reg[35]_i_1/CO[3]
                         net (fo=1, unplaced)         0.000     8.266    u_booth_simd_pipe/u_conv/conv_blk1_reg_reg[35]_i_1_n_0
                         CARRY4 (Prop_carry4_CI_O[1])
                                                      0.269     8.535 r  u_booth_simd_pipe/u_conv/conv_blk1_reg_reg[39]_i_1/O[1]
                         net (fo=1, unplaced)         0.000     8.535    u_booth_simd_pipe/conv_blk1_s20x4[37]
                         FDCE                                         r  u_booth_simd_pipe/conv_blk1_reg_reg[37]/D
  -------------------------------------------------------------------    -------------------

                         (clock clk rise edge)        5.000     5.000 r  
                                                      0.000     5.000 r  clk (IN)
                         net (fo=0)                   0.000     5.000    clk
                         IBUF (Prop_ibuf_I_O)         0.751     5.751 r  clk_IBUF_inst/O
                         net (fo=1, unplaced)         0.613     6.365    clk_IBUF
                         BUFG (Prop_bufg_I_O)         0.077     6.442 r  clk_IBUF_BUFG_inst/O
                         net (fo=287, unplaced)       0.439     6.881    u_booth_simd_pipe/CLK
                         FDCE                                         r  u_booth_simd_pipe/conv_blk1_reg_reg[37]/C
                         clock pessimism              0.000     6.881    
                         clock uncertainty           -0.035     6.845    
                         FDCE (Setup_fdce_C_D)        0.072     6.917    u_booth_simd_pipe/conv_blk1_reg_reg[37]
  -------------------------------------------------------------------
                         required time                          6.917    
                         arrival time                          -8.535    
  -------------------------------------------------------------------
                         slack                                 -1.617    

Slack (VIOLATED) :        -1.611ns  (required time - arrival time)
  Source:                 img_flat_u8x25[61]
                            (input port clocked by clk  {rise@0.000ns fall@2.500ns period=5.000ns})
  Destination:            u_booth_simd_pipe/conv_blk0_reg_reg[59]/D
                            (rising edge-triggered cell FDCE clocked by clk  {rise@0.000ns fall@2.500ns period=5.000ns})
  Path Group:             clk
  Path Type:              Setup (Max at Slow Process Corner)
  Requirement:            5.000ns  (clk rise@5.000ns - clk rise@0.000ns)
  Data Path Delay:        8.529ns  (logic 3.576ns (41.931%)  route 4.953ns (58.069%))
  Logic Levels:           12  (CARRY4=5 IBUF=1 LUT3=3 LUT5=1 LUT6=2)
  Input Delay:            0.000ns
  Clock Path Skew:        1.881ns (DCD - SCD + CPR)
    Destination Clock Delay (DCD):    1.881ns = ( 6.881 - 5.000 ) 
    Source Clock Delay      (SCD):    0.000ns
    Clock Pessimism Removal (CPR):    0.000ns
  Clock Uncertainty:      0.035ns  ((TSJ^2 + TIJ^2)^1/2 + DJ) / 2 + PE
    Total System Jitter     (TSJ):    0.071ns
    Total Input Jitter      (TIJ):    0.000ns
    Discrete Jitter          (DJ):    0.000ns
    Phase Error              (PE):    0.000ns

    Location             Delay type                Incr(ns)  Path(ns)    Netlist Resource(s)
  -------------------------------------------------------------------    -------------------
                         (clock clk rise edge)        0.000     0.000 r  
                         input delay                  0.000     0.000    
                                                      0.000     0.000 r  img_flat_u8x25[61] (IN)
                         net (fo=0)                   0.000     0.000    img_flat_u8x25[61]
                         IBUF (Prop_ibuf_I_O)         0.882     0.882 r  img_flat_u8x25_IBUF[61]_inst/O
                         net (fo=50, unplaced)        0.646     1.528    u_booth_simd_pipe/u_conv/gen_blk1_mul[1].gen_blk1_booth.u_mul/u_lane0/img_flat_u8x25_IBUF[5]
                         LUT6 (Prop_lut6_I5_O)        0.105     1.633 f  u_booth_simd_pipe/u_conv/gen_blk1_mul[1].gen_blk1_booth.u_mul/u_lane0/prod_ext_carry__0_i_28__61/O
                         net (fo=62, unplaced)        0.435     2.068    u_booth_simd_pipe/u_conv/gen_blk1_mul[1].gen_blk1_booth.u_mul/u_lane0/img_flat_u8x25[60]
                         LUT3 (Prop_lut3_I2_O)        0.105     2.173 r  u_booth_simd_pipe/u_conv/gen_blk1_mul[1].gen_blk1_booth.u_mul/u_lane0/prod_ext_carry__1_i_9__53/O
                         net (fo=66, unplaced)        0.671     2.844    u_booth_simd_pipe/u_conv/gen_blk0_mul[3].gen_blk0_booth.u_mul/u_lane2/data2_1[3]
                         LUT6 (Prop_lut6_I1_O)        0.105     2.949 r  u_booth_simd_pipe/u_conv/gen_blk0_mul[3].gen_blk0_booth.u_mul/u_lane2/prod_ext_carry__0_i_20__22/O
                         net (fo=3, unplaced)         0.365     3.314    u_booth_simd_pipe/u_conv/gen_blk0_mul[3].gen_blk0_booth.u_mul/u_lane2/ker_flat_s8x9[26][2]
                         LUT5 (Prop_lut5_I3_O)        0.105     3.419 r  u_booth_simd_pipe/u_conv/gen_blk0_mul[3].gen_blk0_booth.u_mul/u_lane2/prod_ext_carry__0_i_3__22/O
                         net (fo=1, unplaced)         0.537     3.956    u_booth_simd_pipe/u_conv/gen_blk0_mul[3].gen_blk0_booth.u_mul/u_lane2/csa2_sum__11[8]
                         CARRY4 (Prop_carry4_DI[1]_O[2])
                                                      0.466     4.422 r  u_booth_simd_pipe/u_conv/gen_blk0_mul[3].gen_blk0_booth.u_mul/u_lane2/prod_ext_carry__0/O[2]
                         net (fo=4, unplaced)         0.608     5.030    u_booth_simd_pipe/u_conv/prod_blk0[3]_12[41]
                         LUT3 (Prop_lut3_I0_O)        0.244     5.274 r  u_booth_simd_pipe/u_conv/conv_blk0_reg[55]_i_15/O
                         net (fo=1, unplaced)         0.537     5.811    u_booth_simd_pipe/u_conv/conv_blk0_reg[55]_i_15_n_0
                         CARRY4 (Prop_carry4_DI[1]_CO[3])
                                                      0.430     6.241 r  u_booth_simd_pipe/u_conv/conv_blk0_reg_reg[55]_i_10/CO[3]
                         net (fo=1, unplaced)         0.000     6.241    u_booth_simd_pipe/u_conv/conv_blk0_reg_reg[55]_i_10_n_0
                         CARRY4 (Prop_carry4_CI_O[0])
                                                      0.189     6.430 r  u_booth_simd_pipe/u_conv/conv_blk0_reg_reg[59]_i_12/O[0]
                         net (fo=3, unplaced)         0.617     7.047    u_booth_simd_pipe/u_conv/conv_blk0_reg_reg[59]_i_12_n_7
                         LUT3 (Prop_lut3_I0_O)        0.238     7.285 r  u_booth_simd_pipe/u_conv/conv_blk0_reg[55]_i_4/O
                         net (fo=1, unplaced)         0.537     7.822    u_booth_simd_pipe/u_conv/conv_blk0_reg[55]_i_4_n_0
                         CARRY4 (Prop_carry4_DI[1]_CO[3])
                                                      0.430     8.252 r  u_booth_simd_pipe/u_conv/conv_blk0_reg_reg[55]_i_1/CO[3]
                         net (fo=1, unplaced)         0.000     8.252    u_booth_simd_pipe/u_conv/conv_blk0_reg_reg[55]_i_1_n_0
                         CARRY4 (Prop_carry4_CI_O[3])
                                                      0.277     8.529 r  u_booth_simd_pipe/u_conv/conv_blk0_reg_reg[59]_i_1/O[3]
                         net (fo=1, unplaced)         0.000     8.529    u_booth_simd_pipe/conv_blk0_s20x4[59]
                         FDCE                                         r  u_booth_simd_pipe/conv_blk0_reg_reg[59]/D
  -------------------------------------------------------------------    -------------------

                         (clock clk rise edge)        5.000     5.000 r  
                                                      0.000     5.000 r  clk (IN)
                         net (fo=0)                   0.000     5.000    clk
                         IBUF (Prop_ibuf_I_O)         0.751     5.751 r  clk_IBUF_inst/O
                         net (fo=1, unplaced)         0.613     6.365    clk_IBUF
                         BUFG (Prop_bufg_I_O)         0.077     6.442 r  clk_IBUF_BUFG_inst/O
                         net (fo=287, unplaced)       0.439     6.881    u_booth_simd_pipe/CLK
                         FDCE                                         r  u_booth_simd_pipe/conv_blk0_reg_reg[59]/C
                         clock pessimism              0.000     6.881    
                         clock uncertainty           -0.035     6.845    
                         FDCE (Setup_fdce_C_D)        0.072     6.917    u_booth_simd_pipe/conv_blk0_reg_reg[59]
  -------------------------------------------------------------------
                         required time                          6.917    
                         arrival time                          -8.529    
  -------------------------------------------------------------------
                         slack                                 -1.611    

Slack (VIOLATED) :        -1.611ns  (required time - arrival time)
  Source:                 img_flat_u8x25[93]
                            (input port clocked by clk  {rise@0.000ns fall@2.500ns period=5.000ns})
  Destination:            u_booth_simd_pipe/conv_blk1_reg_reg[19]/D
                            (rising edge-triggered cell FDCE clocked by clk  {rise@0.000ns fall@2.500ns period=5.000ns})
  Path Group:             clk
  Path Type:              Setup (Max at Slow Process Corner)
  Requirement:            5.000ns  (clk rise@5.000ns - clk rise@0.000ns)
  Data Path Delay:        8.529ns  (logic 3.576ns (41.931%)  route 4.953ns (58.069%))
  Logic Levels:           12  (CARRY4=5 IBUF=1 LUT3=3 LUT5=1 LUT6=2)
  Input Delay:            0.000ns
  Clock Path Skew:        1.881ns (DCD - SCD + CPR)
    Destination Clock Delay (DCD):    1.881ns = ( 6.881 - 5.000 ) 
    Source Clock Delay      (SCD):    0.000ns
    Clock Pessimism Removal (CPR):    0.000ns
  Clock Uncertainty:      0.035ns  ((TSJ^2 + TIJ^2)^1/2 + DJ) / 2 + PE
    Total System Jitter     (TSJ):    0.071ns
    Total Input Jitter      (TIJ):    0.000ns
    Discrete Jitter          (DJ):    0.000ns
    Phase Error              (PE):    0.000ns

    Location             Delay type                Incr(ns)  Path(ns)    Netlist Resource(s)
  -------------------------------------------------------------------    -------------------
                         (clock clk rise edge)        0.000     0.000 r  
                         input delay                  0.000     0.000    
                                                      0.000     0.000 r  img_flat_u8x25[93] (IN)
                         net (fo=0)                   0.000     0.000    img_flat_u8x25[93]
                         IBUF (Prop_ibuf_I_O)         0.882     0.882 r  img_flat_u8x25_IBUF[93]_inst/O
                         net (fo=50, unplaced)        0.646     1.528    u_booth_simd_pipe/u_conv/gen_blk1_mul[0].gen_blk1_booth.u_mul/u_lane3/img_flat_u8x25_IBUF[5]
                         LUT6 (Prop_lut6_I5_O)        0.105     1.633 f  u_booth_simd_pipe/u_conv/gen_blk1_mul[0].gen_blk1_booth.u_mul/u_lane3/prod_ext_carry__0_i_28__70/O
                         net (fo=62, unplaced)        0.435     2.068    u_booth_simd_pipe/u_conv/gen_blk1_mul[0].gen_blk1_booth.u_mul/u_lane3/img_flat_u8x25[92]
                         LUT3 (Prop_lut3_I2_O)        0.105     2.173 r  u_booth_simd_pipe/u_conv/gen_blk1_mul[0].gen_blk1_booth.u_mul/u_lane3/prod_ext_carry__1_i_9__70/O
                         net (fo=66, unplaced)        0.671     2.844    u_booth_simd_pipe/u_conv/gen_blk1_mul[3].gen_blk1_booth.u_mul/u_lane0/data2_2[3]
                         LUT6 (Prop_lut6_I1_O)        0.105     2.949 r  u_booth_simd_pipe/u_conv/gen_blk1_mul[3].gen_blk1_booth.u_mul/u_lane0/prod_ext_carry__0_i_20__64/O
                         net (fo=3, unplaced)         0.365     3.314    u_booth_simd_pipe/u_conv/gen_blk1_mul[3].gen_blk1_booth.u_mul/u_lane0/ker_flat_s8x9[26][2]
                         LUT5 (Prop_lut5_I3_O)        0.105     3.419 r  u_booth_simd_pipe/u_conv/gen_blk1_mul[3].gen_blk1_booth.u_mul/u_lane0/prod_ext_carry__0_i_3__64/O
                         net (fo=1, unplaced)         0.537     3.956    u_booth_simd_pipe/u_conv/gen_blk1_mul[3].gen_blk1_booth.u_mul/u_lane0/csa2_sum__11[8]
                         CARRY4 (Prop_carry4_DI[1]_O[2])
                                                      0.466     4.422 r  u_booth_simd_pipe/u_conv/gen_blk1_mul[3].gen_blk1_booth.u_mul/u_lane0/prod_ext_carry__0/O[2]
                         net (fo=4, unplaced)         0.608     5.030    u_booth_simd_pipe/u_conv/prod_blk1[3]_23[9]
                         LUT3 (Prop_lut3_I0_O)        0.244     5.274 r  u_booth_simd_pipe/u_conv/conv_blk1_reg[15]_i_15/O
                         net (fo=1, unplaced)         0.537     5.811    u_booth_simd_pipe/u_conv/conv_blk1_reg[15]_i_15_n_0
                         CARRY4 (Prop_carry4_DI[1]_CO[3])
                                                      0.430     6.241 r  u_booth_simd_pipe/u_conv/conv_blk1_reg_reg[15]_i_10/CO[3]
                         net (fo=1, unplaced)         0.000     6.241    u_booth_simd_pipe/u_conv/conv_blk1_reg_reg[15]_i_10_n_0
                         CARRY4 (Prop_carry4_CI_O[0])
                                                      0.189     6.430 r  u_booth_simd_pipe/u_conv/conv_blk1_reg_reg[19]_i_12/O[0]
                         net (fo=3, unplaced)         0.617     7.047    u_booth_simd_pipe/u_conv/conv_blk1_reg_reg[19]_i_12_n_7
                         LUT3 (Prop_lut3_I0_O)        0.238     7.285 r  u_booth_simd_pipe/u_conv/conv_blk1_reg[15]_i_4/O
                         net (fo=1, unplaced)         0.537     7.822    u_booth_simd_pipe/u_conv/conv_blk1_reg[15]_i_4_n_0
                         CARRY4 (Prop_carry4_DI[1]_CO[3])
                                                      0.430     8.252 r  u_booth_simd_pipe/u_conv/conv_blk1_reg_reg[15]_i_1/CO[3]
                         net (fo=1, unplaced)         0.000     8.252    u_booth_simd_pipe/u_conv/conv_blk1_reg_reg[15]_i_1_n_0
                         CARRY4 (Prop_carry4_CI_O[3])
                                                      0.277     8.529 r  u_booth_simd_pipe/u_conv/conv_blk1_reg_reg[19]_i_1/O[3]
                         net (fo=1, unplaced)         0.000     8.529    u_booth_simd_pipe/conv_blk1_s20x4[19]
                         FDCE                                         r  u_booth_simd_pipe/conv_blk1_reg_reg[19]/D
  -------------------------------------------------------------------    -------------------

                         (clock clk rise edge)        5.000     5.000 r  
                                                      0.000     5.000 r  clk (IN)
                         net (fo=0)                   0.000     5.000    clk
                         IBUF (Prop_ibuf_I_O)         0.751     5.751 r  clk_IBUF_inst/O
                         net (fo=1, unplaced)         0.613     6.365    clk_IBUF
                         BUFG (Prop_bufg_I_O)         0.077     6.442 r  clk_IBUF_BUFG_inst/O
                         net (fo=287, unplaced)       0.439     6.881    u_booth_simd_pipe/CLK
                         FDCE                                         r  u_booth_simd_pipe/conv_blk1_reg_reg[19]/C
                         clock pessimism              0.000     6.881    
                         clock uncertainty           -0.035     6.845    
                         FDCE (Setup_fdce_C_D)        0.072     6.917    u_booth_simd_pipe/conv_blk1_reg_reg[19]
  -------------------------------------------------------------------
                         required time                          6.917    
                         arrival time                          -8.529    
  -------------------------------------------------------------------
                         slack                                 -1.611    

Slack (VIOLATED) :        -1.603ns  (required time - arrival time)
  Source:                 img_flat_u8x25[61]
                            (input port clocked by clk  {rise@0.000ns fall@2.500ns period=5.000ns})
  Destination:            u_booth_simd_pipe/conv_blk0_reg_reg[57]/D
                            (rising edge-triggered cell FDCE clocked by clk  {rise@0.000ns fall@2.500ns period=5.000ns})
  Path Group:             clk
  Path Type:              Setup (Max at Slow Process Corner)
  Requirement:            5.000ns  (clk rise@5.000ns - clk rise@0.000ns)
  Data Path Delay:        8.521ns  (logic 3.568ns (41.876%)  route 4.953ns (58.124%))
  Logic Levels:           12  (CARRY4=5 IBUF=1 LUT3=3 LUT5=1 LUT6=2)
  Input Delay:            0.000ns
  Clock Path Skew:        1.881ns (DCD - SCD + CPR)
    Destination Clock Delay (DCD):    1.881ns = ( 6.881 - 5.000 ) 
    Source Clock Delay      (SCD):    0.000ns
    Clock Pessimism Removal (CPR):    0.000ns
  Clock Uncertainty:      0.035ns  ((TSJ^2 + TIJ^2)^1/2 + DJ) / 2 + PE
    Total System Jitter     (TSJ):    0.071ns
    Total Input Jitter      (TIJ):    0.000ns
    Discrete Jitter          (DJ):    0.000ns
    Phase Error              (PE):    0.000ns

    Location             Delay type                Incr(ns)  Path(ns)    Netlist Resource(s)
  -------------------------------------------------------------------    -------------------
                         (clock clk rise edge)        0.000     0.000 r  
                         input delay                  0.000     0.000    
                                                      0.000     0.000 r  img_flat_u8x25[61] (IN)
                         net (fo=0)                   0.000     0.000    img_flat_u8x25[61]
                         IBUF (Prop_ibuf_I_O)         0.882     0.882 r  img_flat_u8x25_IBUF[61]_inst/O
                         net (fo=50, unplaced)        0.646     1.528    u_booth_simd_pipe/u_conv/gen_blk1_mul[1].gen_blk1_booth.u_mul/u_lane0/img_flat_u8x25_IBUF[5]
                         LUT6 (Prop_lut6_I5_O)        0.105     1.633 f  u_booth_simd_pipe/u_conv/gen_blk1_mul[1].gen_blk1_booth.u_mul/u_lane0/prod_ext_carry__0_i_28__61/O
                         net (fo=62, unplaced)        0.435     2.068    u_booth_simd_pipe/u_conv/gen_blk1_mul[1].gen_blk1_booth.u_mul/u_lane0/img_flat_u8x25[60]
                         LUT3 (Prop_lut3_I2_O)        0.105     2.173 r  u_booth_simd_pipe/u_conv/gen_blk1_mul[1].gen_blk1_booth.u_mul/u_lane0/prod_ext_carry__1_i_9__53/O
                         net (fo=66, unplaced)        0.671     2.844    u_booth_simd_pipe/u_conv/gen_blk0_mul[3].gen_blk0_booth.u_mul/u_lane2/data2_1[3]
                         LUT6 (Prop_lut6_I1_O)        0.105     2.949 r  u_booth_simd_pipe/u_conv/gen_blk0_mul[3].gen_blk0_booth.u_mul/u_lane2/prod_ext_carry__0_i_20__22/O
                         net (fo=3, unplaced)         0.365     3.314    u_booth_simd_pipe/u_conv/gen_blk0_mul[3].gen_blk0_booth.u_mul/u_lane2/ker_flat_s8x9[26][2]
                         LUT5 (Prop_lut5_I3_O)        0.105     3.419 r  u_booth_simd_pipe/u_conv/gen_blk0_mul[3].gen_blk0_booth.u_mul/u_lane2/prod_ext_carry__0_i_3__22/O
                         net (fo=1, unplaced)         0.537     3.956    u_booth_simd_pipe/u_conv/gen_blk0_mul[3].gen_blk0_booth.u_mul/u_lane2/csa2_sum__11[8]
                         CARRY4 (Prop_carry4_DI[1]_O[2])
                                                      0.466     4.422 r  u_booth_simd_pipe/u_conv/gen_blk0_mul[3].gen_blk0_booth.u_mul/u_lane2/prod_ext_carry__0/O[2]
                         net (fo=4, unplaced)         0.608     5.030    u_booth_simd_pipe/u_conv/prod_blk0[3]_12[41]
                         LUT3 (Prop_lut3_I0_O)        0.244     5.274 r  u_booth_simd_pipe/u_conv/conv_blk0_reg[55]_i_15/O
                         net (fo=1, unplaced)         0.537     5.811    u_booth_simd_pipe/u_conv/conv_blk0_reg[55]_i_15_n_0
                         CARRY4 (Prop_carry4_DI[1]_CO[3])
                                                      0.430     6.241 r  u_booth_simd_pipe/u_conv/conv_blk0_reg_reg[55]_i_10/CO[3]
                         net (fo=1, unplaced)         0.000     6.241    u_booth_simd_pipe/u_conv/conv_blk0_reg_reg[55]_i_10_n_0
                         CARRY4 (Prop_carry4_CI_O[0])
                                                      0.189     6.430 r  u_booth_simd_pipe/u_conv/conv_blk0_reg_reg[59]_i_12/O[0]
                         net (fo=3, unplaced)         0.617     7.047    u_booth_simd_pipe/u_conv/conv_blk0_reg_reg[59]_i_12_n_7
                         LUT3 (Prop_lut3_I0_O)        0.238     7.285 r  u_booth_simd_pipe/u_conv/conv_blk0_reg[55]_i_4/O
                         net (fo=1, unplaced)         0.537     7.822    u_booth_simd_pipe/u_conv/conv_blk0_reg[55]_i_4_n_0
                         CARRY4 (Prop_carry4_DI[1]_CO[3])
                                                      0.430     8.252 r  u_booth_simd_pipe/u_conv/conv_blk0_reg_reg[55]_i_1/CO[3]
                         net (fo=1, unplaced)         0.000     8.252    u_booth_simd_pipe/u_conv/conv_blk0_reg_reg[55]_i_1_n_0
                         CARRY4 (Prop_carry4_CI_O[1])
                                                      0.269     8.521 r  u_booth_simd_pipe/u_conv/conv_blk0_reg_reg[59]_i_1/O[1]
                         net (fo=1, unplaced)         0.000     8.521    u_booth_simd_pipe/conv_blk0_s20x4[57]
                         FDCE                                         r  u_booth_simd_pipe/conv_blk0_reg_reg[57]/D
  -------------------------------------------------------------------    -------------------

                         (clock clk rise edge)        5.000     5.000 r  
                                                      0.000     5.000 r  clk (IN)
                         net (fo=0)                   0.000     5.000    clk
                         IBUF (Prop_ibuf_I_O)         0.751     5.751 r  clk_IBUF_inst/O
                         net (fo=1, unplaced)         0.613     6.365    clk_IBUF
                         BUFG (Prop_bufg_I_O)         0.077     6.442 r  clk_IBUF_BUFG_inst/O
                         net (fo=287, unplaced)       0.439     6.881    u_booth_simd_pipe/CLK
                         FDCE                                         r  u_booth_simd_pipe/conv_blk0_reg_reg[57]/C
                         clock pessimism              0.000     6.881    
                         clock uncertainty           -0.035     6.845    
                         FDCE (Setup_fdce_C_D)        0.072     6.917    u_booth_simd_pipe/conv_blk0_reg_reg[57]
  -------------------------------------------------------------------
                         required time                          6.917    
                         arrival time                          -8.521    
  -------------------------------------------------------------------
                         slack                                 -1.603    

Slack (VIOLATED) :        -1.603ns  (required time - arrival time)
  Source:                 img_flat_u8x25[93]
                            (input port clocked by clk  {rise@0.000ns fall@2.500ns period=5.000ns})
  Destination:            u_booth_simd_pipe/conv_blk1_reg_reg[17]/D
                            (rising edge-triggered cell FDCE clocked by clk  {rise@0.000ns fall@2.500ns period=5.000ns})
  Path Group:             clk
  Path Type:              Setup (Max at Slow Process Corner)
  Requirement:            5.000ns  (clk rise@5.000ns - clk rise@0.000ns)
  Data Path Delay:        8.521ns  (logic 3.568ns (41.876%)  route 4.953ns (58.124%))
  Logic Levels:           12  (CARRY4=5 IBUF=1 LUT3=3 LUT5=1 LUT6=2)
  Input Delay:            0.000ns
  Clock Path Skew:        1.881ns (DCD - SCD + CPR)
    Destination Clock Delay (DCD):    1.881ns = ( 6.881 - 5.000 ) 
    Source Clock Delay      (SCD):    0.000ns
    Clock Pessimism Removal (CPR):    0.000ns
  Clock Uncertainty:      0.035ns  ((TSJ^2 + TIJ^2)^1/2 + DJ) / 2 + PE
    Total System Jitter     (TSJ):    0.071ns
    Total Input Jitter      (TIJ):    0.000ns
    Discrete Jitter          (DJ):    0.000ns
    Phase Error              (PE):    0.000ns

    Location             Delay type                Incr(ns)  Path(ns)    Netlist Resource(s)
  -------------------------------------------------------------------    -------------------
                         (clock clk rise edge)        0.000     0.000 r  
                         input delay                  0.000     0.000    
                                                      0.000     0.000 r  img_flat_u8x25[93] (IN)
                         net (fo=0)                   0.000     0.000    img_flat_u8x25[93]
                         IBUF (Prop_ibuf_I_O)         0.882     0.882 r  img_flat_u8x25_IBUF[93]_inst/O
                         net (fo=50, unplaced)        0.646     1.528    u_booth_simd_pipe/u_conv/gen_blk1_mul[0].gen_blk1_booth.u_mul/u_lane3/img_flat_u8x25_IBUF[5]
                         LUT6 (Prop_lut6_I5_O)        0.105     1.633 f  u_booth_simd_pipe/u_conv/gen_blk1_mul[0].gen_blk1_booth.u_mul/u_lane3/prod_ext_carry__0_i_28__70/O
                         net (fo=62, unplaced)        0.435     2.068    u_booth_simd_pipe/u_conv/gen_blk1_mul[0].gen_blk1_booth.u_mul/u_lane3/img_flat_u8x25[92]
                         LUT3 (Prop_lut3_I2_O)        0.105     2.173 r  u_booth_simd_pipe/u_conv/gen_blk1_mul[0].gen_blk1_booth.u_mul/u_lane3/prod_ext_carry__1_i_9__70/O
                         net (fo=66, unplaced)        0.671     2.844    u_booth_simd_pipe/u_conv/gen_blk1_mul[3].gen_blk1_booth.u_mul/u_lane0/data2_2[3]
                         LUT6 (Prop_lut6_I1_O)        0.105     2.949 r  u_booth_simd_pipe/u_conv/gen_blk1_mul[3].gen_blk1_booth.u_mul/u_lane0/prod_ext_carry__0_i_20__64/O
                         net (fo=3, unplaced)         0.365     3.314    u_booth_simd_pipe/u_conv/gen_blk1_mul[3].gen_blk1_booth.u_mul/u_lane0/ker_flat_s8x9[26][2]
                         LUT5 (Prop_lut5_I3_O)        0.105     3.419 r  u_booth_simd_pipe/u_conv/gen_blk1_mul[3].gen_blk1_booth.u_mul/u_lane0/prod_ext_carry__0_i_3__64/O
                         net (fo=1, unplaced)         0.537     3.956    u_booth_simd_pipe/u_conv/gen_blk1_mul[3].gen_blk1_booth.u_mul/u_lane0/csa2_sum__11[8]
                         CARRY4 (Prop_carry4_DI[1]_O[2])
                                                      0.466     4.422 r  u_booth_simd_pipe/u_conv/gen_blk1_mul[3].gen_blk1_booth.u_mul/u_lane0/prod_ext_carry__0/O[2]
                         net (fo=4, unplaced)         0.608     5.030    u_booth_simd_pipe/u_conv/prod_blk1[3]_23[9]
                         LUT3 (Prop_lut3_I0_O)        0.244     5.274 r  u_booth_simd_pipe/u_conv/conv_blk1_reg[15]_i_15/O
                         net (fo=1, unplaced)         0.537     5.811    u_booth_simd_pipe/u_conv/conv_blk1_reg[15]_i_15_n_0
                         CARRY4 (Prop_carry4_DI[1]_CO[3])
                                                      0.430     6.241 r  u_booth_simd_pipe/u_conv/conv_blk1_reg_reg[15]_i_10/CO[3]
                         net (fo=1, unplaced)         0.000     6.241    u_booth_simd_pipe/u_conv/conv_blk1_reg_reg[15]_i_10_n_0
                         CARRY4 (Prop_carry4_CI_O[0])
                                                      0.189     6.430 r  u_booth_simd_pipe/u_conv/conv_blk1_reg_reg[19]_i_12/O[0]
                         net (fo=3, unplaced)         0.617     7.047    u_booth_simd_pipe/u_conv/conv_blk1_reg_reg[19]_i_12_n_7
                         LUT3 (Prop_lut3_I0_O)        0.238     7.285 r  u_booth_simd_pipe/u_conv/conv_blk1_reg[15]_i_4/O
                         net (fo=1, unplaced)         0.537     7.822    u_booth_simd_pipe/u_conv/conv_blk1_reg[15]_i_4_n_0
                         CARRY4 (Prop_carry4_DI[1]_CO[3])
                                                      0.430     8.252 r  u_booth_simd_pipe/u_conv/conv_blk1_reg_reg[15]_i_1/CO[3]
                         net (fo=1, unplaced)         0.000     8.252    u_booth_simd_pipe/u_conv/conv_blk1_reg_reg[15]_i_1_n_0
                         CARRY4 (Prop_carry4_CI_O[1])
                                                      0.269     8.521 r  u_booth_simd_pipe/u_conv/conv_blk1_reg_reg[19]_i_1/O[1]
                         net (fo=1, unplaced)         0.000     8.521    u_booth_simd_pipe/conv_blk1_s20x4[17]
                         FDCE                                         r  u_booth_simd_pipe/conv_blk1_reg_reg[17]/D
  -------------------------------------------------------------------    -------------------

                         (clock clk rise edge)        5.000     5.000 r  
                                                      0.000     5.000 r  clk (IN)
                         net (fo=0)                   0.000     5.000    clk
                         IBUF (Prop_ibuf_I_O)         0.751     5.751 r  clk_IBUF_inst/O
                         net (fo=1, unplaced)         0.613     6.365    clk_IBUF
                         BUFG (Prop_bufg_I_O)         0.077     6.442 r  clk_IBUF_BUFG_inst/O
                         net (fo=287, unplaced)       0.439     6.881    u_booth_simd_pipe/CLK
                         FDCE                                         r  u_booth_simd_pipe/conv_blk1_reg_reg[17]/C
                         clock pessimism              0.000     6.881    
                         clock uncertainty           -0.035     6.845    
                         FDCE (Setup_fdce_C_D)        0.072     6.917    u_booth_simd_pipe/conv_blk1_reg_reg[17]
  -------------------------------------------------------------------
                         required time                          6.917    
                         arrival time                          -8.521    
  -------------------------------------------------------------------
                         slack                                 -1.603    

Slack (VIOLATED) :        -1.591ns  (required time - arrival time)
  Source:                 img_flat_u8x25[53]
                            (input port clocked by clk  {rise@0.000ns fall@2.500ns period=5.000ns})
  Destination:            u_booth_simd_pipe/conv_blk0_reg_reg[39]/D
                            (rising edge-triggered cell FDCE clocked by clk  {rise@0.000ns fall@2.500ns period=5.000ns})
  Path Group:             clk
  Path Type:              Setup (Max at Slow Process Corner)
  Requirement:            5.000ns  (clk rise@5.000ns - clk rise@0.000ns)
  Data Path Delay:        8.509ns  (logic 3.576ns (42.029%)  route 4.933ns (57.971%))
  Logic Levels:           12  (CARRY4=5 IBUF=1 LUT3=3 LUT5=1 LUT6=2)
  Input Delay:            0.000ns
  Clock Path Skew:        1.881ns (DCD - SCD + CPR)
    Destination Clock Delay (DCD):    1.881ns = ( 6.881 - 5.000 ) 
    Source Clock Delay      (SCD):    0.000ns
    Clock Pessimism Removal (CPR):    0.000ns
  Clock Uncertainty:      0.035ns  ((TSJ^2 + TIJ^2)^1/2 + DJ) / 2 + PE
    Total System Jitter     (TSJ):    0.071ns
    Total Input Jitter      (TIJ):    0.000ns
    Discrete Jitter          (DJ):    0.000ns
    Phase Error              (PE):    0.000ns

    Location             Delay type                Incr(ns)  Path(ns)    Netlist Resource(s)
  -------------------------------------------------------------------    -------------------
                         (clock clk rise edge)        0.000     0.000 r  
                         input delay                  0.000     0.000    
                                                      0.000     0.000 r  img_flat_u8x25[53] (IN)
                         net (fo=0)                   0.000     0.000    img_flat_u8x25[53]
                         IBUF (Prop_ibuf_I_O)         0.882     0.882 r  img_flat_u8x25_IBUF[53]_inst/O
                         net (fo=34, unplaced)        0.646     1.528    u_booth_simd_pipe/u_conv/gen_blk0_mul[4].gen_blk0_booth.u_mul/u_lane0/img_flat_u8x25_IBUF[5]
                         LUT6 (Prop_lut6_I5_O)        0.105     1.633 f  u_booth_simd_pipe/u_conv/gen_blk0_mul[4].gen_blk0_booth.u_mul/u_lane0/prod_ext_carry__0_i_28__69/O
                         net (fo=42, unplaced)        0.425     2.058    u_booth_simd_pipe/u_conv/gen_blk0_mul[4].gen_blk0_booth.u_mul/u_lane0/img_flat_u8x25[52]
                         LUT3 (Prop_lut3_I2_O)        0.105     2.163 r  u_booth_simd_pipe/u_conv/gen_blk0_mul[4].gen_blk0_booth.u_mul/u_lane0/prod_ext_carry__1_i_9__69/O
                         net (fo=44, unplaced)        0.661     2.824    u_booth_simd_pipe/u_conv/gen_blk0_mul[3].gen_blk0_booth.u_mul/u_lane1/data2_0[3]
                         LUT6 (Prop_lut6_I1_O)        0.105     2.929 r  u_booth_simd_pipe/u_conv/gen_blk0_mul[3].gen_blk0_booth.u_mul/u_lane1/prod_ext_carry__0_i_20__23/O
                         net (fo=3, unplaced)         0.365     3.294    u_booth_simd_pipe/u_conv/gen_blk0_mul[3].gen_blk0_booth.u_mul/u_lane1/ker_flat_s8x9[26][2]
                         LUT5 (Prop_lut5_I3_O)        0.105     3.399 r  u_booth_simd_pipe/u_conv/gen_blk0_mul[3].gen_blk0_booth.u_mul/u_lane1/prod_ext_carry__0_i_3__23/O
                         net (fo=1, unplaced)         0.537     3.936    u_booth_simd_pipe/u_conv/gen_blk0_mul[3].gen_blk0_booth.u_mul/u_lane1/csa2_sum__11[8]
                         CARRY4 (Prop_carry4_DI[1]_O[2])
                                                      0.466     4.402 r  u_booth_simd_pipe/u_conv/gen_blk0_mul[3].gen_blk0_booth.u_mul/u_lane1/prod_ext_carry__0/O[2]
                         net (fo=4, unplaced)         0.608     5.010    u_booth_simd_pipe/u_conv/prod_blk0[3]_12[25]
                         LUT3 (Prop_lut3_I0_O)        0.244     5.254 r  u_booth_simd_pipe/u_conv/conv_blk0_reg[35]_i_15/O
                         net (fo=1, unplaced)         0.537     5.791    u_booth_simd_pipe/u_conv/conv_blk0_reg[35]_i_15_n_0
                         CARRY4 (Prop_carry4_DI[1]_CO[3])
                                                      0.430     6.221 r  u_booth_simd_pipe/u_conv/conv_blk0_reg_reg[35]_i_10/CO[3]
                         net (fo=1, unplaced)         0.000     6.221    u_booth_simd_pipe/u_conv/conv_blk0_reg_reg[35]_i_10_n_0
                         CARRY4 (Prop_carry4_CI_O[0])
                                                      0.189     6.410 r  u_booth_simd_pipe/u_conv/conv_blk0_reg_reg[39]_i_12/O[0]
                         net (fo=3, unplaced)         0.617     7.027    u_booth_simd_pipe/u_conv/conv_blk0_reg_reg[39]_i_12_n_7
                         LUT3 (Prop_lut3_I0_O)        0.238     7.265 r  u_booth_simd_pipe/u_conv/conv_blk0_reg[35]_i_4/O
                         net (fo=1, unplaced)         0.537     7.802    u_booth_simd_pipe/u_conv/conv_blk0_reg[35]_i_4_n_0
                         CARRY4 (Prop_carry4_DI[1]_CO[3])
                                                      0.430     8.232 r  u_booth_simd_pipe/u_conv/conv_blk0_reg_reg[35]_i_1/CO[3]
                         net (fo=1, unplaced)         0.000     8.232    u_booth_simd_pipe/u_conv/conv_blk0_reg_reg[35]_i_1_n_0
                         CARRY4 (Prop_carry4_CI_O[3])
                                                      0.277     8.509 r  u_booth_simd_pipe/u_conv/conv_blk0_reg_reg[39]_i_1/O[3]
                         net (fo=1, unplaced)         0.000     8.509    u_booth_simd_pipe/conv_blk0_s20x4[39]
                         FDCE                                         r  u_booth_simd_pipe/conv_blk0_reg_reg[39]/D
  -------------------------------------------------------------------    -------------------

                         (clock clk rise edge)        5.000     5.000 r  
                                                      0.000     5.000 r  clk (IN)
                         net (fo=0)                   0.000     5.000    clk
                         IBUF (Prop_ibuf_I_O)         0.751     5.751 r  clk_IBUF_inst/O
                         net (fo=1, unplaced)         0.613     6.365    clk_IBUF
                         BUFG (Prop_bufg_I_O)         0.077     6.442 r  clk_IBUF_BUFG_inst/O
                         net (fo=287, unplaced)       0.439     6.881    u_booth_simd_pipe/CLK
                         FDCE                                         r  u_booth_simd_pipe/conv_blk0_reg_reg[39]/C
                         clock pessimism              0.000     6.881    
                         clock uncertainty           -0.035     6.845    
                         FDCE (Setup_fdce_C_D)        0.072     6.917    u_booth_simd_pipe/conv_blk0_reg_reg[39]
  -------------------------------------------------------------------
                         required time                          6.917    
                         arrival time                          -8.509    
  -------------------------------------------------------------------
                         slack                                 -1.591    

Slack (VIOLATED) :        -1.591ns  (required time - arrival time)
  Source:                 img_flat_u8x25[133]
                            (input port clocked by clk  {rise@0.000ns fall@2.500ns period=5.000ns})
  Destination:            u_booth_simd_pipe/conv_blk1_reg_reg[79]/D
                            (rising edge-triggered cell FDCE clocked by clk  {rise@0.000ns fall@2.500ns period=5.000ns})
  Path Group:             clk
  Path Type:              Setup (Max at Slow Process Corner)
  Requirement:            5.000ns  (clk rise@5.000ns - clk rise@0.000ns)
  Data Path Delay:        8.509ns  (logic 3.576ns (42.029%)  route 4.933ns (57.971%))
  Logic Levels:           12  (CARRY4=5 IBUF=1 LUT3=3 LUT5=1 LUT6=2)
  Input Delay:            0.000ns
  Clock Path Skew:        1.881ns (DCD - SCD + CPR)
    Destination Clock Delay (DCD):    1.881ns = ( 6.881 - 5.000 ) 
    Source Clock Delay      (SCD):    0.000ns
    Clock Pessimism Removal (CPR):    0.000ns
  Clock Uncertainty:      0.035ns  ((TSJ^2 + TIJ^2)^1/2 + DJ) / 2 + PE
    Total System Jitter     (TSJ):    0.071ns
    Total Input Jitter      (TIJ):    0.000ns
    Discrete Jitter          (DJ):    0.000ns
    Phase Error              (PE):    0.000ns

    Location             Delay type                Incr(ns)  Path(ns)    Netlist Resource(s)
  -------------------------------------------------------------------    -------------------
                         (clock clk rise edge)        0.000     0.000 r  
                         input delay                  0.000     0.000    
                                                      0.000     0.000 r  img_flat_u8x25[133] (IN)
                         net (fo=0)                   0.000     0.000    img_flat_u8x25[133]
                         IBUF (Prop_ibuf_I_O)         0.882     0.882 r  img_flat_u8x25_IBUF[133]_inst/O
                         net (fo=34, unplaced)        0.646     1.528    u_booth_simd_pipe/u_conv/gen_blk1_mul[3].gen_blk1_booth.u_mul/u_lane3/img_flat_u8x25_IBUF[5]
                         LUT6 (Prop_lut6_I5_O)        0.105     1.633 f  u_booth_simd_pipe/u_conv/gen_blk1_mul[3].gen_blk1_booth.u_mul/u_lane3/prod_ext_carry__0_i_28__71/O
                         net (fo=42, unplaced)        0.425     2.058    u_booth_simd_pipe/u_conv/gen_blk1_mul[3].gen_blk1_booth.u_mul/u_lane3/img_flat_u8x25[132]
                         LUT3 (Prop_lut3_I2_O)        0.105     2.163 r  u_booth_simd_pipe/u_conv/gen_blk1_mul[3].gen_blk1_booth.u_mul/u_lane3/prod_ext_carry__1_i_9__71/O
                         net (fo=44, unplaced)        0.661     2.824    u_booth_simd_pipe/u_conv/gen_blk1_mul[3].gen_blk1_booth.u_mul/u_lane3/img_flat_u8x25[135]
                         LUT6 (Prop_lut6_I1_O)        0.105     2.929 r  u_booth_simd_pipe/u_conv/gen_blk1_mul[3].gen_blk1_booth.u_mul/u_lane3/prod_ext_carry__0_i_20__65/O
                         net (fo=3, unplaced)         0.365     3.294    u_booth_simd_pipe/u_conv/gen_blk1_mul[3].gen_blk1_booth.u_mul/u_lane3/ker_flat_s8x9[26][2]
                         LUT5 (Prop_lut5_I3_O)        0.105     3.399 r  u_booth_simd_pipe/u_conv/gen_blk1_mul[3].gen_blk1_booth.u_mul/u_lane3/prod_ext_carry__0_i_3__65/O
                         net (fo=1, unplaced)         0.537     3.936    u_booth_simd_pipe/u_conv/gen_blk1_mul[3].gen_blk1_booth.u_mul/u_lane3/csa2_sum__11[8]
                         CARRY4 (Prop_carry4_DI[1]_O[2])
                                                      0.466     4.402 r  u_booth_simd_pipe/u_conv/gen_blk1_mul[3].gen_blk1_booth.u_mul/u_lane3/prod_ext_carry__0/O[2]
                         net (fo=4, unplaced)         0.608     5.010    u_booth_simd_pipe/u_conv/prod_blk1[3]_23[57]
                         LUT3 (Prop_lut3_I0_O)        0.244     5.254 r  u_booth_simd_pipe/u_conv/conv_blk1_reg[75]_i_15/O
                         net (fo=1, unplaced)         0.537     5.791    u_booth_simd_pipe/u_conv/conv_blk1_reg[75]_i_15_n_0
                         CARRY4 (Prop_carry4_DI[1]_CO[3])
                                                      0.430     6.221 r  u_booth_simd_pipe/u_conv/conv_blk1_reg_reg[75]_i_10/CO[3]
                         net (fo=1, unplaced)         0.000     6.221    u_booth_simd_pipe/u_conv/conv_blk1_reg_reg[75]_i_10_n_0
                         CARRY4 (Prop_carry4_CI_O[0])
                                                      0.189     6.410 r  u_booth_simd_pipe/u_conv/conv_blk1_reg_reg[79]_i_12/O[0]
                         net (fo=3, unplaced)         0.617     7.027    u_booth_simd_pipe/u_conv/conv_blk1_reg_reg[79]_i_12_n_7
                         LUT3 (Prop_lut3_I0_O)        0.238     7.265 r  u_booth_simd_pipe/u_conv/conv_blk1_reg[75]_i_4/O
                         net (fo=1, unplaced)         0.537     7.802    u_booth_simd_pipe/u_conv/conv_blk1_reg[75]_i_4_n_0
                         CARRY4 (Prop_carry4_DI[1]_CO[3])
                                                      0.430     8.232 r  u_booth_simd_pipe/u_conv/conv_blk1_reg_reg[75]_i_1/CO[3]
                         net (fo=1, unplaced)         0.000     8.232    u_booth_simd_pipe/u_conv/conv_blk1_reg_reg[75]_i_1_n_0
                         CARRY4 (Prop_carry4_CI_O[3])
                                                      0.277     8.509 r  u_booth_simd_pipe/u_conv/conv_blk1_reg_reg[79]_i_1/O[3]
                         net (fo=1, unplaced)         0.000     8.509    u_booth_simd_pipe/conv_blk1_s20x4[79]
                         FDCE                                         r  u_booth_simd_pipe/conv_blk1_reg_reg[79]/D
  -------------------------------------------------------------------    -------------------

                         (clock clk rise edge)        5.000     5.000 r  
                                                      0.000     5.000 r  clk (IN)
                         net (fo=0)                   0.000     5.000    clk
                         IBUF (Prop_ibuf_I_O)         0.751     5.751 r  clk_IBUF_inst/O
                         net (fo=1, unplaced)         0.613     6.365    clk_IBUF
                         BUFG (Prop_bufg_I_O)         0.077     6.442 r  clk_IBUF_BUFG_inst/O
                         net (fo=287, unplaced)       0.439     6.881    u_booth_simd_pipe/CLK
                         FDCE                                         r  u_booth_simd_pipe/conv_blk1_reg_reg[79]/C
                         clock pessimism              0.000     6.881    
                         clock uncertainty           -0.035     6.845    
                         FDCE (Setup_fdce_C_D)        0.072     6.917    u_booth_simd_pipe/conv_blk1_reg_reg[79]
  -------------------------------------------------------------------
                         required time                          6.917    
                         arrival time                          -8.509    
  -------------------------------------------------------------------
                         slack                                 -1.591    

Slack (VIOLATED) :        -1.583ns  (required time - arrival time)
  Source:                 img_flat_u8x25[53]
                            (input port clocked by clk  {rise@0.000ns fall@2.500ns period=5.000ns})
  Destination:            u_booth_simd_pipe/conv_blk0_reg_reg[37]/D
                            (rising edge-triggered cell FDCE clocked by clk  {rise@0.000ns fall@2.500ns period=5.000ns})
  Path Group:             clk
  Path Type:              Setup (Max at Slow Process Corner)
  Requirement:            5.000ns  (clk rise@5.000ns - clk rise@0.000ns)
  Data Path Delay:        8.501ns  (logic 3.568ns (41.975%)  route 4.933ns (58.025%))
  Logic Levels:           12  (CARRY4=5 IBUF=1 LUT3=3 LUT5=1 LUT6=2)
  Input Delay:            0.000ns
  Clock Path Skew:        1.881ns (DCD - SCD + CPR)
    Destination Clock Delay (DCD):    1.881ns = ( 6.881 - 5.000 ) 
    Source Clock Delay      (SCD):    0.000ns
    Clock Pessimism Removal (CPR):    0.000ns
  Clock Uncertainty:      0.035ns  ((TSJ^2 + TIJ^2)^1/2 + DJ) / 2 + PE
    Total System Jitter     (TSJ):    0.071ns
    Total Input Jitter      (TIJ):    0.000ns
    Discrete Jitter          (DJ):    0.000ns
    Phase Error              (PE):    0.000ns

    Location             Delay type                Incr(ns)  Path(ns)    Netlist Resource(s)
  -------------------------------------------------------------------    -------------------
                         (clock clk rise edge)        0.000     0.000 r  
                         input delay                  0.000     0.000    
                                                      0.000     0.000 r  img_flat_u8x25[53] (IN)
                         net (fo=0)                   0.000     0.000    img_flat_u8x25[53]
                         IBUF (Prop_ibuf_I_O)         0.882     0.882 r  img_flat_u8x25_IBUF[53]_inst/O
                         net (fo=34, unplaced)        0.646     1.528    u_booth_simd_pipe/u_conv/gen_blk0_mul[4].gen_blk0_booth.u_mul/u_lane0/img_flat_u8x25_IBUF[5]
                         LUT6 (Prop_lut6_I5_O)        0.105     1.633 f  u_booth_simd_pipe/u_conv/gen_blk0_mul[4].gen_blk0_booth.u_mul/u_lane0/prod_ext_carry__0_i_28__69/O
                         net (fo=42, unplaced)        0.425     2.058    u_booth_simd_pipe/u_conv/gen_blk0_mul[4].gen_blk0_booth.u_mul/u_lane0/img_flat_u8x25[52]
                         LUT3 (Prop_lut3_I2_O)        0.105     2.163 r  u_booth_simd_pipe/u_conv/gen_blk0_mul[4].gen_blk0_booth.u_mul/u_lane0/prod_ext_carry__1_i_9__69/O
                         net (fo=44, unplaced)        0.661     2.824    u_booth_simd_pipe/u_conv/gen_blk0_mul[3].gen_blk0_booth.u_mul/u_lane1/data2_0[3]
                         LUT6 (Prop_lut6_I1_O)        0.105     2.929 r  u_booth_simd_pipe/u_conv/gen_blk0_mul[3].gen_blk0_booth.u_mul/u_lane1/prod_ext_carry__0_i_20__23/O
                         net (fo=3, unplaced)         0.365     3.294    u_booth_simd_pipe/u_conv/gen_blk0_mul[3].gen_blk0_booth.u_mul/u_lane1/ker_flat_s8x9[26][2]
                         LUT5 (Prop_lut5_I3_O)        0.105     3.399 r  u_booth_simd_pipe/u_conv/gen_blk0_mul[3].gen_blk0_booth.u_mul/u_lane1/prod_ext_carry__0_i_3__23/O
                         net (fo=1, unplaced)         0.537     3.936    u_booth_simd_pipe/u_conv/gen_blk0_mul[3].gen_blk0_booth.u_mul/u_lane1/csa2_sum__11[8]
                         CARRY4 (Prop_carry4_DI[1]_O[2])
                                                      0.466     4.402 r  u_booth_simd_pipe/u_conv/gen_blk0_mul[3].gen_blk0_booth.u_mul/u_lane1/prod_ext_carry__0/O[2]
                         net (fo=4, unplaced)         0.608     5.010    u_booth_simd_pipe/u_conv/prod_blk0[3]_12[25]
                         LUT3 (Prop_lut3_I0_O)        0.244     5.254 r  u_booth_simd_pipe/u_conv/conv_blk0_reg[35]_i_15/O
                         net (fo=1, unplaced)         0.537     5.791    u_booth_simd_pipe/u_conv/conv_blk0_reg[35]_i_15_n_0
                         CARRY4 (Prop_carry4_DI[1]_CO[3])
                                                      0.430     6.221 r  u_booth_simd_pipe/u_conv/conv_blk0_reg_reg[35]_i_10/CO[3]
                         net (fo=1, unplaced)         0.000     6.221    u_booth_simd_pipe/u_conv/conv_blk0_reg_reg[35]_i_10_n_0
                         CARRY4 (Prop_carry4_CI_O[0])
                                                      0.189     6.410 r  u_booth_simd_pipe/u_conv/conv_blk0_reg_reg[39]_i_12/O[0]
                         net (fo=3, unplaced)         0.617     7.027    u_booth_simd_pipe/u_conv/conv_blk0_reg_reg[39]_i_12_n_7
                         LUT3 (Prop_lut3_I0_O)        0.238     7.265 r  u_booth_simd_pipe/u_conv/conv_blk0_reg[35]_i_4/O
                         net (fo=1, unplaced)         0.537     7.802    u_booth_simd_pipe/u_conv/conv_blk0_reg[35]_i_4_n_0
                         CARRY4 (Prop_carry4_DI[1]_CO[3])
                                                      0.430     8.232 r  u_booth_simd_pipe/u_conv/conv_blk0_reg_reg[35]_i_1/CO[3]
                         net (fo=1, unplaced)         0.000     8.232    u_booth_simd_pipe/u_conv/conv_blk0_reg_reg[35]_i_1_n_0
                         CARRY4 (Prop_carry4_CI_O[1])
                                                      0.269     8.501 r  u_booth_simd_pipe/u_conv/conv_blk0_reg_reg[39]_i_1/O[1]
                         net (fo=1, unplaced)         0.000     8.501    u_booth_simd_pipe/conv_blk0_s20x4[37]
                         FDCE                                         r  u_booth_simd_pipe/conv_blk0_reg_reg[37]/D
  -------------------------------------------------------------------    -------------------

                         (clock clk rise edge)        5.000     5.000 r  
                                                      0.000     5.000 r  clk (IN)
                         net (fo=0)                   0.000     5.000    clk
                         IBUF (Prop_ibuf_I_O)         0.751     5.751 r  clk_IBUF_inst/O
                         net (fo=1, unplaced)         0.613     6.365    clk_IBUF
                         BUFG (Prop_bufg_I_O)         0.077     6.442 r  clk_IBUF_BUFG_inst/O
                         net (fo=287, unplaced)       0.439     6.881    u_booth_simd_pipe/CLK
                         FDCE                                         r  u_booth_simd_pipe/conv_blk0_reg_reg[37]/C
                         clock pessimism              0.000     6.881    
                         clock uncertainty           -0.035     6.845    
                         FDCE (Setup_fdce_C_D)        0.072     6.917    u_booth_simd_pipe/conv_blk0_reg_reg[37]
  -------------------------------------------------------------------
                         required time                          6.917    
                         arrival time                          -8.501    
  -------------------------------------------------------------------
                         slack                                 -1.583    

Slack (VIOLATED) :        -1.583ns  (required time - arrival time)
  Source:                 img_flat_u8x25[133]
                            (input port clocked by clk  {rise@0.000ns fall@2.500ns period=5.000ns})
  Destination:            u_booth_simd_pipe/conv_blk1_reg_reg[77]/D
                            (rising edge-triggered cell FDCE clocked by clk  {rise@0.000ns fall@2.500ns period=5.000ns})
  Path Group:             clk
  Path Type:              Setup (Max at Slow Process Corner)
  Requirement:            5.000ns  (clk rise@5.000ns - clk rise@0.000ns)
  Data Path Delay:        8.501ns  (logic 3.568ns (41.975%)  route 4.933ns (58.025%))
  Logic Levels:           12  (CARRY4=5 IBUF=1 LUT3=3 LUT5=1 LUT6=2)
  Input Delay:            0.000ns
  Clock Path Skew:        1.881ns (DCD - SCD + CPR)
    Destination Clock Delay (DCD):    1.881ns = ( 6.881 - 5.000 ) 
    Source Clock Delay      (SCD):    0.000ns
    Clock Pessimism Removal (CPR):    0.000ns
  Clock Uncertainty:      0.035ns  ((TSJ^2 + TIJ^2)^1/2 + DJ) / 2 + PE
    Total System Jitter     (TSJ):    0.071ns
    Total Input Jitter      (TIJ):    0.000ns
    Discrete Jitter          (DJ):    0.000ns
    Phase Error              (PE):    0.000ns

    Location             Delay type                Incr(ns)  Path(ns)    Netlist Resource(s)
  -------------------------------------------------------------------    -------------------
                         (clock clk rise edge)        0.000     0.000 r  
                         input delay                  0.000     0.000    
                                                      0.000     0.000 r  img_flat_u8x25[133] (IN)
                         net (fo=0)                   0.000     0.000    img_flat_u8x25[133]
                         IBUF (Prop_ibuf_I_O)         0.882     0.882 r  img_flat_u8x25_IBUF[133]_inst/O
                         net (fo=34, unplaced)        0.646     1.528    u_booth_simd_pipe/u_conv/gen_blk1_mul[3].gen_blk1_booth.u_mul/u_lane3/img_flat_u8x25_IBUF[5]
                         LUT6 (Prop_lut6_I5_O)        0.105     1.633 f  u_booth_simd_pipe/u_conv/gen_blk1_mul[3].gen_blk1_booth.u_mul/u_lane3/prod_ext_carry__0_i_28__71/O
                         net (fo=42, unplaced)        0.425     2.058    u_booth_simd_pipe/u_conv/gen_blk1_mul[3].gen_blk1_booth.u_mul/u_lane3/img_flat_u8x25[132]
                         LUT3 (Prop_lut3_I2_O)        0.105     2.163 r  u_booth_simd_pipe/u_conv/gen_blk1_mul[3].gen_blk1_booth.u_mul/u_lane3/prod_ext_carry__1_i_9__71/O
                         net (fo=44, unplaced)        0.661     2.824    u_booth_simd_pipe/u_conv/gen_blk1_mul[3].gen_blk1_booth.u_mul/u_lane3/img_flat_u8x25[135]
                         LUT6 (Prop_lut6_I1_O)        0.105     2.929 r  u_booth_simd_pipe/u_conv/gen_blk1_mul[3].gen_blk1_booth.u_mul/u_lane3/prod_ext_carry__0_i_20__65/O
                         net (fo=3, unplaced)         0.365     3.294    u_booth_simd_pipe/u_conv/gen_blk1_mul[3].gen_blk1_booth.u_mul/u_lane3/ker_flat_s8x9[26][2]
                         LUT5 (Prop_lut5_I3_O)        0.105     3.399 r  u_booth_simd_pipe/u_conv/gen_blk1_mul[3].gen_blk1_booth.u_mul/u_lane3/prod_ext_carry__0_i_3__65/O
                         net (fo=1, unplaced)         0.537     3.936    u_booth_simd_pipe/u_conv/gen_blk1_mul[3].gen_blk1_booth.u_mul/u_lane3/csa2_sum__11[8]
                         CARRY4 (Prop_carry4_DI[1]_O[2])
                                                      0.466     4.402 r  u_booth_simd_pipe/u_conv/gen_blk1_mul[3].gen_blk1_booth.u_mul/u_lane3/prod_ext_carry__0/O[2]
                         net (fo=4, unplaced)         0.608     5.010    u_booth_simd_pipe/u_conv/prod_blk1[3]_23[57]
                         LUT3 (Prop_lut3_I0_O)        0.244     5.254 r  u_booth_simd_pipe/u_conv/conv_blk1_reg[75]_i_15/O
                         net (fo=1, unplaced)         0.537     5.791    u_booth_simd_pipe/u_conv/conv_blk1_reg[75]_i_15_n_0
                         CARRY4 (Prop_carry4_DI[1]_CO[3])
                                                      0.430     6.221 r  u_booth_simd_pipe/u_conv/conv_blk1_reg_reg[75]_i_10/CO[3]
                         net (fo=1, unplaced)         0.000     6.221    u_booth_simd_pipe/u_conv/conv_blk1_reg_reg[75]_i_10_n_0
                         CARRY4 (Prop_carry4_CI_O[0])
                                                      0.189     6.410 r  u_booth_simd_pipe/u_conv/conv_blk1_reg_reg[79]_i_12/O[0]
                         net (fo=3, unplaced)         0.617     7.027    u_booth_simd_pipe/u_conv/conv_blk1_reg_reg[79]_i_12_n_7
                         LUT3 (Prop_lut3_I0_O)        0.238     7.265 r  u_booth_simd_pipe/u_conv/conv_blk1_reg[75]_i_4/O
                         net (fo=1, unplaced)         0.537     7.802    u_booth_simd_pipe/u_conv/conv_blk1_reg[75]_i_4_n_0
                         CARRY4 (Prop_carry4_DI[1]_CO[3])
                                                      0.430     8.232 r  u_booth_simd_pipe/u_conv/conv_blk1_reg_reg[75]_i_1/CO[3]
                         net (fo=1, unplaced)         0.000     8.232    u_booth_simd_pipe/u_conv/conv_blk1_reg_reg[75]_i_1_n_0
                         CARRY4 (Prop_carry4_CI_O[1])
                                                      0.269     8.501 r  u_booth_simd_pipe/u_conv/conv_blk1_reg_reg[79]_i_1/O[1]
                         net (fo=1, unplaced)         0.000     8.501    u_booth_simd_pipe/conv_blk1_s20x4[77]
                         FDCE                                         r  u_booth_simd_pipe/conv_blk1_reg_reg[77]/D
  -------------------------------------------------------------------    -------------------

                         (clock clk rise edge)        5.000     5.000 r  
                                                      0.000     5.000 r  clk (IN)
                         net (fo=0)                   0.000     5.000    clk
                         IBUF (Prop_ibuf_I_O)         0.751     5.751 r  clk_IBUF_inst/O
                         net (fo=1, unplaced)         0.613     6.365    clk_IBUF
                         BUFG (Prop_bufg_I_O)         0.077     6.442 r  clk_IBUF_BUFG_inst/O
                         net (fo=287, unplaced)       0.439     6.881    u_booth_simd_pipe/CLK
                         FDCE                                         r  u_booth_simd_pipe/conv_blk1_reg_reg[77]/C
                         clock pessimism              0.000     6.881    
                         clock uncertainty           -0.035     6.845    
                         FDCE (Setup_fdce_C_D)        0.072     6.917    u_booth_simd_pipe/conv_blk1_reg_reg[77]
  -------------------------------------------------------------------
                         required time                          6.917    
                         arrival time                          -8.501    
  -------------------------------------------------------------------
                         slack                                 -1.583    





Pulse Width Checks
--------------------------------------------------------------------------------------
Clock Name:         clk
Waveform(ns):       { 0.000 2.500 }
Period(ns):         5.000
Sources:            { clk }

Check Type        Corner  Lib Pin  Reference Pin  Required(ns)  Actual(ns)  Slack(ns)  Location  Pin
Min Period        n/a     BUFG/I   n/a            1.592         5.000       3.408                clk_IBUF_BUFG_inst/I
Min Period        n/a     FDCE/C   n/a            1.000         5.000       4.000                u_booth_simd_pipe/conv_blk0_reg_reg[0]/C
Min Period        n/a     FDCE/C   n/a            1.000         5.000       4.000                u_booth_simd_pipe/conv_blk0_reg_reg[10]/C
Min Period        n/a     FDCE/C   n/a            1.000         5.000       4.000                u_booth_simd_pipe/conv_blk0_reg_reg[11]/C
Min Period        n/a     FDCE/C   n/a            1.000         5.000       4.000                u_booth_simd_pipe/conv_blk0_reg_reg[12]/C
Min Period        n/a     FDCE/C   n/a            1.000         5.000       4.000                u_booth_simd_pipe/conv_blk0_reg_reg[13]/C
Min Period        n/a     FDCE/C   n/a            1.000         5.000       4.000                u_booth_simd_pipe/conv_blk0_reg_reg[14]/C
Min Period        n/a     FDCE/C   n/a            1.000         5.000       4.000                u_booth_simd_pipe/conv_blk0_reg_reg[15]/C
Min Period        n/a     FDCE/C   n/a            1.000         5.000       4.000                u_booth_simd_pipe/conv_blk0_reg_reg[16]/C
Min Period        n/a     FDCE/C   n/a            1.000         5.000       4.000                u_booth_simd_pipe/conv_blk0_reg_reg[17]/C
Low Pulse Width   Slow    FDCE/C   n/a            0.500         2.500       2.000                u_booth_simd_pipe/conv_blk0_reg_reg[0]/C
Low Pulse Width   Fast    FDCE/C   n/a            0.500         2.500       2.000                u_booth_simd_pipe/conv_blk0_reg_reg[0]/C
Low Pulse Width   Slow    FDCE/C   n/a            0.500         2.500       2.000                u_booth_simd_pipe/conv_blk0_reg_reg[10]/C
Low Pulse Width   Fast    FDCE/C   n/a            0.500         2.500       2.000                u_booth_simd_pipe/conv_blk0_reg_reg[10]/C
Low Pulse Width   Slow    FDCE/C   n/a            0.500         2.500       2.000                u_booth_simd_pipe/conv_blk0_reg_reg[11]/C
Low Pulse Width   Fast    FDCE/C   n/a            0.500         2.500       2.000                u_booth_simd_pipe/conv_blk0_reg_reg[11]/C
Low Pulse Width   Slow    FDCE/C   n/a            0.500         2.500       2.000                u_booth_simd_pipe/conv_blk0_reg_reg[12]/C
Low Pulse Width   Fast    FDCE/C   n/a            0.500         2.500       2.000                u_booth_simd_pipe/conv_blk0_reg_reg[12]/C
Low Pulse Width   Slow    FDCE/C   n/a            0.500         2.500       2.000                u_booth_simd_pipe/conv_blk0_reg_reg[13]/C
Low Pulse Width   Fast    FDCE/C   n/a            0.500         2.500       2.000                u_booth_simd_pipe/conv_blk0_reg_reg[13]/C
High Pulse Width  Slow    FDCE/C   n/a            0.500         2.500       2.000                u_booth_simd_pipe/conv_blk0_reg_reg[0]/C
High Pulse Width  Fast    FDCE/C   n/a            0.500         2.500       2.000                u_booth_simd_pipe/conv_blk0_reg_reg[0]/C
High Pulse Width  Slow    FDCE/C   n/a            0.500         2.500       2.000                u_booth_simd_pipe/conv_blk0_reg_reg[10]/C
High Pulse Width  Fast    FDCE/C   n/a            0.500         2.500       2.000                u_booth_simd_pipe/conv_blk0_reg_reg[10]/C
High Pulse Width  Slow    FDCE/C   n/a            0.500         2.500       2.000                u_booth_simd_pipe/conv_blk0_reg_reg[11]/C
High Pulse Width  Fast    FDCE/C   n/a            0.500         2.500       2.000                u_booth_simd_pipe/conv_blk0_reg_reg[11]/C
High Pulse Width  Slow    FDCE/C   n/a            0.500         2.500       2.000                u_booth_simd_pipe/conv_blk0_reg_reg[12]/C
High Pulse Width  Fast    FDCE/C   n/a            0.500         2.500       2.000                u_booth_simd_pipe/conv_blk0_reg_reg[12]/C
High Pulse Width  Slow    FDCE/C   n/a            0.500         2.500       2.000                u_booth_simd_pipe/conv_blk0_reg_reg[13]/C
High Pulse Width  Fast    FDCE/C   n/a            0.500         2.500       2.000                u_booth_simd_pipe/conv_blk0_reg_reg[13]/C



---------------------------------------------------------------------------------------------------
Path Group:  **async_default**
From Clock:  clk
  To Clock:  clk

Setup :            0  Failing Endpoints,  Worst Slack        4.109ns,  Total Violation        0.000ns
Hold  :           NA  Failing Endpoints,  Worst Slack           NA  ,  Total Violation           NA
---------------------------------------------------------------------------------------------------


Max Delay Paths
--------------------------------------------------------------------------------------
Slack (MET) :             4.109ns  (required time - arrival time)
  Source:                 rst_n
                            (input port clocked by clk  {rise@0.000ns fall@2.500ns period=5.000ns})
  Destination:            u_booth_simd_pipe/done_reg/CLR
                            (recovery check against rising-edge clock clk  {rise@0.000ns fall@2.500ns period=5.000ns})
  Path Group:             **async_default**
  Path Type:              Recovery (Max at Slow Process Corner)
  Requirement:            5.000ns  (clk rise@5.000ns - clk rise@0.000ns)
  Data Path Delay:        2.403ns  (logic 0.987ns (41.084%)  route 1.416ns (58.916%))
  Logic Levels:           2  (IBUF=1 LUT1=1)
  Input Delay:            0.000ns
  Clock Path Skew:        1.881ns (DCD - SCD + CPR)
    Destination Clock Delay (DCD):    1.881ns = ( 6.881 - 5.000 ) 
    Source Clock Delay      (SCD):    0.000ns
    Clock Pessimism Removal (CPR):    0.000ns
  Clock Uncertainty:      0.035ns  ((TSJ^2 + TIJ^2)^1/2 + DJ) / 2 + PE
    Total System Jitter     (TSJ):    0.071ns
    Total Input Jitter      (TIJ):    0.000ns
    Discrete Jitter          (DJ):    0.000ns
    Phase Error              (PE):    0.000ns

    Location             Delay type                Incr(ns)  Path(ns)    Netlist Resource(s)
  -------------------------------------------------------------------    -------------------
                         (clock clk rise edge)        0.000     0.000 r  
                         input delay                  0.000     0.000    
                                                      0.000     0.000 r  rst_n (IN)
                         net (fo=0)                   0.000     0.000    rst_n
                         IBUF (Prop_ibuf_I_O)         0.882     0.882 r  rst_n_IBUF_inst/O
                         net (fo=1, unplaced)         0.646     1.528    u_booth_simd_pipe/rst_n_IBUF
                         LUT1 (Prop_lut1_I0_O)        0.105     1.633 f  u_booth_simd_pipe/vld_pipe[1]_i_1/O
                         net (fo=287, unplaced)       0.770     2.403    u_booth_simd_pipe/vld_pipe[1]_i_1_n_0
                         FDCE                                         f  u_booth_simd_pipe/done_reg/CLR
  -------------------------------------------------------------------    -------------------

                         (clock clk rise edge)        5.000     5.000 r  
                                                      0.000     5.000 r  clk (IN)
                         net (fo=0)                   0.000     5.000    clk
                         IBUF (Prop_ibuf_I_O)         0.751     5.751 r  clk_IBUF_inst/O
                         net (fo=1, unplaced)         0.613     6.365    clk_IBUF
                         BUFG (Prop_bufg_I_O)         0.077     6.442 r  clk_IBUF_BUFG_inst/O
                         net (fo=287, unplaced)       0.439     6.881    u_booth_simd_pipe/CLK
                         FDCE                                         r  u_booth_simd_pipe/done_reg/C
                         clock pessimism              0.000     6.881    
                         clock uncertainty           -0.035     6.845    
                         FDCE (Recov_fdce_C_CLR)     -0.334     6.511    u_booth_simd_pipe/done_reg
  -------------------------------------------------------------------
                         required time                          6.511    
                         arrival time                          -2.403    
  -------------------------------------------------------------------
                         slack                                  4.109    

Slack (MET) :             4.109ns  (required time - arrival time)
  Source:                 rst_n
                            (input port clocked by clk  {rise@0.000ns fall@2.500ns period=5.000ns})
  Destination:            u_booth_simd_pipe/relu_blk0_reg_reg[0]/CLR
                            (recovery check against rising-edge clock clk  {rise@0.000ns fall@2.500ns period=5.000ns})
  Path Group:             **async_default**
  Path Type:              Recovery (Max at Slow Process Corner)
  Requirement:            5.000ns  (clk rise@5.000ns - clk rise@0.000ns)
  Data Path Delay:        2.403ns  (logic 0.987ns (41.084%)  route 1.416ns (58.916%))
  Logic Levels:           2  (IBUF=1 LUT1=1)
  Input Delay:            0.000ns
  Clock Path Skew:        1.881ns (DCD - SCD + CPR)
    Destination Clock Delay (DCD):    1.881ns = ( 6.881 - 5.000 ) 
    Source Clock Delay      (SCD):    0.000ns
    Clock Pessimism Removal (CPR):    0.000ns
  Clock Uncertainty:      0.035ns  ((TSJ^2 + TIJ^2)^1/2 + DJ) / 2 + PE
    Total System Jitter     (TSJ):    0.071ns
    Total Input Jitter      (TIJ):    0.000ns
    Discrete Jitter          (DJ):    0.000ns
    Phase Error              (PE):    0.000ns

    Location             Delay type                Incr(ns)  Path(ns)    Netlist Resource(s)
  -------------------------------------------------------------------    -------------------
                         (clock clk rise edge)        0.000     0.000 r  
                         input delay                  0.000     0.000    
                                                      0.000     0.000 r  rst_n (IN)
                         net (fo=0)                   0.000     0.000    rst_n
                         IBUF (Prop_ibuf_I_O)         0.882     0.882 r  rst_n_IBUF_inst/O
                         net (fo=1, unplaced)         0.646     1.528    u_booth_simd_pipe/rst_n_IBUF
                         LUT1 (Prop_lut1_I0_O)        0.105     1.633 f  u_booth_simd_pipe/vld_pipe[1]_i_1/O
                         net (fo=287, unplaced)       0.770     2.403    u_booth_simd_pipe/vld_pipe[1]_i_1_n_0
                         FDCE                                         f  u_booth_simd_pipe/relu_blk0_reg_reg[0]/CLR
  -------------------------------------------------------------------    -------------------

                         (clock clk rise edge)        5.000     5.000 r  
                                                      0.000     5.000 r  clk (IN)
                         net (fo=0)                   0.000     5.000    clk
                         IBUF (Prop_ibuf_I_O)         0.751     5.751 r  clk_IBUF_inst/O
                         net (fo=1, unplaced)         0.613     6.365    clk_IBUF
                         BUFG (Prop_bufg_I_O)         0.077     6.442 r  clk_IBUF_BUFG_inst/O
                         net (fo=287, unplaced)       0.439     6.881    u_booth_simd_pipe/CLK
                         FDCE                                         r  u_booth_simd_pipe/relu_blk0_reg_reg[0]/C
                         clock pessimism              0.000     6.881    
                         clock uncertainty           -0.035     6.845    
                         FDCE (Recov_fdce_C_CLR)     -0.334     6.511    u_booth_simd_pipe/relu_blk0_reg_reg[0]
  -------------------------------------------------------------------
                         required time                          6.511    
                         arrival time                          -2.403    
  -------------------------------------------------------------------
                         slack                                  4.109    

Slack (MET) :             4.109ns  (required time - arrival time)
  Source:                 rst_n
                            (input port clocked by clk  {rise@0.000ns fall@2.500ns period=5.000ns})
  Destination:            u_booth_simd_pipe/relu_blk0_reg_reg[10]/CLR
                            (recovery check against rising-edge clock clk  {rise@0.000ns fall@2.500ns period=5.000ns})
  Path Group:             **async_default**
  Path Type:              Recovery (Max at Slow Process Corner)
  Requirement:            5.000ns  (clk rise@5.000ns - clk rise@0.000ns)
  Data Path Delay:        2.403ns  (logic 0.987ns (41.084%)  route 1.416ns (58.916%))
  Logic Levels:           2  (IBUF=1 LUT1=1)
  Input Delay:            0.000ns
  Clock Path Skew:        1.881ns (DCD - SCD + CPR)
    Destination Clock Delay (DCD):    1.881ns = ( 6.881 - 5.000 ) 
    Source Clock Delay      (SCD):    0.000ns
    Clock Pessimism Removal (CPR):    0.000ns
  Clock Uncertainty:      0.035ns  ((TSJ^2 + TIJ^2)^1/2 + DJ) / 2 + PE
    Total System Jitter     (TSJ):    0.071ns
    Total Input Jitter      (TIJ):    0.000ns
    Discrete Jitter          (DJ):    0.000ns
    Phase Error              (PE):    0.000ns

    Location             Delay type                Incr(ns)  Path(ns)    Netlist Resource(s)
  -------------------------------------------------------------------    -------------------
                         (clock clk rise edge)        0.000     0.000 r  
                         input delay                  0.000     0.000    
                                                      0.000     0.000 r  rst_n (IN)
                         net (fo=0)                   0.000     0.000    rst_n
                         IBUF (Prop_ibuf_I_O)         0.882     0.882 r  rst_n_IBUF_inst/O
                         net (fo=1, unplaced)         0.646     1.528    u_booth_simd_pipe/rst_n_IBUF
                         LUT1 (Prop_lut1_I0_O)        0.105     1.633 f  u_booth_simd_pipe/vld_pipe[1]_i_1/O
                         net (fo=287, unplaced)       0.770     2.403    u_booth_simd_pipe/vld_pipe[1]_i_1_n_0
                         FDCE                                         f  u_booth_simd_pipe/relu_blk0_reg_reg[10]/CLR
  -------------------------------------------------------------------    -------------------

                         (clock clk rise edge)        5.000     5.000 r  
                                                      0.000     5.000 r  clk (IN)
                         net (fo=0)                   0.000     5.000    clk
                         IBUF (Prop_ibuf_I_O)         0.751     5.751 r  clk_IBUF_inst/O
                         net (fo=1, unplaced)         0.613     6.365    clk_IBUF
                         BUFG (Prop_bufg_I_O)         0.077     6.442 r  clk_IBUF_BUFG_inst/O
                         net (fo=287, unplaced)       0.439     6.881    u_booth_simd_pipe/CLK
                         FDCE                                         r  u_booth_simd_pipe/relu_blk0_reg_reg[10]/C
                         clock pessimism              0.000     6.881    
                         clock uncertainty           -0.035     6.845    
                         FDCE (Recov_fdce_C_CLR)     -0.334     6.511    u_booth_simd_pipe/relu_blk0_reg_reg[10]
  -------------------------------------------------------------------
                         required time                          6.511    
                         arrival time                          -2.403    
  -------------------------------------------------------------------
                         slack                                  4.109    

Slack (MET) :             4.109ns  (required time - arrival time)
  Source:                 rst_n
                            (input port clocked by clk  {rise@0.000ns fall@2.500ns period=5.000ns})
  Destination:            u_booth_simd_pipe/relu_blk0_reg_reg[11]/CLR
                            (recovery check against rising-edge clock clk  {rise@0.000ns fall@2.500ns period=5.000ns})
  Path Group:             **async_default**
  Path Type:              Recovery (Max at Slow Process Corner)
  Requirement:            5.000ns  (clk rise@5.000ns - clk rise@0.000ns)
  Data Path Delay:        2.403ns  (logic 0.987ns (41.084%)  route 1.416ns (58.916%))
  Logic Levels:           2  (IBUF=1 LUT1=1)
  Input Delay:            0.000ns
  Clock Path Skew:        1.881ns (DCD - SCD + CPR)
    Destination Clock Delay (DCD):    1.881ns = ( 6.881 - 5.000 ) 
    Source Clock Delay      (SCD):    0.000ns
    Clock Pessimism Removal (CPR):    0.000ns
  Clock Uncertainty:      0.035ns  ((TSJ^2 + TIJ^2)^1/2 + DJ) / 2 + PE
    Total System Jitter     (TSJ):    0.071ns
    Total Input Jitter      (TIJ):    0.000ns
    Discrete Jitter          (DJ):    0.000ns
    Phase Error              (PE):    0.000ns

    Location             Delay type                Incr(ns)  Path(ns)    Netlist Resource(s)
  -------------------------------------------------------------------    -------------------
                         (clock clk rise edge)        0.000     0.000 r  
                         input delay                  0.000     0.000    
                                                      0.000     0.000 r  rst_n (IN)
                         net (fo=0)                   0.000     0.000    rst_n
                         IBUF (Prop_ibuf_I_O)         0.882     0.882 r  rst_n_IBUF_inst/O
                         net (fo=1, unplaced)         0.646     1.528    u_booth_simd_pipe/rst_n_IBUF
                         LUT1 (Prop_lut1_I0_O)        0.105     1.633 f  u_booth_simd_pipe/vld_pipe[1]_i_1/O
                         net (fo=287, unplaced)       0.770     2.403    u_booth_simd_pipe/vld_pipe[1]_i_1_n_0
                         FDCE                                         f  u_booth_simd_pipe/relu_blk0_reg_reg[11]/CLR
  -------------------------------------------------------------------    -------------------

                         (clock clk rise edge)        5.000     5.000 r  
                                                      0.000     5.000 r  clk (IN)
                         net (fo=0)                   0.000     5.000    clk
                         IBUF (Prop_ibuf_I_O)         0.751     5.751 r  clk_IBUF_inst/O
                         net (fo=1, unplaced)         0.613     6.365    clk_IBUF
                         BUFG (Prop_bufg_I_O)         0.077     6.442 r  clk_IBUF_BUFG_inst/O
                         net (fo=287, unplaced)       0.439     6.881    u_booth_simd_pipe/CLK
                         FDCE                                         r  u_booth_simd_pipe/relu_blk0_reg_reg[11]/C
                         clock pessimism              0.000     6.881    
                         clock uncertainty           -0.035     6.845    
                         FDCE (Recov_fdce_C_CLR)     -0.334     6.511    u_booth_simd_pipe/relu_blk0_reg_reg[11]
  -------------------------------------------------------------------
                         required time                          6.511    
                         arrival time                          -2.403    
  -------------------------------------------------------------------
                         slack                                  4.109    

Slack (MET) :             4.109ns  (required time - arrival time)
  Source:                 rst_n
                            (input port clocked by clk  {rise@0.000ns fall@2.500ns period=5.000ns})
  Destination:            u_booth_simd_pipe/relu_blk0_reg_reg[12]/CLR
                            (recovery check against rising-edge clock clk  {rise@0.000ns fall@2.500ns period=5.000ns})
  Path Group:             **async_default**
  Path Type:              Recovery (Max at Slow Process Corner)
  Requirement:            5.000ns  (clk rise@5.000ns - clk rise@0.000ns)
  Data Path Delay:        2.403ns  (logic 0.987ns (41.084%)  route 1.416ns (58.916%))
  Logic Levels:           2  (IBUF=1 LUT1=1)
  Input Delay:            0.000ns
  Clock Path Skew:        1.881ns (DCD - SCD + CPR)
    Destination Clock Delay (DCD):    1.881ns = ( 6.881 - 5.000 ) 
    Source Clock Delay      (SCD):    0.000ns
    Clock Pessimism Removal (CPR):    0.000ns
  Clock Uncertainty:      0.035ns  ((TSJ^2 + TIJ^2)^1/2 + DJ) / 2 + PE
    Total System Jitter     (TSJ):    0.071ns
    Total Input Jitter      (TIJ):    0.000ns
    Discrete Jitter          (DJ):    0.000ns
    Phase Error              (PE):    0.000ns

    Location             Delay type                Incr(ns)  Path(ns)    Netlist Resource(s)
  -------------------------------------------------------------------    -------------------
                         (clock clk rise edge)        0.000     0.000 r  
                         input delay                  0.000     0.000    
                                                      0.000     0.000 r  rst_n (IN)
                         net (fo=0)                   0.000     0.000    rst_n
                         IBUF (Prop_ibuf_I_O)         0.882     0.882 r  rst_n_IBUF_inst/O
                         net (fo=1, unplaced)         0.646     1.528    u_booth_simd_pipe/rst_n_IBUF
                         LUT1 (Prop_lut1_I0_O)        0.105     1.633 f  u_booth_simd_pipe/vld_pipe[1]_i_1/O
                         net (fo=287, unplaced)       0.770     2.403    u_booth_simd_pipe/vld_pipe[1]_i_1_n_0
                         FDCE                                         f  u_booth_simd_pipe/relu_blk0_reg_reg[12]/CLR
  -------------------------------------------------------------------    -------------------

                         (clock clk rise edge)        5.000     5.000 r  
                                                      0.000     5.000 r  clk (IN)
                         net (fo=0)                   0.000     5.000    clk
                         IBUF (Prop_ibuf_I_O)         0.751     5.751 r  clk_IBUF_inst/O
                         net (fo=1, unplaced)         0.613     6.365    clk_IBUF
                         BUFG (Prop_bufg_I_O)         0.077     6.442 r  clk_IBUF_BUFG_inst/O
                         net (fo=287, unplaced)       0.439     6.881    u_booth_simd_pipe/CLK
                         FDCE                                         r  u_booth_simd_pipe/relu_blk0_reg_reg[12]/C
                         clock pessimism              0.000     6.881    
                         clock uncertainty           -0.035     6.845    
                         FDCE (Recov_fdce_C_CLR)     -0.334     6.511    u_booth_simd_pipe/relu_blk0_reg_reg[12]
  -------------------------------------------------------------------
                         required time                          6.511    
                         arrival time                          -2.403    
  -------------------------------------------------------------------
                         slack                                  4.109    

Slack (MET) :             4.109ns  (required time - arrival time)
  Source:                 rst_n
                            (input port clocked by clk  {rise@0.000ns fall@2.500ns period=5.000ns})
  Destination:            u_booth_simd_pipe/relu_blk0_reg_reg[13]/CLR
                            (recovery check against rising-edge clock clk  {rise@0.000ns fall@2.500ns period=5.000ns})
  Path Group:             **async_default**
  Path Type:              Recovery (Max at Slow Process Corner)
  Requirement:            5.000ns  (clk rise@5.000ns - clk rise@0.000ns)
  Data Path Delay:        2.403ns  (logic 0.987ns (41.084%)  route 1.416ns (58.916%))
  Logic Levels:           2  (IBUF=1 LUT1=1)
  Input Delay:            0.000ns
  Clock Path Skew:        1.881ns (DCD - SCD + CPR)
    Destination Clock Delay (DCD):    1.881ns = ( 6.881 - 5.000 ) 
    Source Clock Delay      (SCD):    0.000ns
    Clock Pessimism Removal (CPR):    0.000ns
  Clock Uncertainty:      0.035ns  ((TSJ^2 + TIJ^2)^1/2 + DJ) / 2 + PE
    Total System Jitter     (TSJ):    0.071ns
    Total Input Jitter      (TIJ):    0.000ns
    Discrete Jitter          (DJ):    0.000ns
    Phase Error              (PE):    0.000ns

    Location             Delay type                Incr(ns)  Path(ns)    Netlist Resource(s)
  -------------------------------------------------------------------    -------------------
                         (clock clk rise edge)        0.000     0.000 r  
                         input delay                  0.000     0.000    
                                                      0.000     0.000 r  rst_n (IN)
                         net (fo=0)                   0.000     0.000    rst_n
                         IBUF (Prop_ibuf_I_O)         0.882     0.882 r  rst_n_IBUF_inst/O
                         net (fo=1, unplaced)         0.646     1.528    u_booth_simd_pipe/rst_n_IBUF
                         LUT1 (Prop_lut1_I0_O)        0.105     1.633 f  u_booth_simd_pipe/vld_pipe[1]_i_1/O
                         net (fo=287, unplaced)       0.770     2.403    u_booth_simd_pipe/vld_pipe[1]_i_1_n_0
                         FDCE                                         f  u_booth_simd_pipe/relu_blk0_reg_reg[13]/CLR
  -------------------------------------------------------------------    -------------------

                         (clock clk rise edge)        5.000     5.000 r  
                                                      0.000     5.000 r  clk (IN)
                         net (fo=0)                   0.000     5.000    clk
                         IBUF (Prop_ibuf_I_O)         0.751     5.751 r  clk_IBUF_inst/O
                         net (fo=1, unplaced)         0.613     6.365    clk_IBUF
                         BUFG (Prop_bufg_I_O)         0.077     6.442 r  clk_IBUF_BUFG_inst/O
                         net (fo=287, unplaced)       0.439     6.881    u_booth_simd_pipe/CLK
                         FDCE                                         r  u_booth_simd_pipe/relu_blk0_reg_reg[13]/C
                         clock pessimism              0.000     6.881    
                         clock uncertainty           -0.035     6.845    
                         FDCE (Recov_fdce_C_CLR)     -0.334     6.511    u_booth_simd_pipe/relu_blk0_reg_reg[13]
  -------------------------------------------------------------------
                         required time                          6.511    
                         arrival time                          -2.403    
  -------------------------------------------------------------------
                         slack                                  4.109    

Slack (MET) :             4.109ns  (required time - arrival time)
  Source:                 rst_n
                            (input port clocked by clk  {rise@0.000ns fall@2.500ns period=5.000ns})
  Destination:            u_booth_simd_pipe/relu_blk0_reg_reg[14]/CLR
                            (recovery check against rising-edge clock clk  {rise@0.000ns fall@2.500ns period=5.000ns})
  Path Group:             **async_default**
  Path Type:              Recovery (Max at Slow Process Corner)
  Requirement:            5.000ns  (clk rise@5.000ns - clk rise@0.000ns)
  Data Path Delay:        2.403ns  (logic 0.987ns (41.084%)  route 1.416ns (58.916%))
  Logic Levels:           2  (IBUF=1 LUT1=1)
  Input Delay:            0.000ns
  Clock Path Skew:        1.881ns (DCD - SCD + CPR)
    Destination Clock Delay (DCD):    1.881ns = ( 6.881 - 5.000 ) 
    Source Clock Delay      (SCD):    0.000ns
    Clock Pessimism Removal (CPR):    0.000ns
  Clock Uncertainty:      0.035ns  ((TSJ^2 + TIJ^2)^1/2 + DJ) / 2 + PE
    Total System Jitter     (TSJ):    0.071ns
    Total Input Jitter      (TIJ):    0.000ns
    Discrete Jitter          (DJ):    0.000ns
    Phase Error              (PE):    0.000ns

    Location             Delay type                Incr(ns)  Path(ns)    Netlist Resource(s)
  -------------------------------------------------------------------    -------------------
                         (clock clk rise edge)        0.000     0.000 r  
                         input delay                  0.000     0.000    
                                                      0.000     0.000 r  rst_n (IN)
                         net (fo=0)                   0.000     0.000    rst_n
                         IBUF (Prop_ibuf_I_O)         0.882     0.882 r  rst_n_IBUF_inst/O
                         net (fo=1, unplaced)         0.646     1.528    u_booth_simd_pipe/rst_n_IBUF
                         LUT1 (Prop_lut1_I0_O)        0.105     1.633 f  u_booth_simd_pipe/vld_pipe[1]_i_1/O
                         net (fo=287, unplaced)       0.770     2.403    u_booth_simd_pipe/vld_pipe[1]_i_1_n_0
                         FDCE                                         f  u_booth_simd_pipe/relu_blk0_reg_reg[14]/CLR
  -------------------------------------------------------------------    -------------------

                         (clock clk rise edge)        5.000     5.000 r  
                                                      0.000     5.000 r  clk (IN)
                         net (fo=0)                   0.000     5.000    clk
                         IBUF (Prop_ibuf_I_O)         0.751     5.751 r  clk_IBUF_inst/O
                         net (fo=1, unplaced)         0.613     6.365    clk_IBUF
                         BUFG (Prop_bufg_I_O)         0.077     6.442 r  clk_IBUF_BUFG_inst/O
                         net (fo=287, unplaced)       0.439     6.881    u_booth_simd_pipe/CLK
                         FDCE                                         r  u_booth_simd_pipe/relu_blk0_reg_reg[14]/C
                         clock pessimism              0.000     6.881    
                         clock uncertainty           -0.035     6.845    
                         FDCE (Recov_fdce_C_CLR)     -0.334     6.511    u_booth_simd_pipe/relu_blk0_reg_reg[14]
  -------------------------------------------------------------------
                         required time                          6.511    
                         arrival time                          -2.403    
  -------------------------------------------------------------------
                         slack                                  4.109    

Slack (MET) :             4.109ns  (required time - arrival time)
  Source:                 rst_n
                            (input port clocked by clk  {rise@0.000ns fall@2.500ns period=5.000ns})
  Destination:            u_booth_simd_pipe/relu_blk0_reg_reg[15]/CLR
                            (recovery check against rising-edge clock clk  {rise@0.000ns fall@2.500ns period=5.000ns})
  Path Group:             **async_default**
  Path Type:              Recovery (Max at Slow Process Corner)
  Requirement:            5.000ns  (clk rise@5.000ns - clk rise@0.000ns)
  Data Path Delay:        2.403ns  (logic 0.987ns (41.084%)  route 1.416ns (58.916%))
  Logic Levels:           2  (IBUF=1 LUT1=1)
  Input Delay:            0.000ns
  Clock Path Skew:        1.881ns (DCD - SCD + CPR)
    Destination Clock Delay (DCD):    1.881ns = ( 6.881 - 5.000 ) 
    Source Clock Delay      (SCD):    0.000ns
    Clock Pessimism Removal (CPR):    0.000ns
  Clock Uncertainty:      0.035ns  ((TSJ^2 + TIJ^2)^1/2 + DJ) / 2 + PE
    Total System Jitter     (TSJ):    0.071ns
    Total Input Jitter      (TIJ):    0.000ns
    Discrete Jitter          (DJ):    0.000ns
    Phase Error              (PE):    0.000ns

    Location             Delay type                Incr(ns)  Path(ns)    Netlist Resource(s)
  -------------------------------------------------------------------    -------------------
                         (clock clk rise edge)        0.000     0.000 r  
                         input delay                  0.000     0.000    
                                                      0.000     0.000 r  rst_n (IN)
                         net (fo=0)                   0.000     0.000    rst_n
                         IBUF (Prop_ibuf_I_O)         0.882     0.882 r  rst_n_IBUF_inst/O
                         net (fo=1, unplaced)         0.646     1.528    u_booth_simd_pipe/rst_n_IBUF
                         LUT1 (Prop_lut1_I0_O)        0.105     1.633 f  u_booth_simd_pipe/vld_pipe[1]_i_1/O
                         net (fo=287, unplaced)       0.770     2.403    u_booth_simd_pipe/vld_pipe[1]_i_1_n_0
                         FDCE                                         f  u_booth_simd_pipe/relu_blk0_reg_reg[15]/CLR
  -------------------------------------------------------------------    -------------------

                         (clock clk rise edge)        5.000     5.000 r  
                                                      0.000     5.000 r  clk (IN)
                         net (fo=0)                   0.000     5.000    clk
                         IBUF (Prop_ibuf_I_O)         0.751     5.751 r  clk_IBUF_inst/O
                         net (fo=1, unplaced)         0.613     6.365    clk_IBUF
                         BUFG (Prop_bufg_I_O)         0.077     6.442 r  clk_IBUF_BUFG_inst/O
                         net (fo=287, unplaced)       0.439     6.881    u_booth_simd_pipe/CLK
                         FDCE                                         r  u_booth_simd_pipe/relu_blk0_reg_reg[15]/C
                         clock pessimism              0.000     6.881    
                         clock uncertainty           -0.035     6.845    
                         FDCE (Recov_fdce_C_CLR)     -0.334     6.511    u_booth_simd_pipe/relu_blk0_reg_reg[15]
  -------------------------------------------------------------------
                         required time                          6.511    
                         arrival time                          -2.403    
  -------------------------------------------------------------------
                         slack                                  4.109    

Slack (MET) :             4.109ns  (required time - arrival time)
  Source:                 rst_n
                            (input port clocked by clk  {rise@0.000ns fall@2.500ns period=5.000ns})
  Destination:            u_booth_simd_pipe/relu_blk0_reg_reg[16]/CLR
                            (recovery check against rising-edge clock clk  {rise@0.000ns fall@2.500ns period=5.000ns})
  Path Group:             **async_default**
  Path Type:              Recovery (Max at Slow Process Corner)
  Requirement:            5.000ns  (clk rise@5.000ns - clk rise@0.000ns)
  Data Path Delay:        2.403ns  (logic 0.987ns (41.084%)  route 1.416ns (58.916%))
  Logic Levels:           2  (IBUF=1 LUT1=1)
  Input Delay:            0.000ns
  Clock Path Skew:        1.881ns (DCD - SCD + CPR)
    Destination Clock Delay (DCD):    1.881ns = ( 6.881 - 5.000 ) 
    Source Clock Delay      (SCD):    0.000ns
    Clock Pessimism Removal (CPR):    0.000ns
  Clock Uncertainty:      0.035ns  ((TSJ^2 + TIJ^2)^1/2 + DJ) / 2 + PE
    Total System Jitter     (TSJ):    0.071ns
    Total Input Jitter      (TIJ):    0.000ns
    Discrete Jitter          (DJ):    0.000ns
    Phase Error              (PE):    0.000ns

    Location             Delay type                Incr(ns)  Path(ns)    Netlist Resource(s)
  -------------------------------------------------------------------    -------------------
                         (clock clk rise edge)        0.000     0.000 r  
                         input delay                  0.000     0.000    
                                                      0.000     0.000 r  rst_n (IN)
                         net (fo=0)                   0.000     0.000    rst_n
                         IBUF (Prop_ibuf_I_O)         0.882     0.882 r  rst_n_IBUF_inst/O
                         net (fo=1, unplaced)         0.646     1.528    u_booth_simd_pipe/rst_n_IBUF
                         LUT1 (Prop_lut1_I0_O)        0.105     1.633 f  u_booth_simd_pipe/vld_pipe[1]_i_1/O
                         net (fo=287, unplaced)       0.770     2.403    u_booth_simd_pipe/vld_pipe[1]_i_1_n_0
                         FDCE                                         f  u_booth_simd_pipe/relu_blk0_reg_reg[16]/CLR
  -------------------------------------------------------------------    -------------------

                         (clock clk rise edge)        5.000     5.000 r  
                                                      0.000     5.000 r  clk (IN)
                         net (fo=0)                   0.000     5.000    clk
                         IBUF (Prop_ibuf_I_O)         0.751     5.751 r  clk_IBUF_inst/O
                         net (fo=1, unplaced)         0.613     6.365    clk_IBUF
                         BUFG (Prop_bufg_I_O)         0.077     6.442 r  clk_IBUF_BUFG_inst/O
                         net (fo=287, unplaced)       0.439     6.881    u_booth_simd_pipe/CLK
                         FDCE                                         r  u_booth_simd_pipe/relu_blk0_reg_reg[16]/C
                         clock pessimism              0.000     6.881    
                         clock uncertainty           -0.035     6.845    
                         FDCE (Recov_fdce_C_CLR)     -0.334     6.511    u_booth_simd_pipe/relu_blk0_reg_reg[16]
  -------------------------------------------------------------------
                         required time                          6.511    
                         arrival time                          -2.403    
  -------------------------------------------------------------------
                         slack                                  4.109    

Slack (MET) :             4.109ns  (required time - arrival time)
  Source:                 rst_n
                            (input port clocked by clk  {rise@0.000ns fall@2.500ns period=5.000ns})
  Destination:            u_booth_simd_pipe/relu_blk0_reg_reg[17]/CLR
                            (recovery check against rising-edge clock clk  {rise@0.000ns fall@2.500ns period=5.000ns})
  Path Group:             **async_default**
  Path Type:              Recovery (Max at Slow Process Corner)
  Requirement:            5.000ns  (clk rise@5.000ns - clk rise@0.000ns)
  Data Path Delay:        2.403ns  (logic 0.987ns (41.084%)  route 1.416ns (58.916%))
  Logic Levels:           2  (IBUF=1 LUT1=1)
  Input Delay:            0.000ns
  Clock Path Skew:        1.881ns (DCD - SCD + CPR)
    Destination Clock Delay (DCD):    1.881ns = ( 6.881 - 5.000 ) 
    Source Clock Delay      (SCD):    0.000ns
    Clock Pessimism Removal (CPR):    0.000ns
  Clock Uncertainty:      0.035ns  ((TSJ^2 + TIJ^2)^1/2 + DJ) / 2 + PE
    Total System Jitter     (TSJ):    0.071ns
    Total Input Jitter      (TIJ):    0.000ns
    Discrete Jitter          (DJ):    0.000ns
    Phase Error              (PE):    0.000ns

    Location             Delay type                Incr(ns)  Path(ns)    Netlist Resource(s)
  -------------------------------------------------------------------    -------------------
                         (clock clk rise edge)        0.000     0.000 r  
                         input delay                  0.000     0.000    
                                                      0.000     0.000 r  rst_n (IN)
                         net (fo=0)                   0.000     0.000    rst_n
                         IBUF (Prop_ibuf_I_O)         0.882     0.882 r  rst_n_IBUF_inst/O
                         net (fo=1, unplaced)         0.646     1.528    u_booth_simd_pipe/rst_n_IBUF
                         LUT1 (Prop_lut1_I0_O)        0.105     1.633 f  u_booth_simd_pipe/vld_pipe[1]_i_1/O
                         net (fo=287, unplaced)       0.770     2.403    u_booth_simd_pipe/vld_pipe[1]_i_1_n_0
                         FDCE                                         f  u_booth_simd_pipe/relu_blk0_reg_reg[17]/CLR
  -------------------------------------------------------------------    -------------------

                         (clock clk rise edge)        5.000     5.000 r  
                                                      0.000     5.000 r  clk (IN)
                         net (fo=0)                   0.000     5.000    clk
                         IBUF (Prop_ibuf_I_O)         0.751     5.751 r  clk_IBUF_inst/O
                         net (fo=1, unplaced)         0.613     6.365    clk_IBUF
                         BUFG (Prop_bufg_I_O)         0.077     6.442 r  clk_IBUF_BUFG_inst/O
                         net (fo=287, unplaced)       0.439     6.881    u_booth_simd_pipe/CLK
                         FDCE                                         r  u_booth_simd_pipe/relu_blk0_reg_reg[17]/C
                         clock pessimism              0.000     6.881    
                         clock uncertainty           -0.035     6.845    
                         FDCE (Recov_fdce_C_CLR)     -0.334     6.511    u_booth_simd_pipe/relu_blk0_reg_reg[17]
  -------------------------------------------------------------------
                         required time                          6.511    
                         arrival time                          -2.403    
  -------------------------------------------------------------------
                         slack                                  4.109    





