Copyright 1986-2022 Xilinx, Inc. All Rights Reserved. Copyright 2022-2025 Advanced Micro Devices, Inc. All Rights Reserved.
---------------------------------------------------------------------------------------------------------------------------------------------------------
| Tool Version : Vivado v.2025.1 (win64) Build 6140274 Thu May 22 00:12:29 MDT 2025
| Date         : Sun Apr 26 18:52:15 2026
| Host         : DESKTOP-JH0OJSQ running 64-bit major release  (build 9200)
| Command      : report_timing_summary -delay_type max -max_paths 10 -file D:/1012/project1/build/cnn_compare_booth_simd_pipe_dsp_top_timing_summary.rpt
| Design       : cnn_compare_booth_simd_pipe_dsp_top
| Device       : 7a200t-fbg676
| Speed File   : -2  PRODUCTION 1.23 2018-06-13
| Design State : Synthesized
---------------------------------------------------------------------------------------------------------------------------------------------------------

Timing Summary Report

------------------------------------------------------------------------------------------------
| Timer Settings
| --------------
------------------------------------------------------------------------------------------------

  Enable Multi Corner Analysis               :  Yes
  Enable Pessimism Removal                   :  Yes
  Pessimism Removal Resolution               :  Nearest Common Node
  Enable Input Delay Default Clock           :  No
  Enable Preset / Clear Arcs                 :  No
  Disable Flight Delays                      :  No
  Ignore I/O Paths                           :  No
  Timing Early Launch at Borrowing Latches   :  No
  Borrow Time for Max Delay Exceptions       :  Yes
  Merge Timing Exceptions                    :  Yes
  Inter-SLR Compensation                     :  Conservative

  Corner  Analyze    Analyze    
  Name    Max Paths  Min Paths  
  ------  ---------  ---------  
  Slow    Yes        Yes        
  Fast    Yes        Yes        


------------------------------------------------------------------------------------------------
| Report Methodology
| ------------------
------------------------------------------------------------------------------------------------

No report available as report_methodology has not been run prior. Run report_methodology on the current design for the summary of methodology violations.



check_timing report

Table of Contents
-----------------
1. checking no_clock (0)
2. checking constant_clock (0)
3. checking pulse_width_clock (0)
4. checking unconstrained_internal_endpoints (0)
5. checking no_input_delay (0)
6. checking no_output_delay (0)
7. checking multiple_clock (0)
8. checking generated_clocks (0)
9. checking loops (0)
10. checking partial_input_delay (0)
11. checking partial_output_delay (0)
12. checking latch_loops (0)

1. checking no_clock (0)
------------------------
 There are 0 register/latch pins with no clock.


2. checking constant_clock (0)
------------------------------
 There are 0 register/latch pins with constant_clock.


3. checking pulse_width_clock (0)
---------------------------------
 There are 0 register/latch pins which need pulse_width check


4. checking unconstrained_internal_endpoints (0)
------------------------------------------------
 There are 0 pins that are not constrained for maximum delay.

 There are 0 pins that are not constrained for maximum delay due to constant clock.


5. checking no_input_delay (0)
------------------------------
 There are 0 input ports with no input delay specified.

 There are 0 input ports with no input delay but user has a false path constraint.


6. checking no_output_delay (0)
-------------------------------
 There are 0 ports with no output delay specified.

 There are 0 ports with no output delay but user has a false path constraint

 There are 0 ports with no output delay but with a timing clock defined on it or propagating through it


7. checking multiple_clock (0)
------------------------------
 There are 0 register/latch pins with multiple clocks.


8. checking generated_clocks (0)
--------------------------------
 There are 0 generated clocks that are not connected to a clock source.


9. checking loops (0)
---------------------
 There are 0 combinational loops in the design.


10. checking partial_input_delay (0)
------------------------------------
 There are 0 input ports with partial input delay specified.


11. checking partial_output_delay (0)
-------------------------------------
 There are 0 ports with partial output delay specified.


12. checking latch_loops (0)
----------------------------
 There are 0 combinational latch loops in the design through latch input



------------------------------------------------------------------------------------------------
| Design Timing Summary
| ---------------------
------------------------------------------------------------------------------------------------

    WNS(ns)      TNS(ns)  TNS Failing Endpoints  TNS Total Endpoints     WPWS(ns)     TPWS(ns)  TPWS Failing Endpoints  TPWS Total Endpoints  
    -------      -------  ---------------------  -------------------     --------     --------  ----------------------  --------------------  
     -2.054     -308.675                    204                  891        2.000        0.000                       0                   288  


Timing constraints are not met.


------------------------------------------------------------------------------------------------
| Clock Summary
| -------------
------------------------------------------------------------------------------------------------

Clock  Waveform(ns)         Period(ns)      Frequency(MHz)
-----  ------------         ----------      --------------
clk    {0.000 2.500}        5.000           200.000         


------------------------------------------------------------------------------------------------
| Intra Clock Table
| -----------------
------------------------------------------------------------------------------------------------

Clock             WNS(ns)      TNS(ns)  TNS Failing Endpoints  TNS Total Endpoints     WPWS(ns)     TPWS(ns)  TPWS Failing Endpoints  TPWS Total Endpoints  
-----             -------      -------  ---------------------  -------------------     --------     --------  ----------------------  --------------------  
clk                -2.054     -308.675                    204                  604        2.000        0.000                       0                   288  


------------------------------------------------------------------------------------------------
| Inter Clock Table
| -----------------
------------------------------------------------------------------------------------------------

From Clock    To Clock          WNS(ns)      TNS(ns)  TNS Failing Endpoints  TNS Total Endpoints  
----------    --------          -------      -------  ---------------------  -------------------  


------------------------------------------------------------------------------------------------
| Other Path Groups Table
| -----------------------
------------------------------------------------------------------------------------------------

Path Group         From Clock         To Clock               WNS(ns)      TNS(ns)  TNS Failing Endpoints  TNS Total Endpoints  
----------         ----------         --------               -------      -------  ---------------------  -------------------  
**async_default**  clk                clk                      4.109        0.000                      0                  287  


------------------------------------------------------------------------------------------------
| Timing Details
| --------------
------------------------------------------------------------------------------------------------


---------------------------------------------------------------------------------------------------
From Clock:  clk
  To Clock:  clk

Setup :          204  Failing Endpoints,  Worst Slack       -2.054ns,  Total Violation     -308.675ns
Hold  :           NA  Failing Endpoints,  Worst Slack           NA  ,  Total Violation           NA
PW    :            0  Failing Endpoints,  Worst Slack        2.000ns,  Total Violation        0.000ns
---------------------------------------------------------------------------------------------------


Max Delay Paths
--------------------------------------------------------------------------------------
Slack (VIOLATED) :        -2.054ns  (required time - arrival time)
  Source:                 img_flat_u8x25[47]
                            (input port clocked by clk  {rise@0.000ns fall@2.500ns period=5.000ns})
  Destination:            u_booth_simd_pipe_dsp/conv_blk0_reg_reg[19]/D
                            (rising edge-triggered cell FDCE clocked by clk  {rise@0.000ns fall@2.500ns period=5.000ns})
  Path Group:             clk
  Path Type:              Setup (Max at Slow Process Corner)
  Requirement:            5.000ns  (clk rise@5.000ns - clk rise@0.000ns)
  Data Path Delay:        8.971ns  (logic 5.981ns (66.670%)  route 2.990ns (33.330%))
  Logic Levels:           10  (CARRY4=6 DSP48E1=1 IBUF=1 LUT3=2)
  Input Delay:            0.000ns
  Clock Path Skew:        1.881ns (DCD - SCD + CPR)
    Destination Clock Delay (DCD):    1.881ns = ( 6.881 - 5.000 ) 
    Source Clock Delay      (SCD):    0.000ns
    Clock Pessimism Removal (CPR):    0.000ns
  Clock Uncertainty:      0.035ns  ((TSJ^2 + TIJ^2)^1/2 + DJ) / 2 + PE
    Total System Jitter     (TSJ):    0.071ns
    Total Input Jitter      (TIJ):    0.000ns
    Discrete Jitter          (DJ):    0.000ns
    Phase Error              (PE):    0.000ns

    Location             Delay type                Incr(ns)  Path(ns)    Netlist Resource(s)
  -------------------------------------------------------------------    -------------------
                         (clock clk rise edge)        0.000     0.000 r  
                         input delay                  0.000     0.000    
                                                      0.000     0.000 r  img_flat_u8x25[47] (IN)
                         net (fo=0)                   0.000     0.000    img_flat_u8x25[47]
                         IBUF (Prop_ibuf_I_O)         0.882     0.882 r  img_flat_u8x25_IBUF[47]_inst/O
                         net (fo=2, unplaced)         0.646     1.528    u_booth_simd_pipe_dsp/u_conv/gen_blk0_mul[3].gen_blk0_dsp.u_mul/u_lane0/img_flat_u8x25[7]
                         DSP48E1 (Prop_dsp48e1_A[7]_P[0])
                                                      3.230     4.758 r  u_booth_simd_pipe_dsp/u_conv/gen_blk0_mul[3].gen_blk0_dsp.u_mul/u_lane0/u_dsp48e1/P[0]
                         net (fo=3, unplaced)         0.646     5.403    u_booth_simd_pipe_dsp/u_conv/prod_blk0[3]_3[0]
                         LUT3 (Prop_lut3_I2_O)        0.105     5.508 r  u_booth_simd_pipe_dsp/u_conv/conv_blk0_reg[7]_i_15/O
                         net (fo=1, unplaced)         0.537     6.045    u_booth_simd_pipe_dsp/u_conv/conv_blk0_reg[7]_i_15_n_0
                         CARRY4 (Prop_carry4_DI[1]_CO[3])
                                                      0.430     6.475 r  u_booth_simd_pipe_dsp/u_conv/conv_blk0_reg_reg[7]_i_10/CO[3]
                         net (fo=1, unplaced)         0.008     6.483    u_booth_simd_pipe_dsp/u_conv/conv_blk0_reg_reg[7]_i_10_n_0
                         CARRY4 (Prop_carry4_CI_CO[3])
                                                      0.100     6.583 r  u_booth_simd_pipe_dsp/u_conv/conv_blk0_reg_reg[11]_i_10/CO[3]
                         net (fo=1, unplaced)         0.000     6.583    u_booth_simd_pipe_dsp/u_conv/conv_blk0_reg_reg[11]_i_10_n_0
                         CARRY4 (Prop_carry4_CI_CO[3])
                                                      0.100     6.683 r  u_booth_simd_pipe_dsp/u_conv/conv_blk0_reg_reg[15]_i_10/CO[3]
                         net (fo=1, unplaced)         0.000     6.683    u_booth_simd_pipe_dsp/u_conv/conv_blk0_reg_reg[15]_i_10_n_0
                         CARRY4 (Prop_carry4_CI_O[0])
                                                      0.189     6.872 r  u_booth_simd_pipe_dsp/u_conv/conv_blk0_reg_reg[19]_i_12/O[0]
                         net (fo=3, unplaced)         0.617     7.489    u_booth_simd_pipe_dsp/u_conv/conv_blk0_reg_reg[19]_i_12_n_7
                         LUT3 (Prop_lut3_I0_O)        0.238     7.727 r  u_booth_simd_pipe_dsp/u_conv/conv_blk0_reg[15]_i_4/O
                         net (fo=1, unplaced)         0.537     8.264    u_booth_simd_pipe_dsp/u_conv/conv_blk0_reg[15]_i_4_n_0
                         CARRY4 (Prop_carry4_DI[1]_CO[3])
                                                      0.430     8.694 r  u_booth_simd_pipe_dsp/u_conv/conv_blk0_reg_reg[15]_i_1/CO[3]
                         net (fo=1, unplaced)         0.000     8.694    u_booth_simd_pipe_dsp/u_conv/conv_blk0_reg_reg[15]_i_1_n_0
                         CARRY4 (Prop_carry4_CI_O[3])
                                                      0.277     8.971 r  u_booth_simd_pipe_dsp/u_conv/conv_blk0_reg_reg[19]_i_1/O[3]
                         net (fo=1, unplaced)         0.000     8.971    u_booth_simd_pipe_dsp/conv_blk0_s20x4[19]
                         FDCE                                         r  u_booth_simd_pipe_dsp/conv_blk0_reg_reg[19]/D
  -------------------------------------------------------------------    -------------------

                         (clock clk rise edge)        5.000     5.000 r  
                                                      0.000     5.000 r  clk (IN)
                         net (fo=0)                   0.000     5.000    clk
                         IBUF (Prop_ibuf_I_O)         0.751     5.751 r  clk_IBUF_inst/O
                         net (fo=1, unplaced)         0.613     6.365    clk_IBUF
                         BUFG (Prop_bufg_I_O)         0.077     6.442 r  clk_IBUF_BUFG_inst/O
                         net (fo=287, unplaced)       0.439     6.881    u_booth_simd_pipe_dsp/clk_IBUF_BUFG
                         FDCE                                         r  u_booth_simd_pipe_dsp/conv_blk0_reg_reg[19]/C
                         clock pessimism              0.000     6.881    
                         clock uncertainty           -0.035     6.845    
                         FDCE (Setup_fdce_C_D)        0.072     6.917    u_booth_simd_pipe_dsp/conv_blk0_reg_reg[19]
  -------------------------------------------------------------------
                         required time                          6.917    
                         arrival time                          -8.971    
  -------------------------------------------------------------------
                         slack                                 -2.054    

Slack (VIOLATED) :        -2.054ns  (required time - arrival time)
  Source:                 img_flat_u8x25[55]
                            (input port clocked by clk  {rise@0.000ns fall@2.500ns period=5.000ns})
  Destination:            u_booth_simd_pipe_dsp/conv_blk0_reg_reg[39]/D
                            (rising edge-triggered cell FDCE clocked by clk  {rise@0.000ns fall@2.500ns period=5.000ns})
  Path Group:             clk
  Path Type:              Setup (Max at Slow Process Corner)
  Requirement:            5.000ns  (clk rise@5.000ns - clk rise@0.000ns)
  Data Path Delay:        8.971ns  (logic 5.981ns (66.670%)  route 2.990ns (33.330%))
  Logic Levels:           10  (CARRY4=6 DSP48E1=1 IBUF=1 LUT3=2)
  Input Delay:            0.000ns
  Clock Path Skew:        1.881ns (DCD - SCD + CPR)
    Destination Clock Delay (DCD):    1.881ns = ( 6.881 - 5.000 ) 
    Source Clock Delay      (SCD):    0.000ns
    Clock Pessimism Removal (CPR):    0.000ns
  Clock Uncertainty:      0.035ns  ((TSJ^2 + TIJ^2)^1/2 + DJ) / 2 + PE
    Total System Jitter     (TSJ):    0.071ns
    Total Input Jitter      (TIJ):    0.000ns
    Discrete Jitter          (DJ):    0.000ns
    Phase Error              (PE):    0.000ns

    Location             Delay type                Incr(ns)  Path(ns)    Netlist Resource(s)
  -------------------------------------------------------------------    -------------------
                         (clock clk rise edge)        0.000     0.000 r  
                         input delay                  0.000     0.000    
                                                      0.000     0.000 r  img_flat_u8x25[55] (IN)
                         net (fo=0)                   0.000     0.000    img_flat_u8x25[55]
                         IBUF (Prop_ibuf_I_O)         0.882     0.882 r  img_flat_u8x25_IBUF[55]_inst/O
                         net (fo=4, unplaced)         0.646     1.528    u_booth_simd_pipe_dsp/u_conv/gen_blk0_mul[3].gen_blk0_dsp.u_mul/u_lane1/img_flat_u8x25[7]
                         DSP48E1 (Prop_dsp48e1_A[7]_P[0])
                                                      3.230     4.758 r  u_booth_simd_pipe_dsp/u_conv/gen_blk0_mul[3].gen_blk0_dsp.u_mul/u_lane1/u_dsp48e1/P[0]
                         net (fo=3, unplaced)         0.646     5.403    u_booth_simd_pipe_dsp/u_conv/prod_blk0[3]_3[16]
                         LUT3 (Prop_lut3_I2_O)        0.105     5.508 r  u_booth_simd_pipe_dsp/u_conv/conv_blk0_reg[27]_i_15/O
                         net (fo=1, unplaced)         0.537     6.045    u_booth_simd_pipe_dsp/u_conv/conv_blk0_reg[27]_i_15_n_0
                         CARRY4 (Prop_carry4_DI[1]_CO[3])
                                                      0.430     6.475 r  u_booth_simd_pipe_dsp/u_conv/conv_blk0_reg_reg[27]_i_10/CO[3]
                         net (fo=1, unplaced)         0.008     6.483    u_booth_simd_pipe_dsp/u_conv/conv_blk0_reg_reg[27]_i_10_n_0
                         CARRY4 (Prop_carry4_CI_CO[3])
                                                      0.100     6.583 r  u_booth_simd_pipe_dsp/u_conv/conv_blk0_reg_reg[31]_i_10/CO[3]
                         net (fo=1, unplaced)         0.000     6.583    u_booth_simd_pipe_dsp/u_conv/conv_blk0_reg_reg[31]_i_10_n_0
                         CARRY4 (Prop_carry4_CI_CO[3])
                                                      0.100     6.683 r  u_booth_simd_pipe_dsp/u_conv/conv_blk0_reg_reg[35]_i_10/CO[3]
                         net (fo=1, unplaced)         0.000     6.683    u_booth_simd_pipe_dsp/u_conv/conv_blk0_reg_reg[35]_i_10_n_0
                         CARRY4 (Prop_carry4_CI_O[0])
                                                      0.189     6.872 r  u_booth_simd_pipe_dsp/u_conv/conv_blk0_reg_reg[39]_i_12/O[0]
                         net (fo=3, unplaced)         0.617     7.489    u_booth_simd_pipe_dsp/u_conv/conv_blk0_reg_reg[39]_i_12_n_7
                         LUT3 (Prop_lut3_I0_O)        0.238     7.727 r  u_booth_simd_pipe_dsp/u_conv/conv_blk0_reg[35]_i_4/O
                         net (fo=1, unplaced)         0.537     8.264    u_booth_simd_pipe_dsp/u_conv/conv_blk0_reg[35]_i_4_n_0
                         CARRY4 (Prop_carry4_DI[1]_CO[3])
                                                      0.430     8.694 r  u_booth_simd_pipe_dsp/u_conv/conv_blk0_reg_reg[35]_i_1/CO[3]
                         net (fo=1, unplaced)         0.000     8.694    u_booth_simd_pipe_dsp/u_conv/conv_blk0_reg_reg[35]_i_1_n_0
                         CARRY4 (Prop_carry4_CI_O[3])
                                                      0.277     8.971 r  u_booth_simd_pipe_dsp/u_conv/conv_blk0_reg_reg[39]_i_1/O[3]
                         net (fo=1, unplaced)         0.000     8.971    u_booth_simd_pipe_dsp/conv_blk0_s20x4[39]
                         FDCE                                         r  u_booth_simd_pipe_dsp/conv_blk0_reg_reg[39]/D
  -------------------------------------------------------------------    -------------------

                         (clock clk rise edge)        5.000     5.000 r  
                                                      0.000     5.000 r  clk (IN)
                         net (fo=0)                   0.000     5.000    clk
                         IBUF (Prop_ibuf_I_O)         0.751     5.751 r  clk_IBUF_inst/O
                         net (fo=1, unplaced)         0.613     6.365    clk_IBUF
                         BUFG (Prop_bufg_I_O)         0.077     6.442 r  clk_IBUF_BUFG_inst/O
                         net (fo=287, unplaced)       0.439     6.881    u_booth_simd_pipe_dsp/clk_IBUF_BUFG
                         FDCE                                         r  u_booth_simd_pipe_dsp/conv_blk0_reg_reg[39]/C
                         clock pessimism              0.000     6.881    
                         clock uncertainty           -0.035     6.845    
                         FDCE (Setup_fdce_C_D)        0.072     6.917    u_booth_simd_pipe_dsp/conv_blk0_reg_reg[39]
  -------------------------------------------------------------------
                         required time                          6.917    
                         arrival time                          -8.971    
  -------------------------------------------------------------------
                         slack                                 -2.054    

Slack (VIOLATED) :        -2.054ns  (required time - arrival time)
  Source:                 img_flat_u8x25[63]
                            (input port clocked by clk  {rise@0.000ns fall@2.500ns period=5.000ns})
  Destination:            u_booth_simd_pipe_dsp/conv_blk0_reg_reg[59]/D
                            (rising edge-triggered cell FDCE clocked by clk  {rise@0.000ns fall@2.500ns period=5.000ns})
  Path Group:             clk
  Path Type:              Setup (Max at Slow Process Corner)
  Requirement:            5.000ns  (clk rise@5.000ns - clk rise@0.000ns)
  Data Path Delay:        8.971ns  (logic 5.981ns (66.670%)  route 2.990ns (33.330%))
  Logic Levels:           10  (CARRY4=6 DSP48E1=1 IBUF=1 LUT3=2)
  Input Delay:            0.000ns
  Clock Path Skew:        1.881ns (DCD - SCD + CPR)
    Destination Clock Delay (DCD):    1.881ns = ( 6.881 - 5.000 ) 
    Source Clock Delay      (SCD):    0.000ns
    Clock Pessimism Removal (CPR):    0.000ns
  Clock Uncertainty:      0.035ns  ((TSJ^2 + TIJ^2)^1/2 + DJ) / 2 + PE
    Total System Jitter     (TSJ):    0.071ns
    Total Input Jitter      (TIJ):    0.000ns
    Discrete Jitter          (DJ):    0.000ns
    Phase Error              (PE):    0.000ns

    Location             Delay type                Incr(ns)  Path(ns)    Netlist Resource(s)
  -------------------------------------------------------------------    -------------------
                         (clock clk rise edge)        0.000     0.000 r  
                         input delay                  0.000     0.000    
                                                      0.000     0.000 r  img_flat_u8x25[63] (IN)
                         net (fo=0)                   0.000     0.000    img_flat_u8x25[63]
                         IBUF (Prop_ibuf_I_O)         0.882     0.882 r  img_flat_u8x25_IBUF[63]_inst/O
                         net (fo=6, unplaced)         0.646     1.528    u_booth_simd_pipe_dsp/u_conv/gen_blk0_mul[3].gen_blk0_dsp.u_mul/u_lane2/img_flat_u8x25[7]
                         DSP48E1 (Prop_dsp48e1_A[7]_P[0])
                                                      3.230     4.758 r  u_booth_simd_pipe_dsp/u_conv/gen_blk0_mul[3].gen_blk0_dsp.u_mul/u_lane2/u_dsp48e1/P[0]
                         net (fo=3, unplaced)         0.646     5.403    u_booth_simd_pipe_dsp/u_conv/prod_blk0[3]_3[32]
                         LUT3 (Prop_lut3_I2_O)        0.105     5.508 r  u_booth_simd_pipe_dsp/u_conv/conv_blk0_reg[47]_i_15/O
                         net (fo=1, unplaced)         0.537     6.045    u_booth_simd_pipe_dsp/u_conv/conv_blk0_reg[47]_i_15_n_0
                         CARRY4 (Prop_carry4_DI[1]_CO[3])
                                                      0.430     6.475 r  u_booth_simd_pipe_dsp/u_conv/conv_blk0_reg_reg[47]_i_10/CO[3]
                         net (fo=1, unplaced)         0.008     6.483    u_booth_simd_pipe_dsp/u_conv/conv_blk0_reg_reg[47]_i_10_n_0
                         CARRY4 (Prop_carry4_CI_CO[3])
                                                      0.100     6.583 r  u_booth_simd_pipe_dsp/u_conv/conv_blk0_reg_reg[51]_i_10/CO[3]
                         net (fo=1, unplaced)         0.000     6.583    u_booth_simd_pipe_dsp/u_conv/conv_blk0_reg_reg[51]_i_10_n_0
                         CARRY4 (Prop_carry4_CI_CO[3])
                                                      0.100     6.683 r  u_booth_simd_pipe_dsp/u_conv/conv_blk0_reg_reg[55]_i_10/CO[3]
                         net (fo=1, unplaced)         0.000     6.683    u_booth_simd_pipe_dsp/u_conv/conv_blk0_reg_reg[55]_i_10_n_0
                         CARRY4 (Prop_carry4_CI_O[0])
                                                      0.189     6.872 r  u_booth_simd_pipe_dsp/u_conv/conv_blk0_reg_reg[59]_i_12/O[0]
                         net (fo=3, unplaced)         0.617     7.489    u_booth_simd_pipe_dsp/u_conv/conv_blk0_reg_reg[59]_i_12_n_7
                         LUT3 (Prop_lut3_I0_O)        0.238     7.727 r  u_booth_simd_pipe_dsp/u_conv/conv_blk0_reg[55]_i_4/O
                         net (fo=1, unplaced)         0.537     8.264    u_booth_simd_pipe_dsp/u_conv/conv_blk0_reg[55]_i_4_n_0
                         CARRY4 (Prop_carry4_DI[1]_CO[3])
                                                      0.430     8.694 r  u_booth_simd_pipe_dsp/u_conv/conv_blk0_reg_reg[55]_i_1/CO[3]
                         net (fo=1, unplaced)         0.000     8.694    u_booth_simd_pipe_dsp/u_conv/conv_blk0_reg_reg[55]_i_1_n_0
                         CARRY4 (Prop_carry4_CI_O[3])
                                                      0.277     8.971 r  u_booth_simd_pipe_dsp/u_conv/conv_blk0_reg_reg[59]_i_1/O[3]
                         net (fo=1, unplaced)         0.000     8.971    u_booth_simd_pipe_dsp/conv_blk0_s20x4[59]
                         FDCE                                         r  u_booth_simd_pipe_dsp/conv_blk0_reg_reg[59]/D
  -------------------------------------------------------------------    -------------------

                         (clock clk rise edge)        5.000     5.000 r  
                                                      0.000     5.000 r  clk (IN)
                         net (fo=0)                   0.000     5.000    clk
                         IBUF (Prop_ibuf_I_O)         0.751     5.751 r  clk_IBUF_inst/O
                         net (fo=1, unplaced)         0.613     6.365    clk_IBUF
                         BUFG (Prop_bufg_I_O)         0.077     6.442 r  clk_IBUF_BUFG_inst/O
                         net (fo=287, unplaced)       0.439     6.881    u_booth_simd_pipe_dsp/clk_IBUF_BUFG
                         FDCE                                         r  u_booth_simd_pipe_dsp/conv_blk0_reg_reg[59]/C
                         clock pessimism              0.000     6.881    
                         clock uncertainty           -0.035     6.845    
                         FDCE (Setup_fdce_C_D)        0.072     6.917    u_booth_simd_pipe_dsp/conv_blk0_reg_reg[59]
  -------------------------------------------------------------------
                         required time                          6.917    
                         arrival time                          -8.971    
  -------------------------------------------------------------------
                         slack                                 -2.054    

Slack (VIOLATED) :        -2.054ns  (required time - arrival time)
  Source:                 img_flat_u8x25[87]
                            (input port clocked by clk  {rise@0.000ns fall@2.500ns period=5.000ns})
  Destination:            u_booth_simd_pipe_dsp/conv_blk0_reg_reg[79]/D
                            (rising edge-triggered cell FDCE clocked by clk  {rise@0.000ns fall@2.500ns period=5.000ns})
  Path Group:             clk
  Path Type:              Setup (Max at Slow Process Corner)
  Requirement:            5.000ns  (clk rise@5.000ns - clk rise@0.000ns)
  Data Path Delay:        8.971ns  (logic 5.981ns (66.670%)  route 2.990ns (33.330%))
  Logic Levels:           10  (CARRY4=6 DSP48E1=1 IBUF=1 LUT3=2)
  Input Delay:            0.000ns
  Clock Path Skew:        1.881ns (DCD - SCD + CPR)
    Destination Clock Delay (DCD):    1.881ns = ( 6.881 - 5.000 ) 
    Source Clock Delay      (SCD):    0.000ns
    Clock Pessimism Removal (CPR):    0.000ns
  Clock Uncertainty:      0.035ns  ((TSJ^2 + TIJ^2)^1/2 + DJ) / 2 + PE
    Total System Jitter     (TSJ):    0.071ns
    Total Input Jitter      (TIJ):    0.000ns
    Discrete Jitter          (DJ):    0.000ns
    Phase Error              (PE):    0.000ns

    Location             Delay type                Incr(ns)  Path(ns)    Netlist Resource(s)
  -------------------------------------------------------------------    -------------------
                         (clock clk rise edge)        0.000     0.000 r  
                         input delay                  0.000     0.000    
                                                      0.000     0.000 r  img_flat_u8x25[87] (IN)
                         net (fo=0)                   0.000     0.000    img_flat_u8x25[87]
                         IBUF (Prop_ibuf_I_O)         0.882     0.882 r  img_flat_u8x25_IBUF[87]_inst/O
                         net (fo=3, unplaced)         0.646     1.528    u_booth_simd_pipe_dsp/u_conv/gen_blk0_mul[3].gen_blk0_dsp.u_mul/u_lane3/img_flat_u8x25[7]
                         DSP48E1 (Prop_dsp48e1_A[7]_P[0])
                                                      3.230     4.758 r  u_booth_simd_pipe_dsp/u_conv/gen_blk0_mul[3].gen_blk0_dsp.u_mul/u_lane3/u_dsp48e1/P[0]
                         net (fo=3, unplaced)         0.646     5.403    u_booth_simd_pipe_dsp/u_conv/prod_blk0[3]_3[48]
                         LUT3 (Prop_lut3_I2_O)        0.105     5.508 r  u_booth_simd_pipe_dsp/u_conv/conv_blk0_reg[67]_i_15/O
                         net (fo=1, unplaced)         0.537     6.045    u_booth_simd_pipe_dsp/u_conv/conv_blk0_reg[67]_i_15_n_0
                         CARRY4 (Prop_carry4_DI[1]_CO[3])
                                                      0.430     6.475 r  u_booth_simd_pipe_dsp/u_conv/conv_blk0_reg_reg[67]_i_10/CO[3]
                         net (fo=1, unplaced)         0.008     6.483    u_booth_simd_pipe_dsp/u_conv/conv_blk0_reg_reg[67]_i_10_n_0
                         CARRY4 (Prop_carry4_CI_CO[3])
                                                      0.100     6.583 r  u_booth_simd_pipe_dsp/u_conv/conv_blk0_reg_reg[71]_i_10/CO[3]
                         net (fo=1, unplaced)         0.000     6.583    u_booth_simd_pipe_dsp/u_conv/conv_blk0_reg_reg[71]_i_10_n_0
                         CARRY4 (Prop_carry4_CI_CO[3])
                                                      0.100     6.683 r  u_booth_simd_pipe_dsp/u_conv/conv_blk0_reg_reg[75]_i_10/CO[3]
                         net (fo=1, unplaced)         0.000     6.683    u_booth_simd_pipe_dsp/u_conv/conv_blk0_reg_reg[75]_i_10_n_0
                         CARRY4 (Prop_carry4_CI_O[0])
                                                      0.189     6.872 r  u_booth_simd_pipe_dsp/u_conv/conv_blk0_reg_reg[79]_i_12/O[0]
                         net (fo=3, unplaced)         0.617     7.489    u_booth_simd_pipe_dsp/u_conv/conv_blk0_reg_reg[79]_i_12_n_7
                         LUT3 (Prop_lut3_I0_O)        0.238     7.727 r  u_booth_simd_pipe_dsp/u_conv/conv_blk0_reg[75]_i_4/O
                         net (fo=1, unplaced)         0.537     8.264    u_booth_simd_pipe_dsp/u_conv/conv_blk0_reg[75]_i_4_n_0
                         CARRY4 (Prop_carry4_DI[1]_CO[3])
                                                      0.430     8.694 r  u_booth_simd_pipe_dsp/u_conv/conv_blk0_reg_reg[75]_i_1/CO[3]
                         net (fo=1, unplaced)         0.000     8.694    u_booth_simd_pipe_dsp/u_conv/conv_blk0_reg_reg[75]_i_1_n_0
                         CARRY4 (Prop_carry4_CI_O[3])
                                                      0.277     8.971 r  u_booth_simd_pipe_dsp/u_conv/conv_blk0_reg_reg[79]_i_1/O[3]
                         net (fo=1, unplaced)         0.000     8.971    u_booth_simd_pipe_dsp/conv_blk0_s20x4[79]
                         FDCE                                         r  u_booth_simd_pipe_dsp/conv_blk0_reg_reg[79]/D
  -------------------------------------------------------------------    -------------------

                         (clock clk rise edge)        5.000     5.000 r  
                                                      0.000     5.000 r  clk (IN)
                         net (fo=0)                   0.000     5.000    clk
                         IBUF (Prop_ibuf_I_O)         0.751     5.751 r  clk_IBUF_inst/O
                         net (fo=1, unplaced)         0.613     6.365    clk_IBUF
                         BUFG (Prop_bufg_I_O)         0.077     6.442 r  clk_IBUF_BUFG_inst/O
                         net (fo=287, unplaced)       0.439     6.881    u_booth_simd_pipe_dsp/clk_IBUF_BUFG
                         FDCE                                         r  u_booth_simd_pipe_dsp/conv_blk0_reg_reg[79]/C
                         clock pessimism              0.000     6.881    
                         clock uncertainty           -0.035     6.845    
                         FDCE (Setup_fdce_C_D)        0.072     6.917    u_booth_simd_pipe_dsp/conv_blk0_reg_reg[79]
  -------------------------------------------------------------------
                         required time                          6.917    
                         arrival time                          -8.971    
  -------------------------------------------------------------------
                         slack                                 -2.054    

Slack (VIOLATED) :        -2.054ns  (required time - arrival time)
  Source:                 img_flat_u8x25[95]
                            (input port clocked by clk  {rise@0.000ns fall@2.500ns period=5.000ns})
  Destination:            u_booth_simd_pipe_dsp/conv_blk1_reg_reg[19]/D
                            (rising edge-triggered cell FDCE clocked by clk  {rise@0.000ns fall@2.500ns period=5.000ns})
  Path Group:             clk
  Path Type:              Setup (Max at Slow Process Corner)
  Requirement:            5.000ns  (clk rise@5.000ns - clk rise@0.000ns)
  Data Path Delay:        8.971ns  (logic 5.981ns (66.670%)  route 2.990ns (33.330%))
  Logic Levels:           10  (CARRY4=6 DSP48E1=1 IBUF=1 LUT3=2)
  Input Delay:            0.000ns
  Clock Path Skew:        1.881ns (DCD - SCD + CPR)
    Destination Clock Delay (DCD):    1.881ns = ( 6.881 - 5.000 ) 
    Source Clock Delay      (SCD):    0.000ns
    Clock Pessimism Removal (CPR):    0.000ns
  Clock Uncertainty:      0.035ns  ((TSJ^2 + TIJ^2)^1/2 + DJ) / 2 + PE
    Total System Jitter     (TSJ):    0.071ns
    Total Input Jitter      (TIJ):    0.000ns
    Discrete Jitter          (DJ):    0.000ns
    Phase Error              (PE):    0.000ns

    Location             Delay type                Incr(ns)  Path(ns)    Netlist Resource(s)
  -------------------------------------------------------------------    -------------------
                         (clock clk rise edge)        0.000     0.000 r  
                         input delay                  0.000     0.000    
                                                      0.000     0.000 r  img_flat_u8x25[95] (IN)
                         net (fo=0)                   0.000     0.000    img_flat_u8x25[95]
                         IBUF (Prop_ibuf_I_O)         0.882     0.882 r  img_flat_u8x25_IBUF[95]_inst/O
                         net (fo=6, unplaced)         0.646     1.528    u_booth_simd_pipe_dsp/u_conv/gen_blk1_mul[3].gen_blk1_dsp.u_mul/u_lane0/img_flat_u8x25[7]
                         DSP48E1 (Prop_dsp48e1_A[7]_P[0])
                                                      3.230     4.758 r  u_booth_simd_pipe_dsp/u_conv/gen_blk1_mul[3].gen_blk1_dsp.u_mul/u_lane0/u_dsp48e1/P[0]
                         net (fo=3, unplaced)         0.646     5.403    u_booth_simd_pipe_dsp/u_conv/prod_blk1[3]_12[0]
                         LUT3 (Prop_lut3_I2_O)        0.105     5.508 r  u_booth_simd_pipe_dsp/u_conv/conv_blk1_reg[7]_i_15/O
                         net (fo=1, unplaced)         0.537     6.045    u_booth_simd_pipe_dsp/u_conv/conv_blk1_reg[7]_i_15_n_0
                         CARRY4 (Prop_carry4_DI[1]_CO[3])
                                                      0.430     6.475 r  u_booth_simd_pipe_dsp/u_conv/conv_blk1_reg_reg[7]_i_10/CO[3]
                         net (fo=1, unplaced)         0.008     6.483    u_booth_simd_pipe_dsp/u_conv/conv_blk1_reg_reg[7]_i_10_n_0
                         CARRY4 (Prop_carry4_CI_CO[3])
                                                      0.100     6.583 r  u_booth_simd_pipe_dsp/u_conv/conv_blk1_reg_reg[11]_i_10/CO[3]
                         net (fo=1, unplaced)         0.000     6.583    u_booth_simd_pipe_dsp/u_conv/conv_blk1_reg_reg[11]_i_10_n_0
                         CARRY4 (Prop_carry4_CI_CO[3])
                                                      0.100     6.683 r  u_booth_simd_pipe_dsp/u_conv/conv_blk1_reg_reg[15]_i_10/CO[3]
                         net (fo=1, unplaced)         0.000     6.683    u_booth_simd_pipe_dsp/u_conv/conv_blk1_reg_reg[15]_i_10_n_0
                         CARRY4 (Prop_carry4_CI_O[0])
                                                      0.189     6.872 r  u_booth_simd_pipe_dsp/u_conv/conv_blk1_reg_reg[19]_i_12/O[0]
                         net (fo=3, unplaced)         0.617     7.489    u_booth_simd_pipe_dsp/u_conv/conv_blk1_reg_reg[19]_i_12_n_7
                         LUT3 (Prop_lut3_I0_O)        0.238     7.727 r  u_booth_simd_pipe_dsp/u_conv/conv_blk1_reg[15]_i_4/O
                         net (fo=1, unplaced)         0.537     8.264    u_booth_simd_pipe_dsp/u_conv/conv_blk1_reg[15]_i_4_n_0
                         CARRY4 (Prop_carry4_DI[1]_CO[3])
                                                      0.430     8.694 r  u_booth_simd_pipe_dsp/u_conv/conv_blk1_reg_reg[15]_i_1/CO[3]
                         net (fo=1, unplaced)         0.000     8.694    u_booth_simd_pipe_dsp/u_conv/conv_blk1_reg_reg[15]_i_1_n_0
                         CARRY4 (Prop_carry4_CI_O[3])
                                                      0.277     8.971 r  u_booth_simd_pipe_dsp/u_conv/conv_blk1_reg_reg[19]_i_1/O[3]
                         net (fo=1, unplaced)         0.000     8.971    u_booth_simd_pipe_dsp/conv_blk1_s20x4[19]
                         FDCE                                         r  u_booth_simd_pipe_dsp/conv_blk1_reg_reg[19]/D
  -------------------------------------------------------------------    -------------------

                         (clock clk rise edge)        5.000     5.000 r  
                                                      0.000     5.000 r  clk (IN)
                         net (fo=0)                   0.000     5.000    clk
                         IBUF (Prop_ibuf_I_O)         0.751     5.751 r  clk_IBUF_inst/O
                         net (fo=1, unplaced)         0.613     6.365    clk_IBUF
                         BUFG (Prop_bufg_I_O)         0.077     6.442 r  clk_IBUF_BUFG_inst/O
                         net (fo=287, unplaced)       0.439     6.881    u_booth_simd_pipe_dsp/clk_IBUF_BUFG
                         FDCE                                         r  u_booth_simd_pipe_dsp/conv_blk1_reg_reg[19]/C
                         clock pessimism              0.000     6.881    
                         clock uncertainty           -0.035     6.845    
                         FDCE (Setup_fdce_C_D)        0.072     6.917    u_booth_simd_pipe_dsp/conv_blk1_reg_reg[19]
  -------------------------------------------------------------------
                         required time                          6.917    
                         arrival time                          -8.971    
  -------------------------------------------------------------------
                         slack                                 -2.054    

Slack (VIOLATED) :        -2.054ns  (required time - arrival time)
  Source:                 img_flat_u8x25[103]
                            (input port clocked by clk  {rise@0.000ns fall@2.500ns period=5.000ns})
  Destination:            u_booth_simd_pipe_dsp/conv_blk1_reg_reg[39]/D
                            (rising edge-triggered cell FDCE clocked by clk  {rise@0.000ns fall@2.500ns period=5.000ns})
  Path Group:             clk
  Path Type:              Setup (Max at Slow Process Corner)
  Requirement:            5.000ns  (clk rise@5.000ns - clk rise@0.000ns)
  Data Path Delay:        8.971ns  (logic 5.981ns (66.670%)  route 2.990ns (33.330%))
  Logic Levels:           10  (CARRY4=6 DSP48E1=1 IBUF=1 LUT3=2)
  Input Delay:            0.000ns
  Clock Path Skew:        1.881ns (DCD - SCD + CPR)
    Destination Clock Delay (DCD):    1.881ns = ( 6.881 - 5.000 ) 
    Source Clock Delay      (SCD):    0.000ns
    Clock Pessimism Removal (CPR):    0.000ns
  Clock Uncertainty:      0.035ns  ((TSJ^2 + TIJ^2)^1/2 + DJ) / 2 + PE
    Total System Jitter     (TSJ):    0.071ns
    Total Input Jitter      (TIJ):    0.000ns
    Discrete Jitter          (DJ):    0.000ns
    Phase Error              (PE):    0.000ns

    Location             Delay type                Incr(ns)  Path(ns)    Netlist Resource(s)
  -------------------------------------------------------------------    -------------------
                         (clock clk rise edge)        0.000     0.000 r  
                         input delay                  0.000     0.000    
                                                      0.000     0.000 r  img_flat_u8x25[103] (IN)
                         net (fo=0)                   0.000     0.000    img_flat_u8x25[103]
                         IBUF (Prop_ibuf_I_O)         0.882     0.882 r  img_flat_u8x25_IBUF[103]_inst/O
                         net (fo=9, unplaced)         0.646     1.528    u_booth_simd_pipe_dsp/u_conv/gen_blk1_mul[3].gen_blk1_dsp.u_mul/u_lane1/img_flat_u8x25[7]
                         DSP48E1 (Prop_dsp48e1_A[7]_P[0])
                                                      3.230     4.758 r  u_booth_simd_pipe_dsp/u_conv/gen_blk1_mul[3].gen_blk1_dsp.u_mul/u_lane1/u_dsp48e1/P[0]
                         net (fo=3, unplaced)         0.646     5.403    u_booth_simd_pipe_dsp/u_conv/prod_blk1[3]_12[16]
                         LUT3 (Prop_lut3_I2_O)        0.105     5.508 r  u_booth_simd_pipe_dsp/u_conv/conv_blk1_reg[27]_i_15/O
                         net (fo=1, unplaced)         0.537     6.045    u_booth_simd_pipe_dsp/u_conv/conv_blk1_reg[27]_i_15_n_0
                         CARRY4 (Prop_carry4_DI[1]_CO[3])
                                                      0.430     6.475 r  u_booth_simd_pipe_dsp/u_conv/conv_blk1_reg_reg[27]_i_10/CO[3]
                         net (fo=1, unplaced)         0.008     6.483    u_booth_simd_pipe_dsp/u_conv/conv_blk1_reg_reg[27]_i_10_n_0
                         CARRY4 (Prop_carry4_CI_CO[3])
                                                      0.100     6.583 r  u_booth_simd_pipe_dsp/u_conv/conv_blk1_reg_reg[31]_i_10/CO[3]
                         net (fo=1, unplaced)         0.000     6.583    u_booth_simd_pipe_dsp/u_conv/conv_blk1_reg_reg[31]_i_10_n_0
                         CARRY4 (Prop_carry4_CI_CO[3])
                                                      0.100     6.683 r  u_booth_simd_pipe_dsp/u_conv/conv_blk1_reg_reg[35]_i_10/CO[3]
                         net (fo=1, unplaced)         0.000     6.683    u_booth_simd_pipe_dsp/u_conv/conv_blk1_reg_reg[35]_i_10_n_0
                         CARRY4 (Prop_carry4_CI_O[0])
                                                      0.189     6.872 r  u_booth_simd_pipe_dsp/u_conv/conv_blk1_reg_reg[39]_i_12/O[0]
                         net (fo=3, unplaced)         0.617     7.489    u_booth_simd_pipe_dsp/u_conv/conv_blk1_reg_reg[39]_i_12_n_7
                         LUT3 (Prop_lut3_I0_O)        0.238     7.727 r  u_booth_simd_pipe_dsp/u_conv/conv_blk1_reg[35]_i_4/O
                         net (fo=1, unplaced)         0.537     8.264    u_booth_simd_pipe_dsp/u_conv/conv_blk1_reg[35]_i_4_n_0
                         CARRY4 (Prop_carry4_DI[1]_CO[3])
                                                      0.430     8.694 r  u_booth_simd_pipe_dsp/u_conv/conv_blk1_reg_reg[35]_i_1/CO[3]
                         net (fo=1, unplaced)         0.000     8.694    u_booth_simd_pipe_dsp/u_conv/conv_blk1_reg_reg[35]_i_1_n_0
                         CARRY4 (Prop_carry4_CI_O[3])
                                                      0.277     8.971 r  u_booth_simd_pipe_dsp/u_conv/conv_blk1_reg_reg[39]_i_1/O[3]
                         net (fo=1, unplaced)         0.000     8.971    u_booth_simd_pipe_dsp/conv_blk1_s20x4[39]
                         FDCE                                         r  u_booth_simd_pipe_dsp/conv_blk1_reg_reg[39]/D
  -------------------------------------------------------------------    -------------------

                         (clock clk rise edge)        5.000     5.000 r  
                                                      0.000     5.000 r  clk (IN)
                         net (fo=0)                   0.000     5.000    clk
                         IBUF (Prop_ibuf_I_O)         0.751     5.751 r  clk_IBUF_inst/O
                         net (fo=1, unplaced)         0.613     6.365    clk_IBUF
                         BUFG (Prop_bufg_I_O)         0.077     6.442 r  clk_IBUF_BUFG_inst/O
                         net (fo=287, unplaced)       0.439     6.881    u_booth_simd_pipe_dsp/clk_IBUF_BUFG
                         FDCE                                         r  u_booth_simd_pipe_dsp/conv_blk1_reg_reg[39]/C
                         clock pessimism              0.000     6.881    
                         clock uncertainty           -0.035     6.845    
                         FDCE (Setup_fdce_C_D)        0.072     6.917    u_booth_simd_pipe_dsp/conv_blk1_reg_reg[39]
  -------------------------------------------------------------------
                         required time                          6.917    
                         arrival time                          -8.971    
  -------------------------------------------------------------------
                         slack                                 -2.054    

Slack (VIOLATED) :        -2.054ns  (required time - arrival time)
  Source:                 img_flat_u8x25[127]
                            (input port clocked by clk  {rise@0.000ns fall@2.500ns period=5.000ns})
  Destination:            u_booth_simd_pipe_dsp/conv_blk1_reg_reg[59]/D
                            (rising edge-triggered cell FDCE clocked by clk  {rise@0.000ns fall@2.500ns period=5.000ns})
  Path Group:             clk
  Path Type:              Setup (Max at Slow Process Corner)
  Requirement:            5.000ns  (clk rise@5.000ns - clk rise@0.000ns)
  Data Path Delay:        8.971ns  (logic 5.981ns (66.670%)  route 2.990ns (33.330%))
  Logic Levels:           10  (CARRY4=6 DSP48E1=1 IBUF=1 LUT3=2)
  Input Delay:            0.000ns
  Clock Path Skew:        1.881ns (DCD - SCD + CPR)
    Destination Clock Delay (DCD):    1.881ns = ( 6.881 - 5.000 ) 
    Source Clock Delay      (SCD):    0.000ns
    Clock Pessimism Removal (CPR):    0.000ns
  Clock Uncertainty:      0.035ns  ((TSJ^2 + TIJ^2)^1/2 + DJ) / 2 + PE
    Total System Jitter     (TSJ):    0.071ns
    Total Input Jitter      (TIJ):    0.000ns
    Discrete Jitter          (DJ):    0.000ns
    Phase Error              (PE):    0.000ns

    Location             Delay type                Incr(ns)  Path(ns)    Netlist Resource(s)
  -------------------------------------------------------------------    -------------------
                         (clock clk rise edge)        0.000     0.000 r  
                         input delay                  0.000     0.000    
                                                      0.000     0.000 r  img_flat_u8x25[127] (IN)
                         net (fo=0)                   0.000     0.000    img_flat_u8x25[127]
                         IBUF (Prop_ibuf_I_O)         0.882     0.882 r  img_flat_u8x25_IBUF[127]_inst/O
                         net (fo=2, unplaced)         0.646     1.528    u_booth_simd_pipe_dsp/u_conv/gen_blk1_mul[3].gen_blk1_dsp.u_mul/u_lane2/img_flat_u8x25[7]
                         DSP48E1 (Prop_dsp48e1_A[7]_P[0])
                                                      3.230     4.758 r  u_booth_simd_pipe_dsp/u_conv/gen_blk1_mul[3].gen_blk1_dsp.u_mul/u_lane2/u_dsp48e1/P[0]
                         net (fo=3, unplaced)         0.646     5.403    u_booth_simd_pipe_dsp/u_conv/prod_blk1[3]_12[32]
                         LUT3 (Prop_lut3_I2_O)        0.105     5.508 r  u_booth_simd_pipe_dsp/u_conv/conv_blk1_reg[47]_i_15/O
                         net (fo=1, unplaced)         0.537     6.045    u_booth_simd_pipe_dsp/u_conv/conv_blk1_reg[47]_i_15_n_0
                         CARRY4 (Prop_carry4_DI[1]_CO[3])
                                                      0.430     6.475 r  u_booth_simd_pipe_dsp/u_conv/conv_blk1_reg_reg[47]_i_10/CO[3]
                         net (fo=1, unplaced)         0.008     6.483    u_booth_simd_pipe_dsp/u_conv/conv_blk1_reg_reg[47]_i_10_n_0
                         CARRY4 (Prop_carry4_CI_CO[3])
                                                      0.100     6.583 r  u_booth_simd_pipe_dsp/u_conv/conv_blk1_reg_reg[51]_i_10/CO[3]
                         net (fo=1, unplaced)         0.000     6.583    u_booth_simd_pipe_dsp/u_conv/conv_blk1_reg_reg[51]_i_10_n_0
                         CARRY4 (Prop_carry4_CI_CO[3])
                                                      0.100     6.683 r  u_booth_simd_pipe_dsp/u_conv/conv_blk1_reg_reg[55]_i_10/CO[3]
                         net (fo=1, unplaced)         0.000     6.683    u_booth_simd_pipe_dsp/u_conv/conv_blk1_reg_reg[55]_i_10_n_0
                         CARRY4 (Prop_carry4_CI_O[0])
                                                      0.189     6.872 r  u_booth_simd_pipe_dsp/u_conv/conv_blk1_reg_reg[59]_i_12/O[0]
                         net (fo=3, unplaced)         0.617     7.489    u_booth_simd_pipe_dsp/u_conv/conv_blk1_reg_reg[59]_i_12_n_7
                         LUT3 (Prop_lut3_I0_O)        0.238     7.727 r  u_booth_simd_pipe_dsp/u_conv/conv_blk1_reg[55]_i_4/O
                         net (fo=1, unplaced)         0.537     8.264    u_booth_simd_pipe_dsp/u_conv/conv_blk1_reg[55]_i_4_n_0
                         CARRY4 (Prop_carry4_DI[1]_CO[3])
                                                      0.430     8.694 r  u_booth_simd_pipe_dsp/u_conv/conv_blk1_reg_reg[55]_i_1/CO[3]
                         net (fo=1, unplaced)         0.000     8.694    u_booth_simd_pipe_dsp/u_conv/conv_blk1_reg_reg[55]_i_1_n_0
                         CARRY4 (Prop_carry4_CI_O[3])
                                                      0.277     8.971 r  u_booth_simd_pipe_dsp/u_conv/conv_blk1_reg_reg[59]_i_1/O[3]
                         net (fo=1, unplaced)         0.000     8.971    u_booth_simd_pipe_dsp/conv_blk1_s20x4[59]
                         FDCE                                         r  u_booth_simd_pipe_dsp/conv_blk1_reg_reg[59]/D
  -------------------------------------------------------------------    -------------------

                         (clock clk rise edge)        5.000     5.000 r  
                                                      0.000     5.000 r  clk (IN)
                         net (fo=0)                   0.000     5.000    clk
                         IBUF (Prop_ibuf_I_O)         0.751     5.751 r  clk_IBUF_inst/O
                         net (fo=1, unplaced)         0.613     6.365    clk_IBUF
                         BUFG (Prop_bufg_I_O)         0.077     6.442 r  clk_IBUF_BUFG_inst/O
                         net (fo=287, unplaced)       0.439     6.881    u_booth_simd_pipe_dsp/clk_IBUF_BUFG
                         FDCE                                         r  u_booth_simd_pipe_dsp/conv_blk1_reg_reg[59]/C
                         clock pessimism              0.000     6.881    
                         clock uncertainty           -0.035     6.845    
                         FDCE (Setup_fdce_C_D)        0.072     6.917    u_booth_simd_pipe_dsp/conv_blk1_reg_reg[59]
  -------------------------------------------------------------------
                         required time                          6.917    
                         arrival time                          -8.971    
  -------------------------------------------------------------------
                         slack                                 -2.054    

Slack (VIOLATED) :        -2.054ns  (required time - arrival time)
  Source:                 img_flat_u8x25[135]
                            (input port clocked by clk  {rise@0.000ns fall@2.500ns period=5.000ns})
  Destination:            u_booth_simd_pipe_dsp/conv_blk1_reg_reg[79]/D
                            (rising edge-triggered cell FDCE clocked by clk  {rise@0.000ns fall@2.500ns period=5.000ns})
  Path Group:             clk
  Path Type:              Setup (Max at Slow Process Corner)
  Requirement:            5.000ns  (clk rise@5.000ns - clk rise@0.000ns)
  Data Path Delay:        8.971ns  (logic 5.981ns (66.670%)  route 2.990ns (33.330%))
  Logic Levels:           10  (CARRY4=6 DSP48E1=1 IBUF=1 LUT3=2)
  Input Delay:            0.000ns
  Clock Path Skew:        1.881ns (DCD - SCD + CPR)
    Destination Clock Delay (DCD):    1.881ns = ( 6.881 - 5.000 ) 
    Source Clock Delay      (SCD):    0.000ns
    Clock Pessimism Removal (CPR):    0.000ns
  Clock Uncertainty:      0.035ns  ((TSJ^2 + TIJ^2)^1/2 + DJ) / 2 + PE
    Total System Jitter     (TSJ):    0.071ns
    Total Input Jitter      (TIJ):    0.000ns
    Discrete Jitter          (DJ):    0.000ns
    Phase Error              (PE):    0.000ns

    Location             Delay type                Incr(ns)  Path(ns)    Netlist Resource(s)
  -------------------------------------------------------------------    -------------------
                         (clock clk rise edge)        0.000     0.000 r  
                         input delay                  0.000     0.000    
                                                      0.000     0.000 r  img_flat_u8x25[135] (IN)
                         net (fo=0)                   0.000     0.000    img_flat_u8x25[135]
                         IBUF (Prop_ibuf_I_O)         0.882     0.882 r  img_flat_u8x25_IBUF[135]_inst/O
                         net (fo=4, unplaced)         0.646     1.528    u_booth_simd_pipe_dsp/u_conv/gen_blk1_mul[3].gen_blk1_dsp.u_mul/u_lane3/img_flat_u8x25[7]
                         DSP48E1 (Prop_dsp48e1_A[7]_P[0])
                                                      3.230     4.758 r  u_booth_simd_pipe_dsp/u_conv/gen_blk1_mul[3].gen_blk1_dsp.u_mul/u_lane3/u_dsp48e1/P[0]
                         net (fo=3, unplaced)         0.646     5.403    u_booth_simd_pipe_dsp/u_conv/prod_blk1[3]_12[48]
                         LUT3 (Prop_lut3_I2_O)        0.105     5.508 r  u_booth_simd_pipe_dsp/u_conv/conv_blk1_reg[67]_i_15/O
                         net (fo=1, unplaced)         0.537     6.045    u_booth_simd_pipe_dsp/u_conv/conv_blk1_reg[67]_i_15_n_0
                         CARRY4 (Prop_carry4_DI[1]_CO[3])
                                                      0.430     6.475 r  u_booth_simd_pipe_dsp/u_conv/conv_blk1_reg_reg[67]_i_10/CO[3]
                         net (fo=1, unplaced)         0.008     6.483    u_booth_simd_pipe_dsp/u_conv/conv_blk1_reg_reg[67]_i_10_n_0
                         CARRY4 (Prop_carry4_CI_CO[3])
                                                      0.100     6.583 r  u_booth_simd_pipe_dsp/u_conv/conv_blk1_reg_reg[71]_i_10/CO[3]
                         net (fo=1, unplaced)         0.000     6.583    u_booth_simd_pipe_dsp/u_conv/conv_blk1_reg_reg[71]_i_10_n_0
                         CARRY4 (Prop_carry4_CI_CO[3])
                                                      0.100     6.683 r  u_booth_simd_pipe_dsp/u_conv/conv_blk1_reg_reg[75]_i_10/CO[3]
                         net (fo=1, unplaced)         0.000     6.683    u_booth_simd_pipe_dsp/u_conv/conv_blk1_reg_reg[75]_i_10_n_0
                         CARRY4 (Prop_carry4_CI_O[0])
                                                      0.189     6.872 r  u_booth_simd_pipe_dsp/u_conv/conv_blk1_reg_reg[79]_i_12/O[0]
                         net (fo=3, unplaced)         0.617     7.489    u_booth_simd_pipe_dsp/u_conv/conv_blk1_reg_reg[79]_i_12_n_7
                         LUT3 (Prop_lut3_I0_O)        0.238     7.727 r  u_booth_simd_pipe_dsp/u_conv/conv_blk1_reg[75]_i_4/O
                         net (fo=1, unplaced)         0.537     8.264    u_booth_simd_pipe_dsp/u_conv/conv_blk1_reg[75]_i_4_n_0
                         CARRY4 (Prop_carry4_DI[1]_CO[3])
                                                      0.430     8.694 r  u_booth_simd_pipe_dsp/u_conv/conv_blk1_reg_reg[75]_i_1/CO[3]
                         net (fo=1, unplaced)         0.000     8.694    u_booth_simd_pipe_dsp/u_conv/conv_blk1_reg_reg[75]_i_1_n_0
                         CARRY4 (Prop_carry4_CI_O[3])
                                                      0.277     8.971 r  u_booth_simd_pipe_dsp/u_conv/conv_blk1_reg_reg[79]_i_1/O[3]
                         net (fo=1, unplaced)         0.000     8.971    u_booth_simd_pipe_dsp/conv_blk1_s20x4[79]
                         FDCE                                         r  u_booth_simd_pipe_dsp/conv_blk1_reg_reg[79]/D
  -------------------------------------------------------------------    -------------------

                         (clock clk rise edge)        5.000     5.000 r  
                                                      0.000     5.000 r  clk (IN)
                         net (fo=0)                   0.000     5.000    clk
                         IBUF (Prop_ibuf_I_O)         0.751     5.751 r  clk_IBUF_inst/O
                         net (fo=1, unplaced)         0.613     6.365    clk_IBUF
                         BUFG (Prop_bufg_I_O)         0.077     6.442 r  clk_IBUF_BUFG_inst/O
                         net (fo=287, unplaced)       0.439     6.881    u_booth_simd_pipe_dsp/clk_IBUF_BUFG
                         FDCE                                         r  u_booth_simd_pipe_dsp/conv_blk1_reg_reg[79]/C
                         clock pessimism              0.000     6.881    
                         clock uncertainty           -0.035     6.845    
                         FDCE (Setup_fdce_C_D)        0.072     6.917    u_booth_simd_pipe_dsp/conv_blk1_reg_reg[79]
  -------------------------------------------------------------------
                         required time                          6.917    
                         arrival time                          -8.971    
  -------------------------------------------------------------------
                         slack                                 -2.054    

Slack (VIOLATED) :        -2.054ns  (required time - arrival time)
  Source:                 img_flat_u8x25[143]
                            (input port clocked by clk  {rise@0.000ns fall@2.500ns period=5.000ns})
  Destination:            u_booth_simd_pipe_dsp/conv_blk2_reg_reg[19]/D
                            (rising edge-triggered cell FDCE clocked by clk  {rise@0.000ns fall@2.500ns period=5.000ns})
  Path Group:             clk
  Path Type:              Setup (Max at Slow Process Corner)
  Requirement:            5.000ns  (clk rise@5.000ns - clk rise@0.000ns)
  Data Path Delay:        8.971ns  (logic 5.981ns (66.670%)  route 2.990ns (33.330%))
  Logic Levels:           10  (CARRY4=6 DSP48E1=1 IBUF=1 LUT3=2)
  Input Delay:            0.000ns
  Clock Path Skew:        1.881ns (DCD - SCD + CPR)
    Destination Clock Delay (DCD):    1.881ns = ( 6.881 - 5.000 ) 
    Source Clock Delay      (SCD):    0.000ns
    Clock Pessimism Removal (CPR):    0.000ns
  Clock Uncertainty:      0.035ns  ((TSJ^2 + TIJ^2)^1/2 + DJ) / 2 + PE
    Total System Jitter     (TSJ):    0.071ns
    Total Input Jitter      (TIJ):    0.000ns
    Discrete Jitter          (DJ):    0.000ns
    Phase Error              (PE):    0.000ns

    Location             Delay type                Incr(ns)  Path(ns)    Netlist Resource(s)
  -------------------------------------------------------------------    -------------------
                         (clock clk rise edge)        0.000     0.000 r  
                         input delay                  0.000     0.000    
                                                      0.000     0.000 r  img_flat_u8x25[143] (IN)
                         net (fo=0)                   0.000     0.000    img_flat_u8x25[143]
                         IBUF (Prop_ibuf_I_O)         0.882     0.882 r  img_flat_u8x25_IBUF[143]_inst/O
                         net (fo=6, unplaced)         0.646     1.528    u_booth_simd_pipe_dsp/u_conv/gen_blk2_mul[3].gen_blk2_dsp.u_mul/u_lane0/img_flat_u8x25[7]
                         DSP48E1 (Prop_dsp48e1_A[7]_P[0])
                                                      3.230     4.758 r  u_booth_simd_pipe_dsp/u_conv/gen_blk2_mul[3].gen_blk2_dsp.u_mul/u_lane0/u_dsp48e1/P[0]
                         net (fo=3, unplaced)         0.646     5.403    u_booth_simd_pipe_dsp/u_conv/prod_blk2[3]_21[0]
                         LUT3 (Prop_lut3_I2_O)        0.105     5.508 r  u_booth_simd_pipe_dsp/u_conv/conv_blk2_reg[7]_i_15/O
                         net (fo=1, unplaced)         0.537     6.045    u_booth_simd_pipe_dsp/u_conv/conv_blk2_reg[7]_i_15_n_0
                         CARRY4 (Prop_carry4_DI[1]_CO[3])
                                                      0.430     6.475 r  u_booth_simd_pipe_dsp/u_conv/conv_blk2_reg_reg[7]_i_10/CO[3]
                         net (fo=1, unplaced)         0.008     6.483    u_booth_simd_pipe_dsp/u_conv/conv_blk2_reg_reg[7]_i_10_n_0
                         CARRY4 (Prop_carry4_CI_CO[3])
                                                      0.100     6.583 r  u_booth_simd_pipe_dsp/u_conv/conv_blk2_reg_reg[11]_i_10/CO[3]
                         net (fo=1, unplaced)         0.000     6.583    u_booth_simd_pipe_dsp/u_conv/conv_blk2_reg_reg[11]_i_10_n_0
                         CARRY4 (Prop_carry4_CI_CO[3])
                                                      0.100     6.683 r  u_booth_simd_pipe_dsp/u_conv/conv_blk2_reg_reg[15]_i_10/CO[3]
                         net (fo=1, unplaced)         0.000     6.683    u_booth_simd_pipe_dsp/u_conv/conv_blk2_reg_reg[15]_i_10_n_0
                         CARRY4 (Prop_carry4_CI_O[0])
                                                      0.189     6.872 r  u_booth_simd_pipe_dsp/u_conv/conv_blk2_reg_reg[19]_i_12/O[0]
                         net (fo=3, unplaced)         0.617     7.489    u_booth_simd_pipe_dsp/u_conv/conv_blk2_reg_reg[19]_i_12_n_7
                         LUT3 (Prop_lut3_I0_O)        0.238     7.727 r  u_booth_simd_pipe_dsp/u_conv/conv_blk2_reg[15]_i_4/O
                         net (fo=1, unplaced)         0.537     8.264    u_booth_simd_pipe_dsp/u_conv/conv_blk2_reg[15]_i_4_n_0
                         CARRY4 (Prop_carry4_DI[1]_CO[3])
                                                      0.430     8.694 r  u_booth_simd_pipe_dsp/u_conv/conv_blk2_reg_reg[15]_i_1/CO[3]
                         net (fo=1, unplaced)         0.000     8.694    u_booth_simd_pipe_dsp/u_conv/conv_blk2_reg_reg[15]_i_1_n_0
                         CARRY4 (Prop_carry4_CI_O[3])
                                                      0.277     8.971 r  u_booth_simd_pipe_dsp/u_conv/conv_blk2_reg_reg[19]_i_1/O[3]
                         net (fo=1, unplaced)         0.000     8.971    u_booth_simd_pipe_dsp/conv_blk2_s20x4[19]
                         FDCE                                         r  u_booth_simd_pipe_dsp/conv_blk2_reg_reg[19]/D
  -------------------------------------------------------------------    -------------------

                         (clock clk rise edge)        5.000     5.000 r  
                                                      0.000     5.000 r  clk (IN)
                         net (fo=0)                   0.000     5.000    clk
                         IBUF (Prop_ibuf_I_O)         0.751     5.751 r  clk_IBUF_inst/O
                         net (fo=1, unplaced)         0.613     6.365    clk_IBUF
                         BUFG (Prop_bufg_I_O)         0.077     6.442 r  clk_IBUF_BUFG_inst/O
                         net (fo=287, unplaced)       0.439     6.881    u_booth_simd_pipe_dsp/clk_IBUF_BUFG
                         FDCE                                         r  u_booth_simd_pipe_dsp/conv_blk2_reg_reg[19]/C
                         clock pessimism              0.000     6.881    
                         clock uncertainty           -0.035     6.845    
                         FDCE (Setup_fdce_C_D)        0.072     6.917    u_booth_simd_pipe_dsp/conv_blk2_reg_reg[19]
  -------------------------------------------------------------------
                         required time                          6.917    
                         arrival time                          -8.971    
  -------------------------------------------------------------------
                         slack                                 -2.054    

Slack (VIOLATED) :        -2.046ns  (required time - arrival time)
  Source:                 img_flat_u8x25[47]
                            (input port clocked by clk  {rise@0.000ns fall@2.500ns period=5.000ns})
  Destination:            u_booth_simd_pipe_dsp/conv_blk0_reg_reg[17]/D
                            (rising edge-triggered cell FDCE clocked by clk  {rise@0.000ns fall@2.500ns period=5.000ns})
  Path Group:             clk
  Path Type:              Setup (Max at Slow Process Corner)
  Requirement:            5.000ns  (clk rise@5.000ns - clk rise@0.000ns)
  Data Path Delay:        8.963ns  (logic 5.973ns (66.640%)  route 2.990ns (33.360%))
  Logic Levels:           10  (CARRY4=6 DSP48E1=1 IBUF=1 LUT3=2)
  Input Delay:            0.000ns
  Clock Path Skew:        1.881ns (DCD - SCD + CPR)
    Destination Clock Delay (DCD):    1.881ns = ( 6.881 - 5.000 ) 
    Source Clock Delay      (SCD):    0.000ns
    Clock Pessimism Removal (CPR):    0.000ns
  Clock Uncertainty:      0.035ns  ((TSJ^2 + TIJ^2)^1/2 + DJ) / 2 + PE
    Total System Jitter     (TSJ):    0.071ns
    Total Input Jitter      (TIJ):    0.000ns
    Discrete Jitter          (DJ):    0.000ns
    Phase Error              (PE):    0.000ns

    Location             Delay type                Incr(ns)  Path(ns)    Netlist Resource(s)
  -------------------------------------------------------------------    -------------------
                         (clock clk rise edge)        0.000     0.000 r  
                         input delay                  0.000     0.000    
                                                      0.000     0.000 r  img_flat_u8x25[47] (IN)
                         net (fo=0)                   0.000     0.000    img_flat_u8x25[47]
                         IBUF (Prop_ibuf_I_O)         0.882     0.882 r  img_flat_u8x25_IBUF[47]_inst/O
                         net (fo=2, unplaced)         0.646     1.528    u_booth_simd_pipe_dsp/u_conv/gen_blk0_mul[3].gen_blk0_dsp.u_mul/u_lane0/img_flat_u8x25[7]
                         DSP48E1 (Prop_dsp48e1_A[7]_P[0])
                                                      3.230     4.758 r  u_booth_simd_pipe_dsp/u_conv/gen_blk0_mul[3].gen_blk0_dsp.u_mul/u_lane0/u_dsp48e1/P[0]
                         net (fo=3, unplaced)         0.646     5.403    u_booth_simd_pipe_dsp/u_conv/prod_blk0[3]_3[0]
                         LUT3 (Prop_lut3_I2_O)        0.105     5.508 r  u_booth_simd_pipe_dsp/u_conv/conv_blk0_reg[7]_i_15/O
                         net (fo=1, unplaced)         0.537     6.045    u_booth_simd_pipe_dsp/u_conv/conv_blk0_reg[7]_i_15_n_0
                         CARRY4 (Prop_carry4_DI[1]_CO[3])
                                                      0.430     6.475 r  u_booth_simd_pipe_dsp/u_conv/conv_blk0_reg_reg[7]_i_10/CO[3]
                         net (fo=1, unplaced)         0.008     6.483    u_booth_simd_pipe_dsp/u_conv/conv_blk0_reg_reg[7]_i_10_n_0
                         CARRY4 (Prop_carry4_CI_CO[3])
                                                      0.100     6.583 r  u_booth_simd_pipe_dsp/u_conv/conv_blk0_reg_reg[11]_i_10/CO[3]
                         net (fo=1, unplaced)         0.000     6.583    u_booth_simd_pipe_dsp/u_conv/conv_blk0_reg_reg[11]_i_10_n_0
                         CARRY4 (Prop_carry4_CI_CO[3])
                                                      0.100     6.683 r  u_booth_simd_pipe_dsp/u_conv/conv_blk0_reg_reg[15]_i_10/CO[3]
                         net (fo=1, unplaced)         0.000     6.683    u_booth_simd_pipe_dsp/u_conv/conv_blk0_reg_reg[15]_i_10_n_0
                         CARRY4 (Prop_carry4_CI_O[0])
                                                      0.189     6.872 r  u_booth_simd_pipe_dsp/u_conv/conv_blk0_reg_reg[19]_i_12/O[0]
                         net (fo=3, unplaced)         0.617     7.489    u_booth_simd_pipe_dsp/u_conv/conv_blk0_reg_reg[19]_i_12_n_7
                         LUT3 (Prop_lut3_I0_O)        0.238     7.727 r  u_booth_simd_pipe_dsp/u_conv/conv_blk0_reg[15]_i_4/O
                         net (fo=1, unplaced)         0.537     8.264    u_booth_simd_pipe_dsp/u_conv/conv_blk0_reg[15]_i_4_n_0
                         CARRY4 (Prop_carry4_DI[1]_CO[3])
                                                      0.430     8.694 r  u_booth_simd_pipe_dsp/u_conv/conv_blk0_reg_reg[15]_i_1/CO[3]
                         net (fo=1, unplaced)         0.000     8.694    u_booth_simd_pipe_dsp/u_conv/conv_blk0_reg_reg[15]_i_1_n_0
                         CARRY4 (Prop_carry4_CI_O[1])
                                                      0.269     8.963 r  u_booth_simd_pipe_dsp/u_conv/conv_blk0_reg_reg[19]_i_1/O[1]
                         net (fo=1, unplaced)         0.000     8.963    u_booth_simd_pipe_dsp/conv_blk0_s20x4[17]
                         FDCE                                         r  u_booth_simd_pipe_dsp/conv_blk0_reg_reg[17]/D
  -------------------------------------------------------------------    -------------------

                         (clock clk rise edge)        5.000     5.000 r  
                                                      0.000     5.000 r  clk (IN)
                         net (fo=0)                   0.000     5.000    clk
                         IBUF (Prop_ibuf_I_O)         0.751     5.751 r  clk_IBUF_inst/O
                         net (fo=1, unplaced)         0.613     6.365    clk_IBUF
                         BUFG (Prop_bufg_I_O)         0.077     6.442 r  clk_IBUF_BUFG_inst/O
                         net (fo=287, unplaced)       0.439     6.881    u_booth_simd_pipe_dsp/clk_IBUF_BUFG
                         FDCE                                         r  u_booth_simd_pipe_dsp/conv_blk0_reg_reg[17]/C
                         clock pessimism              0.000     6.881    
                         clock uncertainty           -0.035     6.845    
                         FDCE (Setup_fdce_C_D)        0.072     6.917    u_booth_simd_pipe_dsp/conv_blk0_reg_reg[17]
  -------------------------------------------------------------------
                         required time                          6.917    
                         arrival time                          -8.963    
  -------------------------------------------------------------------
                         slack                                 -2.046    





Pulse Width Checks
--------------------------------------------------------------------------------------
Clock Name:         clk
Waveform(ns):       { 0.000 2.500 }
Period(ns):         5.000
Sources:            { clk }

Check Type        Corner  Lib Pin  Reference Pin  Required(ns)  Actual(ns)  Slack(ns)  Location  Pin
Min Period        n/a     BUFG/I   n/a            1.592         5.000       3.408                clk_IBUF_BUFG_inst/I
Min Period        n/a     FDCE/C   n/a            1.000         5.000       4.000                u_booth_simd_pipe_dsp/conv_blk0_reg_reg[0]/C
Min Period        n/a     FDCE/C   n/a            1.000         5.000       4.000                u_booth_simd_pipe_dsp/conv_blk0_reg_reg[10]/C
Min Period        n/a     FDCE/C   n/a            1.000         5.000       4.000                u_booth_simd_pipe_dsp/conv_blk0_reg_reg[11]/C
Min Period        n/a     FDCE/C   n/a            1.000         5.000       4.000                u_booth_simd_pipe_dsp/conv_blk0_reg_reg[12]/C
Min Period        n/a     FDCE/C   n/a            1.000         5.000       4.000                u_booth_simd_pipe_dsp/conv_blk0_reg_reg[13]/C
Min Period        n/a     FDCE/C   n/a            1.000         5.000       4.000                u_booth_simd_pipe_dsp/conv_blk0_reg_reg[14]/C
Min Period        n/a     FDCE/C   n/a            1.000         5.000       4.000                u_booth_simd_pipe_dsp/conv_blk0_reg_reg[15]/C
Min Period        n/a     FDCE/C   n/a            1.000         5.000       4.000                u_booth_simd_pipe_dsp/conv_blk0_reg_reg[16]/C
Min Period        n/a     FDCE/C   n/a            1.000         5.000       4.000                u_booth_simd_pipe_dsp/conv_blk0_reg_reg[17]/C
Low Pulse Width   Slow    FDCE/C   n/a            0.500         2.500       2.000                u_booth_simd_pipe_dsp/conv_blk0_reg_reg[0]/C
Low Pulse Width   Fast    FDCE/C   n/a            0.500         2.500       2.000                u_booth_simd_pipe_dsp/conv_blk0_reg_reg[0]/C
Low Pulse Width   Slow    FDCE/C   n/a            0.500         2.500       2.000                u_booth_simd_pipe_dsp/conv_blk0_reg_reg[10]/C
Low Pulse Width   Fast    FDCE/C   n/a            0.500         2.500       2.000                u_booth_simd_pipe_dsp/conv_blk0_reg_reg[10]/C
Low Pulse Width   Slow    FDCE/C   n/a            0.500         2.500       2.000                u_booth_simd_pipe_dsp/conv_blk0_reg_reg[11]/C
Low Pulse Width   Fast    FDCE/C   n/a            0.500         2.500       2.000                u_booth_simd_pipe_dsp/conv_blk0_reg_reg[11]/C
Low Pulse Width   Slow    FDCE/C   n/a            0.500         2.500       2.000                u_booth_simd_pipe_dsp/conv_blk0_reg_reg[12]/C
Low Pulse Width   Fast    FDCE/C   n/a            0.500         2.500       2.000                u_booth_simd_pipe_dsp/conv_blk0_reg_reg[12]/C
Low Pulse Width   Slow    FDCE/C   n/a            0.500         2.500       2.000                u_booth_simd_pipe_dsp/conv_blk0_reg_reg[13]/C
Low Pulse Width   Fast    FDCE/C   n/a            0.500         2.500       2.000                u_booth_simd_pipe_dsp/conv_blk0_reg_reg[13]/C
High Pulse Width  Slow    FDCE/C   n/a            0.500         2.500       2.000                u_booth_simd_pipe_dsp/conv_blk0_reg_reg[0]/C
High Pulse Width  Fast    FDCE/C   n/a            0.500         2.500       2.000                u_booth_simd_pipe_dsp/conv_blk0_reg_reg[0]/C
High Pulse Width  Slow    FDCE/C   n/a            0.500         2.500       2.000                u_booth_simd_pipe_dsp/conv_blk0_reg_reg[10]/C
High Pulse Width  Fast    FDCE/C   n/a            0.500         2.500       2.000                u_booth_simd_pipe_dsp/conv_blk0_reg_reg[10]/C
High Pulse Width  Slow    FDCE/C   n/a            0.500         2.500       2.000                u_booth_simd_pipe_dsp/conv_blk0_reg_reg[11]/C
High Pulse Width  Fast    FDCE/C   n/a            0.500         2.500       2.000                u_booth_simd_pipe_dsp/conv_blk0_reg_reg[11]/C
High Pulse Width  Slow    FDCE/C   n/a            0.500         2.500       2.000                u_booth_simd_pipe_dsp/conv_blk0_reg_reg[12]/C
High Pulse Width  Fast    FDCE/C   n/a            0.500         2.500       2.000                u_booth_simd_pipe_dsp/conv_blk0_reg_reg[12]/C
High Pulse Width  Slow    FDCE/C   n/a            0.500         2.500       2.000                u_booth_simd_pipe_dsp/conv_blk0_reg_reg[13]/C
High Pulse Width  Fast    FDCE/C   n/a            0.500         2.500       2.000                u_booth_simd_pipe_dsp/conv_blk0_reg_reg[13]/C



---------------------------------------------------------------------------------------------------
Path Group:  **async_default**
From Clock:  clk
  To Clock:  clk

Setup :            0  Failing Endpoints,  Worst Slack        4.109ns,  Total Violation        0.000ns
Hold  :           NA  Failing Endpoints,  Worst Slack           NA  ,  Total Violation           NA
---------------------------------------------------------------------------------------------------


Max Delay Paths
--------------------------------------------------------------------------------------
Slack (MET) :             4.109ns  (required time - arrival time)
  Source:                 rst_n
                            (input port clocked by clk  {rise@0.000ns fall@2.500ns period=5.000ns})
  Destination:            u_booth_simd_pipe_dsp/done_reg/CLR
                            (recovery check against rising-edge clock clk  {rise@0.000ns fall@2.500ns period=5.000ns})
  Path Group:             **async_default**
  Path Type:              Recovery (Max at Slow Process Corner)
  Requirement:            5.000ns  (clk rise@5.000ns - clk rise@0.000ns)
  Data Path Delay:        2.403ns  (logic 0.987ns (41.084%)  route 1.416ns (58.916%))
  Logic Levels:           2  (IBUF=1 LUT1=1)
  Input Delay:            0.000ns
  Clock Path Skew:        1.881ns (DCD - SCD + CPR)
    Destination Clock Delay (DCD):    1.881ns = ( 6.881 - 5.000 ) 
    Source Clock Delay      (SCD):    0.000ns
    Clock Pessimism Removal (CPR):    0.000ns
  Clock Uncertainty:      0.035ns  ((TSJ^2 + TIJ^2)^1/2 + DJ) / 2 + PE
    Total System Jitter     (TSJ):    0.071ns
    Total Input Jitter      (TIJ):    0.000ns
    Discrete Jitter          (DJ):    0.000ns
    Phase Error              (PE):    0.000ns

    Location             Delay type                Incr(ns)  Path(ns)    Netlist Resource(s)
  -------------------------------------------------------------------    -------------------
                         (clock clk rise edge)        0.000     0.000 r  
                         input delay                  0.000     0.000    
                                                      0.000     0.000 r  rst_n (IN)
                         net (fo=0)                   0.000     0.000    rst_n
                         IBUF (Prop_ibuf_I_O)         0.882     0.882 r  rst_n_IBUF_inst/O
                         net (fo=1, unplaced)         0.646     1.528    u_booth_simd_pipe_dsp/rst_n_IBUF
                         LUT1 (Prop_lut1_I0_O)        0.105     1.633 f  u_booth_simd_pipe_dsp/vld_pipe[1]_i_1/O
                         net (fo=287, unplaced)       0.770     2.403    u_booth_simd_pipe_dsp/vld_pipe[1]_i_1_n_0
                         FDCE                                         f  u_booth_simd_pipe_dsp/done_reg/CLR
  -------------------------------------------------------------------    -------------------

                         (clock clk rise edge)        5.000     5.000 r  
                                                      0.000     5.000 r  clk (IN)
                         net (fo=0)                   0.000     5.000    clk
                         IBUF (Prop_ibuf_I_O)         0.751     5.751 r  clk_IBUF_inst/O
                         net (fo=1, unplaced)         0.613     6.365    clk_IBUF
                         BUFG (Prop_bufg_I_O)         0.077     6.442 r  clk_IBUF_BUFG_inst/O
                         net (fo=287, unplaced)       0.439     6.881    u_booth_simd_pipe_dsp/clk_IBUF_BUFG
                         FDCE                                         r  u_booth_simd_pipe_dsp/done_reg/C
                         clock pessimism              0.000     6.881    
                         clock uncertainty           -0.035     6.845    
                         FDCE (Recov_fdce_C_CLR)     -0.334     6.511    u_booth_simd_pipe_dsp/done_reg
  -------------------------------------------------------------------
                         required time                          6.511    
                         arrival time                          -2.403    
  -------------------------------------------------------------------
                         slack                                  4.109    

Slack (MET) :             4.109ns  (required time - arrival time)
  Source:                 rst_n
                            (input port clocked by clk  {rise@0.000ns fall@2.500ns period=5.000ns})
  Destination:            u_booth_simd_pipe_dsp/relu_blk0_reg_reg[0]/CLR
                            (recovery check against rising-edge clock clk  {rise@0.000ns fall@2.500ns period=5.000ns})
  Path Group:             **async_default**
  Path Type:              Recovery (Max at Slow Process Corner)
  Requirement:            5.000ns  (clk rise@5.000ns - clk rise@0.000ns)
  Data Path Delay:        2.403ns  (logic 0.987ns (41.084%)  route 1.416ns (58.916%))
  Logic Levels:           2  (IBUF=1 LUT1=1)
  Input Delay:            0.000ns
  Clock Path Skew:        1.881ns (DCD - SCD + CPR)
    Destination Clock Delay (DCD):    1.881ns = ( 6.881 - 5.000 ) 
    Source Clock Delay      (SCD):    0.000ns
    Clock Pessimism Removal (CPR):    0.000ns
  Clock Uncertainty:      0.035ns  ((TSJ^2 + TIJ^2)^1/2 + DJ) / 2 + PE
    Total System Jitter     (TSJ):    0.071ns
    Total Input Jitter      (TIJ):    0.000ns
    Discrete Jitter          (DJ):    0.000ns
    Phase Error              (PE):    0.000ns

    Location             Delay type                Incr(ns)  Path(ns)    Netlist Resource(s)
  -------------------------------------------------------------------    -------------------
                         (clock clk rise edge)        0.000     0.000 r  
                         input delay                  0.000     0.000    
                                                      0.000     0.000 r  rst_n (IN)
                         net (fo=0)                   0.000     0.000    rst_n
                         IBUF (Prop_ibuf_I_O)         0.882     0.882 r  rst_n_IBUF_inst/O
                         net (fo=1, unplaced)         0.646     1.528    u_booth_simd_pipe_dsp/rst_n_IBUF
                         LUT1 (Prop_lut1_I0_O)        0.105     1.633 f  u_booth_simd_pipe_dsp/vld_pipe[1]_i_1/O
                         net (fo=287, unplaced)       0.770     2.403    u_booth_simd_pipe_dsp/vld_pipe[1]_i_1_n_0
                         FDCE                                         f  u_booth_simd_pipe_dsp/relu_blk0_reg_reg[0]/CLR
  -------------------------------------------------------------------    -------------------

                         (clock clk rise edge)        5.000     5.000 r  
                                                      0.000     5.000 r  clk (IN)
                         net (fo=0)                   0.000     5.000    clk
                         IBUF (Prop_ibuf_I_O)         0.751     5.751 r  clk_IBUF_inst/O
                         net (fo=1, unplaced)         0.613     6.365    clk_IBUF
                         BUFG (Prop_bufg_I_O)         0.077     6.442 r  clk_IBUF_BUFG_inst/O
                         net (fo=287, unplaced)       0.439     6.881    u_booth_simd_pipe_dsp/clk_IBUF_BUFG
                         FDCE                                         r  u_booth_simd_pipe_dsp/relu_blk0_reg_reg[0]/C
                         clock pessimism              0.000     6.881    
                         clock uncertainty           -0.035     6.845    
                         FDCE (Recov_fdce_C_CLR)     -0.334     6.511    u_booth_simd_pipe_dsp/relu_blk0_reg_reg[0]
  -------------------------------------------------------------------
                         required time                          6.511    
                         arrival time                          -2.403    
  -------------------------------------------------------------------
                         slack                                  4.109    

Slack (MET) :             4.109ns  (required time - arrival time)
  Source:                 rst_n
                            (input port clocked by clk  {rise@0.000ns fall@2.500ns period=5.000ns})
  Destination:            u_booth_simd_pipe_dsp/relu_blk0_reg_reg[10]/CLR
                            (recovery check against rising-edge clock clk  {rise@0.000ns fall@2.500ns period=5.000ns})
  Path Group:             **async_default**
  Path Type:              Recovery (Max at Slow Process Corner)
  Requirement:            5.000ns  (clk rise@5.000ns - clk rise@0.000ns)
  Data Path Delay:        2.403ns  (logic 0.987ns (41.084%)  route 1.416ns (58.916%))
  Logic Levels:           2  (IBUF=1 LUT1=1)
  Input Delay:            0.000ns
  Clock Path Skew:        1.881ns (DCD - SCD + CPR)
    Destination Clock Delay (DCD):    1.881ns = ( 6.881 - 5.000 ) 
    Source Clock Delay      (SCD):    0.000ns
    Clock Pessimism Removal (CPR):    0.000ns
  Clock Uncertainty:      0.035ns  ((TSJ^2 + TIJ^2)^1/2 + DJ) / 2 + PE
    Total System Jitter     (TSJ):    0.071ns
    Total Input Jitter      (TIJ):    0.000ns
    Discrete Jitter          (DJ):    0.000ns
    Phase Error              (PE):    0.000ns

    Location             Delay type                Incr(ns)  Path(ns)    Netlist Resource(s)
  -------------------------------------------------------------------    -------------------
                         (clock clk rise edge)        0.000     0.000 r  
                         input delay                  0.000     0.000    
                                                      0.000     0.000 r  rst_n (IN)
                         net (fo=0)                   0.000     0.000    rst_n
                         IBUF (Prop_ibuf_I_O)         0.882     0.882 r  rst_n_IBUF_inst/O
                         net (fo=1, unplaced)         0.646     1.528    u_booth_simd_pipe_dsp/rst_n_IBUF
                         LUT1 (Prop_lut1_I0_O)        0.105     1.633 f  u_booth_simd_pipe_dsp/vld_pipe[1]_i_1/O
                         net (fo=287, unplaced)       0.770     2.403    u_booth_simd_pipe_dsp/vld_pipe[1]_i_1_n_0
                         FDCE                                         f  u_booth_simd_pipe_dsp/relu_blk0_reg_reg[10]/CLR
  -------------------------------------------------------------------    -------------------

                         (clock clk rise edge)        5.000     5.000 r  
                                                      0.000     5.000 r  clk (IN)
                         net (fo=0)                   0.000     5.000    clk
                         IBUF (Prop_ibuf_I_O)         0.751     5.751 r  clk_IBUF_inst/O
                         net (fo=1, unplaced)         0.613     6.365    clk_IBUF
                         BUFG (Prop_bufg_I_O)         0.077     6.442 r  clk_IBUF_BUFG_inst/O
                         net (fo=287, unplaced)       0.439     6.881    u_booth_simd_pipe_dsp/clk_IBUF_BUFG
                         FDCE                                         r  u_booth_simd_pipe_dsp/relu_blk0_reg_reg[10]/C
                         clock pessimism              0.000     6.881    
                         clock uncertainty           -0.035     6.845    
                         FDCE (Recov_fdce_C_CLR)     -0.334     6.511    u_booth_simd_pipe_dsp/relu_blk0_reg_reg[10]
  -------------------------------------------------------------------
                         required time                          6.511    
                         arrival time                          -2.403    
  -------------------------------------------------------------------
                         slack                                  4.109    

Slack (MET) :             4.109ns  (required time - arrival time)
  Source:                 rst_n
                            (input port clocked by clk  {rise@0.000ns fall@2.500ns period=5.000ns})
  Destination:            u_booth_simd_pipe_dsp/relu_blk0_reg_reg[11]/CLR
                            (recovery check against rising-edge clock clk  {rise@0.000ns fall@2.500ns period=5.000ns})
  Path Group:             **async_default**
  Path Type:              Recovery (Max at Slow Process Corner)
  Requirement:            5.000ns  (clk rise@5.000ns - clk rise@0.000ns)
  Data Path Delay:        2.403ns  (logic 0.987ns (41.084%)  route 1.416ns (58.916%))
  Logic Levels:           2  (IBUF=1 LUT1=1)
  Input Delay:            0.000ns
  Clock Path Skew:        1.881ns (DCD - SCD + CPR)
    Destination Clock Delay (DCD):    1.881ns = ( 6.881 - 5.000 ) 
    Source Clock Delay      (SCD):    0.000ns
    Clock Pessimism Removal (CPR):    0.000ns
  Clock Uncertainty:      0.035ns  ((TSJ^2 + TIJ^2)^1/2 + DJ) / 2 + PE
    Total System Jitter     (TSJ):    0.071ns
    Total Input Jitter      (TIJ):    0.000ns
    Discrete Jitter          (DJ):    0.000ns
    Phase Error              (PE):    0.000ns

    Location             Delay type                Incr(ns)  Path(ns)    Netlist Resource(s)
  -------------------------------------------------------------------    -------------------
                         (clock clk rise edge)        0.000     0.000 r  
                         input delay                  0.000     0.000    
                                                      0.000     0.000 r  rst_n (IN)
                         net (fo=0)                   0.000     0.000    rst_n
                         IBUF (Prop_ibuf_I_O)         0.882     0.882 r  rst_n_IBUF_inst/O
                         net (fo=1, unplaced)         0.646     1.528    u_booth_simd_pipe_dsp/rst_n_IBUF
                         LUT1 (Prop_lut1_I0_O)        0.105     1.633 f  u_booth_simd_pipe_dsp/vld_pipe[1]_i_1/O
                         net (fo=287, unplaced)       0.770     2.403    u_booth_simd_pipe_dsp/vld_pipe[1]_i_1_n_0
                         FDCE                                         f  u_booth_simd_pipe_dsp/relu_blk0_reg_reg[11]/CLR
  -------------------------------------------------------------------    -------------------

                         (clock clk rise edge)        5.000     5.000 r  
                                                      0.000     5.000 r  clk (IN)
                         net (fo=0)                   0.000     5.000    clk
                         IBUF (Prop_ibuf_I_O)         0.751     5.751 r  clk_IBUF_inst/O
                         net (fo=1, unplaced)         0.613     6.365    clk_IBUF
                         BUFG (Prop_bufg_I_O)         0.077     6.442 r  clk_IBUF_BUFG_inst/O
                         net (fo=287, unplaced)       0.439     6.881    u_booth_simd_pipe_dsp/clk_IBUF_BUFG
                         FDCE                                         r  u_booth_simd_pipe_dsp/relu_blk0_reg_reg[11]/C
                         clock pessimism              0.000     6.881    
                         clock uncertainty           -0.035     6.845    
                         FDCE (Recov_fdce_C_CLR)     -0.334     6.511    u_booth_simd_pipe_dsp/relu_blk0_reg_reg[11]
  -------------------------------------------------------------------
                         required time                          6.511    
                         arrival time                          -2.403    
  -------------------------------------------------------------------
                         slack                                  4.109    

Slack (MET) :             4.109ns  (required time - arrival time)
  Source:                 rst_n
                            (input port clocked by clk  {rise@0.000ns fall@2.500ns period=5.000ns})
  Destination:            u_booth_simd_pipe_dsp/relu_blk0_reg_reg[12]/CLR
                            (recovery check against rising-edge clock clk  {rise@0.000ns fall@2.500ns period=5.000ns})
  Path Group:             **async_default**
  Path Type:              Recovery (Max at Slow Process Corner)
  Requirement:            5.000ns  (clk rise@5.000ns - clk rise@0.000ns)
  Data Path Delay:        2.403ns  (logic 0.987ns (41.084%)  route 1.416ns (58.916%))
  Logic Levels:           2  (IBUF=1 LUT1=1)
  Input Delay:            0.000ns
  Clock Path Skew:        1.881ns (DCD - SCD + CPR)
    Destination Clock Delay (DCD):    1.881ns = ( 6.881 - 5.000 ) 
    Source Clock Delay      (SCD):    0.000ns
    Clock Pessimism Removal (CPR):    0.000ns
  Clock Uncertainty:      0.035ns  ((TSJ^2 + TIJ^2)^1/2 + DJ) / 2 + PE
    Total System Jitter     (TSJ):    0.071ns
    Total Input Jitter      (TIJ):    0.000ns
    Discrete Jitter          (DJ):    0.000ns
    Phase Error              (PE):    0.000ns

    Location             Delay type                Incr(ns)  Path(ns)    Netlist Resource(s)
  -------------------------------------------------------------------    -------------------
                         (clock clk rise edge)        0.000     0.000 r  
                         input delay                  0.000     0.000    
                                                      0.000     0.000 r  rst_n (IN)
                         net (fo=0)                   0.000     0.000    rst_n
                         IBUF (Prop_ibuf_I_O)         0.882     0.882 r  rst_n_IBUF_inst/O
                         net (fo=1, unplaced)         0.646     1.528    u_booth_simd_pipe_dsp/rst_n_IBUF
                         LUT1 (Prop_lut1_I0_O)        0.105     1.633 f  u_booth_simd_pipe_dsp/vld_pipe[1]_i_1/O
                         net (fo=287, unplaced)       0.770     2.403    u_booth_simd_pipe_dsp/vld_pipe[1]_i_1_n_0
                         FDCE                                         f  u_booth_simd_pipe_dsp/relu_blk0_reg_reg[12]/CLR
  -------------------------------------------------------------------    -------------------

                         (clock clk rise edge)        5.000     5.000 r  
                                                      0.000     5.000 r  clk (IN)
                         net (fo=0)                   0.000     5.000    clk
                         IBUF (Prop_ibuf_I_O)         0.751     5.751 r  clk_IBUF_inst/O
                         net (fo=1, unplaced)         0.613     6.365    clk_IBUF
                         BUFG (Prop_bufg_I_O)         0.077     6.442 r  clk_IBUF_BUFG_inst/O
                         net (fo=287, unplaced)       0.439     6.881    u_booth_simd_pipe_dsp/clk_IBUF_BUFG
                         FDCE                                         r  u_booth_simd_pipe_dsp/relu_blk0_reg_reg[12]/C
                         clock pessimism              0.000     6.881    
                         clock uncertainty           -0.035     6.845    
                         FDCE (Recov_fdce_C_CLR)     -0.334     6.511    u_booth_simd_pipe_dsp/relu_blk0_reg_reg[12]
  -------------------------------------------------------------------
                         required time                          6.511    
                         arrival time                          -2.403    
  -------------------------------------------------------------------
                         slack                                  4.109    

Slack (MET) :             4.109ns  (required time - arrival time)
  Source:                 rst_n
                            (input port clocked by clk  {rise@0.000ns fall@2.500ns period=5.000ns})
  Destination:            u_booth_simd_pipe_dsp/relu_blk0_reg_reg[13]/CLR
                            (recovery check against rising-edge clock clk  {rise@0.000ns fall@2.500ns period=5.000ns})
  Path Group:             **async_default**
  Path Type:              Recovery (Max at Slow Process Corner)
  Requirement:            5.000ns  (clk rise@5.000ns - clk rise@0.000ns)
  Data Path Delay:        2.403ns  (logic 0.987ns (41.084%)  route 1.416ns (58.916%))
  Logic Levels:           2  (IBUF=1 LUT1=1)
  Input Delay:            0.000ns
  Clock Path Skew:        1.881ns (DCD - SCD + CPR)
    Destination Clock Delay (DCD):    1.881ns = ( 6.881 - 5.000 ) 
    Source Clock Delay      (SCD):    0.000ns
    Clock Pessimism Removal (CPR):    0.000ns
  Clock Uncertainty:      0.035ns  ((TSJ^2 + TIJ^2)^1/2 + DJ) / 2 + PE
    Total System Jitter     (TSJ):    0.071ns
    Total Input Jitter      (TIJ):    0.000ns
    Discrete Jitter          (DJ):    0.000ns
    Phase Error              (PE):    0.000ns

    Location             Delay type                Incr(ns)  Path(ns)    Netlist Resource(s)
  -------------------------------------------------------------------    -------------------
                         (clock clk rise edge)        0.000     0.000 r  
                         input delay                  0.000     0.000    
                                                      0.000     0.000 r  rst_n (IN)
                         net (fo=0)                   0.000     0.000    rst_n
                         IBUF (Prop_ibuf_I_O)         0.882     0.882 r  rst_n_IBUF_inst/O
                         net (fo=1, unplaced)         0.646     1.528    u_booth_simd_pipe_dsp/rst_n_IBUF
                         LUT1 (Prop_lut1_I0_O)        0.105     1.633 f  u_booth_simd_pipe_dsp/vld_pipe[1]_i_1/O
                         net (fo=287, unplaced)       0.770     2.403    u_booth_simd_pipe_dsp/vld_pipe[1]_i_1_n_0
                         FDCE                                         f  u_booth_simd_pipe_dsp/relu_blk0_reg_reg[13]/CLR
  -------------------------------------------------------------------    -------------------

                         (clock clk rise edge)        5.000     5.000 r  
                                                      0.000     5.000 r  clk (IN)
                         net (fo=0)                   0.000     5.000    clk
                         IBUF (Prop_ibuf_I_O)         0.751     5.751 r  clk_IBUF_inst/O
                         net (fo=1, unplaced)         0.613     6.365    clk_IBUF
                         BUFG (Prop_bufg_I_O)         0.077     6.442 r  clk_IBUF_BUFG_inst/O
                         net (fo=287, unplaced)       0.439     6.881    u_booth_simd_pipe_dsp/clk_IBUF_BUFG
                         FDCE                                         r  u_booth_simd_pipe_dsp/relu_blk0_reg_reg[13]/C
                         clock pessimism              0.000     6.881    
                         clock uncertainty           -0.035     6.845    
                         FDCE (Recov_fdce_C_CLR)     -0.334     6.511    u_booth_simd_pipe_dsp/relu_blk0_reg_reg[13]
  -------------------------------------------------------------------
                         required time                          6.511    
                         arrival time                          -2.403    
  -------------------------------------------------------------------
                         slack                                  4.109    

Slack (MET) :             4.109ns  (required time - arrival time)
  Source:                 rst_n
                            (input port clocked by clk  {rise@0.000ns fall@2.500ns period=5.000ns})
  Destination:            u_booth_simd_pipe_dsp/relu_blk0_reg_reg[14]/CLR
                            (recovery check against rising-edge clock clk  {rise@0.000ns fall@2.500ns period=5.000ns})
  Path Group:             **async_default**
  Path Type:              Recovery (Max at Slow Process Corner)
  Requirement:            5.000ns  (clk rise@5.000ns - clk rise@0.000ns)
  Data Path Delay:        2.403ns  (logic 0.987ns (41.084%)  route 1.416ns (58.916%))
  Logic Levels:           2  (IBUF=1 LUT1=1)
  Input Delay:            0.000ns
  Clock Path Skew:        1.881ns (DCD - SCD + CPR)
    Destination Clock Delay (DCD):    1.881ns = ( 6.881 - 5.000 ) 
    Source Clock Delay      (SCD):    0.000ns
    Clock Pessimism Removal (CPR):    0.000ns
  Clock Uncertainty:      0.035ns  ((TSJ^2 + TIJ^2)^1/2 + DJ) / 2 + PE
    Total System Jitter     (TSJ):    0.071ns
    Total Input Jitter      (TIJ):    0.000ns
    Discrete Jitter          (DJ):    0.000ns
    Phase Error              (PE):    0.000ns

    Location             Delay type                Incr(ns)  Path(ns)    Netlist Resource(s)
  -------------------------------------------------------------------    -------------------
                         (clock clk rise edge)        0.000     0.000 r  
                         input delay                  0.000     0.000    
                                                      0.000     0.000 r  rst_n (IN)
                         net (fo=0)                   0.000     0.000    rst_n
                         IBUF (Prop_ibuf_I_O)         0.882     0.882 r  rst_n_IBUF_inst/O
                         net (fo=1, unplaced)         0.646     1.528    u_booth_simd_pipe_dsp/rst_n_IBUF
                         LUT1 (Prop_lut1_I0_O)        0.105     1.633 f  u_booth_simd_pipe_dsp/vld_pipe[1]_i_1/O
                         net (fo=287, unplaced)       0.770     2.403    u_booth_simd_pipe_dsp/vld_pipe[1]_i_1_n_0
                         FDCE                                         f  u_booth_simd_pipe_dsp/relu_blk0_reg_reg[14]/CLR
  -------------------------------------------------------------------    -------------------

                         (clock clk rise edge)        5.000     5.000 r  
                                                      0.000     5.000 r  clk (IN)
                         net (fo=0)                   0.000     5.000    clk
                         IBUF (Prop_ibuf_I_O)         0.751     5.751 r  clk_IBUF_inst/O
                         net (fo=1, unplaced)         0.613     6.365    clk_IBUF
                         BUFG (Prop_bufg_I_O)         0.077     6.442 r  clk_IBUF_BUFG_inst/O
                         net (fo=287, unplaced)       0.439     6.881    u_booth_simd_pipe_dsp/clk_IBUF_BUFG
                         FDCE                                         r  u_booth_simd_pipe_dsp/relu_blk0_reg_reg[14]/C
                         clock pessimism              0.000     6.881    
                         clock uncertainty           -0.035     6.845    
                         FDCE (Recov_fdce_C_CLR)     -0.334     6.511    u_booth_simd_pipe_dsp/relu_blk0_reg_reg[14]
  -------------------------------------------------------------------
                         required time                          6.511    
                         arrival time                          -2.403    
  -------------------------------------------------------------------
                         slack                                  4.109    

Slack (MET) :             4.109ns  (required time - arrival time)
  Source:                 rst_n
                            (input port clocked by clk  {rise@0.000ns fall@2.500ns period=5.000ns})
  Destination:            u_booth_simd_pipe_dsp/relu_blk0_reg_reg[15]/CLR
                            (recovery check against rising-edge clock clk  {rise@0.000ns fall@2.500ns period=5.000ns})
  Path Group:             **async_default**
  Path Type:              Recovery (Max at Slow Process Corner)
  Requirement:            5.000ns  (clk rise@5.000ns - clk rise@0.000ns)
  Data Path Delay:        2.403ns  (logic 0.987ns (41.084%)  route 1.416ns (58.916%))
  Logic Levels:           2  (IBUF=1 LUT1=1)
  Input Delay:            0.000ns
  Clock Path Skew:        1.881ns (DCD - SCD + CPR)
    Destination Clock Delay (DCD):    1.881ns = ( 6.881 - 5.000 ) 
    Source Clock Delay      (SCD):    0.000ns
    Clock Pessimism Removal (CPR):    0.000ns
  Clock Uncertainty:      0.035ns  ((TSJ^2 + TIJ^2)^1/2 + DJ) / 2 + PE
    Total System Jitter     (TSJ):    0.071ns
    Total Input Jitter      (TIJ):    0.000ns
    Discrete Jitter          (DJ):    0.000ns
    Phase Error              (PE):    0.000ns

    Location             Delay type                Incr(ns)  Path(ns)    Netlist Resource(s)
  -------------------------------------------------------------------    -------------------
                         (clock clk rise edge)        0.000     0.000 r  
                         input delay                  0.000     0.000    
                                                      0.000     0.000 r  rst_n (IN)
                         net (fo=0)                   0.000     0.000    rst_n
                         IBUF (Prop_ibuf_I_O)         0.882     0.882 r  rst_n_IBUF_inst/O
                         net (fo=1, unplaced)         0.646     1.528    u_booth_simd_pipe_dsp/rst_n_IBUF
                         LUT1 (Prop_lut1_I0_O)        0.105     1.633 f  u_booth_simd_pipe_dsp/vld_pipe[1]_i_1/O
                         net (fo=287, unplaced)       0.770     2.403    u_booth_simd_pipe_dsp/vld_pipe[1]_i_1_n_0
                         FDCE                                         f  u_booth_simd_pipe_dsp/relu_blk0_reg_reg[15]/CLR
  -------------------------------------------------------------------    -------------------

                         (clock clk rise edge)        5.000     5.000 r  
                                                      0.000     5.000 r  clk (IN)
                         net (fo=0)                   0.000     5.000    clk
                         IBUF (Prop_ibuf_I_O)         0.751     5.751 r  clk_IBUF_inst/O
                         net (fo=1, unplaced)         0.613     6.365    clk_IBUF
                         BUFG (Prop_bufg_I_O)         0.077     6.442 r  clk_IBUF_BUFG_inst/O
                         net (fo=287, unplaced)       0.439     6.881    u_booth_simd_pipe_dsp/clk_IBUF_BUFG
                         FDCE                                         r  u_booth_simd_pipe_dsp/relu_blk0_reg_reg[15]/C
                         clock pessimism              0.000     6.881    
                         clock uncertainty           -0.035     6.845    
                         FDCE (Recov_fdce_C_CLR)     -0.334     6.511    u_booth_simd_pipe_dsp/relu_blk0_reg_reg[15]
  -------------------------------------------------------------------
                         required time                          6.511    
                         arrival time                          -2.403    
  -------------------------------------------------------------------
                         slack                                  4.109    

Slack (MET) :             4.109ns  (required time - arrival time)
  Source:                 rst_n
                            (input port clocked by clk  {rise@0.000ns fall@2.500ns period=5.000ns})
  Destination:            u_booth_simd_pipe_dsp/relu_blk0_reg_reg[16]/CLR
                            (recovery check against rising-edge clock clk  {rise@0.000ns fall@2.500ns period=5.000ns})
  Path Group:             **async_default**
  Path Type:              Recovery (Max at Slow Process Corner)
  Requirement:            5.000ns  (clk rise@5.000ns - clk rise@0.000ns)
  Data Path Delay:        2.403ns  (logic 0.987ns (41.084%)  route 1.416ns (58.916%))
  Logic Levels:           2  (IBUF=1 LUT1=1)
  Input Delay:            0.000ns
  Clock Path Skew:        1.881ns (DCD - SCD + CPR)
    Destination Clock Delay (DCD):    1.881ns = ( 6.881 - 5.000 ) 
    Source Clock Delay      (SCD):    0.000ns
    Clock Pessimism Removal (CPR):    0.000ns
  Clock Uncertainty:      0.035ns  ((TSJ^2 + TIJ^2)^1/2 + DJ) / 2 + PE
    Total System Jitter     (TSJ):    0.071ns
    Total Input Jitter      (TIJ):    0.000ns
    Discrete Jitter          (DJ):    0.000ns
    Phase Error              (PE):    0.000ns

    Location             Delay type                Incr(ns)  Path(ns)    Netlist Resource(s)
  -------------------------------------------------------------------    -------------------
                         (clock clk rise edge)        0.000     0.000 r  
                         input delay                  0.000     0.000    
                                                      0.000     0.000 r  rst_n (IN)
                         net (fo=0)                   0.000     0.000    rst_n
                         IBUF (Prop_ibuf_I_O)         0.882     0.882 r  rst_n_IBUF_inst/O
                         net (fo=1, unplaced)         0.646     1.528    u_booth_simd_pipe_dsp/rst_n_IBUF
                         LUT1 (Prop_lut1_I0_O)        0.105     1.633 f  u_booth_simd_pipe_dsp/vld_pipe[1]_i_1/O
                         net (fo=287, unplaced)       0.770     2.403    u_booth_simd_pipe_dsp/vld_pipe[1]_i_1_n_0
                         FDCE                                         f  u_booth_simd_pipe_dsp/relu_blk0_reg_reg[16]/CLR
  -------------------------------------------------------------------    -------------------

                         (clock clk rise edge)        5.000     5.000 r  
                                                      0.000     5.000 r  clk (IN)
                         net (fo=0)                   0.000     5.000    clk
                         IBUF (Prop_ibuf_I_O)         0.751     5.751 r  clk_IBUF_inst/O
                         net (fo=1, unplaced)         0.613     6.365    clk_IBUF
                         BUFG (Prop_bufg_I_O)         0.077     6.442 r  clk_IBUF_BUFG_inst/O
                         net (fo=287, unplaced)       0.439     6.881    u_booth_simd_pipe_dsp/clk_IBUF_BUFG
                         FDCE                                         r  u_booth_simd_pipe_dsp/relu_blk0_reg_reg[16]/C
                         clock pessimism              0.000     6.881    
                         clock uncertainty           -0.035     6.845    
                         FDCE (Recov_fdce_C_CLR)     -0.334     6.511    u_booth_simd_pipe_dsp/relu_blk0_reg_reg[16]
  -------------------------------------------------------------------
                         required time                          6.511    
                         arrival time                          -2.403    
  -------------------------------------------------------------------
                         slack                                  4.109    

Slack (MET) :             4.109ns  (required time - arrival time)
  Source:                 rst_n
                            (input port clocked by clk  {rise@0.000ns fall@2.500ns period=5.000ns})
  Destination:            u_booth_simd_pipe_dsp/relu_blk0_reg_reg[17]/CLR
                            (recovery check against rising-edge clock clk  {rise@0.000ns fall@2.500ns period=5.000ns})
  Path Group:             **async_default**
  Path Type:              Recovery (Max at Slow Process Corner)
  Requirement:            5.000ns  (clk rise@5.000ns - clk rise@0.000ns)
  Data Path Delay:        2.403ns  (logic 0.987ns (41.084%)  route 1.416ns (58.916%))
  Logic Levels:           2  (IBUF=1 LUT1=1)
  Input Delay:            0.000ns
  Clock Path Skew:        1.881ns (DCD - SCD + CPR)
    Destination Clock Delay (DCD):    1.881ns = ( 6.881 - 5.000 ) 
    Source Clock Delay      (SCD):    0.000ns
    Clock Pessimism Removal (CPR):    0.000ns
  Clock Uncertainty:      0.035ns  ((TSJ^2 + TIJ^2)^1/2 + DJ) / 2 + PE
    Total System Jitter     (TSJ):    0.071ns
    Total Input Jitter      (TIJ):    0.000ns
    Discrete Jitter          (DJ):    0.000ns
    Phase Error              (PE):    0.000ns

    Location             Delay type                Incr(ns)  Path(ns)    Netlist Resource(s)
  -------------------------------------------------------------------    -------------------
                         (clock clk rise edge)        0.000     0.000 r  
                         input delay                  0.000     0.000    
                                                      0.000     0.000 r  rst_n (IN)
                         net (fo=0)                   0.000     0.000    rst_n
                         IBUF (Prop_ibuf_I_O)         0.882     0.882 r  rst_n_IBUF_inst/O
                         net (fo=1, unplaced)         0.646     1.528    u_booth_simd_pipe_dsp/rst_n_IBUF
                         LUT1 (Prop_lut1_I0_O)        0.105     1.633 f  u_booth_simd_pipe_dsp/vld_pipe[1]_i_1/O
                         net (fo=287, unplaced)       0.770     2.403    u_booth_simd_pipe_dsp/vld_pipe[1]_i_1_n_0
                         FDCE                                         f  u_booth_simd_pipe_dsp/relu_blk0_reg_reg[17]/CLR
  -------------------------------------------------------------------    -------------------

                         (clock clk rise edge)        5.000     5.000 r  
                                                      0.000     5.000 r  clk (IN)
                         net (fo=0)                   0.000     5.000    clk
                         IBUF (Prop_ibuf_I_O)         0.751     5.751 r  clk_IBUF_inst/O
                         net (fo=1, unplaced)         0.613     6.365    clk_IBUF
                         BUFG (Prop_bufg_I_O)         0.077     6.442 r  clk_IBUF_BUFG_inst/O
                         net (fo=287, unplaced)       0.439     6.881    u_booth_simd_pipe_dsp/clk_IBUF_BUFG
                         FDCE                                         r  u_booth_simd_pipe_dsp/relu_blk0_reg_reg[17]/C
                         clock pessimism              0.000     6.881    
                         clock uncertainty           -0.035     6.845    
                         FDCE (Recov_fdce_C_CLR)     -0.334     6.511    u_booth_simd_pipe_dsp/relu_blk0_reg_reg[17]
  -------------------------------------------------------------------
                         required time                          6.511    
                         arrival time                          -2.403    
  -------------------------------------------------------------------
                         slack                                  4.109    





