#! /c/Source/iverilog-install/bin/vvp
:ivl_version "12.0 (devel)" "(s20150603-1539-g2693dd32b)";
:ivl_delay_selection "TYPICAL";
:vpi_time_precision - 12;
:vpi_module "C:\iverilog\lib\ivl\system.vpi";
:vpi_module "C:\iverilog\lib\ivl\vhdl_sys.vpi";
:vpi_module "C:\iverilog\lib\ivl\vhdl_textio.vpi";
:vpi_module "C:\iverilog\lib\ivl\v2005_math.vpi";
:vpi_module "C:\iverilog\lib\ivl\va_math.vpi";
:vpi_module "C:\iverilog\lib\ivl\v2009.vpi";
S_00000153dd228e10 .scope package, "$unit" "$unit" 2 1;
 .timescale 0 0;
S_00000153dd16e600 .scope module, "add8" "add8" 3 1;
 .timescale -9 -12;
    .port_info 0 /INPUT 8 "a_u8";
    .port_info 1 /INPUT 8 "b_u8";
    .port_info 2 /OUTPUT 8 "y_u8";
o00000153dd229278 .functor BUFZ 8, C4<zzzzzzzz>; HiZ drive
v00000153dd1ffc60_0 .net "a_u8", 7 0, o00000153dd229278;  0 drivers
o00000153dd2292a8 .functor BUFZ 8, C4<zzzzzzzz>; HiZ drive
v00000153dd200020_0 .net "b_u8", 7 0, o00000153dd2292a8;  0 drivers
v00000153dd2000c0_0 .net "y_u8", 7 0, L_00000153dd293c00;  1 drivers
L_00000153dd293c00 .arith/sum 8, o00000153dd229278, o00000153dd2292a8;
S_00000153dd16e790 .scope module, "cnn_compare_base_top" "cnn_compare_base_top" 4 1;
 .timescale -9 -12;
    .port_info 0 /INPUT 1 "clk";
    .port_info 1 /INPUT 1 "rst_n";
    .port_info 2 /INPUT 1 "start";
    .port_info 3 /INPUT 200 "img_flat_u8x25";
    .port_info 4 /INPUT 72 "ker_flat_s8x9";
    .port_info 5 /OUTPUT 1 "done";
    .port_info 6 /OUTPUT 32 "out_flat_u8x4";
o00000153dd22b1c8 .functor BUFZ 1, C4<z>; HiZ drive
v00000153dd2852c0_0 .net "clk", 0 0, o00000153dd22b1c8;  0 drivers
v00000153dd285220_0 .net "done", 0 0, v00000153dd2843c0_0;  1 drivers
o00000153dd22b258 .functor BUFZ 200, C4<zzzzzzzzzzzzzzzzzzzzzzzzzzzzzzzzzzzzzzzzzzzzzzzzzzzzzzzzzzzzzzzzzzzzzzzzzzzzzzzzzzzzzzzzzzzzzzzzzzzzzzzzzzzzzzzzzzzzzzzzzzzzzzzzzzzzzzzzzzzzzzzzzzzzzzzzzzzzzzzzzzzzzzzzzzzzzzzzzzzzzzzzzzzzzzzzzzzzzzzz>; HiZ drive
v00000153dd285400_0 .net "img_flat_u8x25", 199 0, o00000153dd22b258;  0 drivers
o00000153dd22b318 .functor BUFZ 72, C4<zzzzzzzzzzzzzzzzzzzzzzzzzzzzzzzzzzzzzzzzzzzzzzzzzzzzzzzzzzzzzzzzzzzzzzzz>; HiZ drive
v00000153dd284280_0 .net/s "ker_flat_s8x9", 71 0, o00000153dd22b318;  0 drivers
v00000153dd283880_0 .net "out_flat_u8x4", 31 0, v00000153dd284000_0;  1 drivers
o00000153dd22b5e8 .functor BUFZ 1, C4<z>; HiZ drive
v00000153dd284aa0_0 .net "rst_n", 0 0, o00000153dd22b5e8;  0 drivers
o00000153dd22b618 .functor BUFZ 1, C4<z>; HiZ drive
v00000153dd284be0_0 .net "start", 0 0, o00000153dd22b618;  0 drivers
S_00000153dd161a10 .scope module, "u_base" "cnn_chain_core_base" 4 10, 5 1 0, S_00000153dd16e790;
 .timescale -9 -12;
    .port_info 0 /INPUT 1 "clk";
    .port_info 1 /INPUT 1 "rst_n";
    .port_info 2 /INPUT 1 "start";
    .port_info 3 /INPUT 1 "use_booth";
    .port_info 4 /INPUT 200 "img_flat_u8x25";
    .port_info 5 /INPUT 72 "ker_flat_s8x9";
    .port_info 6 /OUTPUT 1 "done";
    .port_info 7 /OUTPUT 32 "out_flat_u8x4";
P_00000153dd207a00 .param/l "S_CONV" 1 5 12, C4<001>;
P_00000153dd207a38 .param/l "S_DONE" 1 5 15, C4<100>;
P_00000153dd207a70 .param/l "S_IDLE" 1 5 11, C4<000>;
P_00000153dd207aa8 .param/l "S_POOL" 1 5 14, C4<011>;
P_00000153dd207ae0 .param/l "S_RELU" 1 5 13, C4<010>;
L_00000153dd2053b0 .functor BUFZ 8, L_00000153dd2f48f0, C4<00000000>, C4<00000000>, C4<00000000>;
L_00000153dd204230 .functor BUFZ 8, L_00000153dd2f4ad0, C4<00000000>, C4<00000000>, C4<00000000>;
L_00000153dd203f90 .functor BUFZ 8, L_00000153dd2f3b30, C4<00000000>, C4<00000000>, C4<00000000>;
L_00000153dd204620 .functor BUFZ 8, L_00000153dd2f45d0, C4<00000000>, C4<00000000>, C4<00000000>;
L_00000153dd204000 .functor BUFT 16, L_00000153dd2f3db0, C4<0000000000000000>, C4<0000000000000000>, C4<0000000000000000>;
v00000153dd27f530_0 .net *"_ivl_0", 31 0, L_00000153dd2933e0;  1 drivers
v00000153dd27f670_0 .net *"_ivl_10", 31 0, L_00000153dd293ca0;  1 drivers
v00000153dd27fad0_0 .net *"_ivl_100", 31 0, L_00000153dd2f2410;  1 drivers
L_00000153dd29a8f0 .functor BUFT 1, C4<00>, C4<0>, C4<0>, C4<0>;
v00000153dd27fe90_0 .net/2u *"_ivl_104", 1 0, L_00000153dd29a8f0;  1 drivers
v00000153dd280cf0_0 .net *"_ivl_106", 9 0, L_00000153dd2f2870;  1 drivers
L_00000153dd29a938 .functor BUFT 1, C4<00>, C4<0>, C4<0>, C4<0>;
v00000153dd280ed0_0 .net/2u *"_ivl_108", 1 0, L_00000153dd29a938;  1 drivers
v00000153dd2804d0_0 .net *"_ivl_110", 9 0, L_00000153dd2f2f50;  1 drivers
v00000153dd280890_0 .net *"_ivl_112", 9 0, L_00000153dd2f38b0;  1 drivers
L_00000153dd29a980 .functor BUFT 1, C4<00>, C4<0>, C4<0>, C4<0>;
v00000153dd27f710_0 .net/2u *"_ivl_114", 1 0, L_00000153dd29a980;  1 drivers
v00000153dd281010_0 .net *"_ivl_116", 9 0, L_00000153dd2f3130;  1 drivers
v00000153dd27fcb0_0 .net *"_ivl_118", 9 0, L_00000153dd2f3a90;  1 drivers
L_00000153dd29a9c8 .functor BUFT 1, C4<00>, C4<0>, C4<0>, C4<0>;
v00000153dd280070_0 .net/2u *"_ivl_120", 1 0, L_00000153dd29a9c8;  1 drivers
v00000153dd27ffd0_0 .net *"_ivl_122", 9 0, L_00000153dd2f4350;  1 drivers
v00000153dd280390_0 .net *"_ivl_126", 31 0, L_00000153dd2f3310;  1 drivers
L_00000153dd29aa10 .functor BUFT 1, C4<00000000000000000000000000>, C4<0>, C4<0>, C4<0>;
v00000153dd27fd50_0 .net *"_ivl_129", 25 0, L_00000153dd29aa10;  1 drivers
L_00000153dd29a428 .functor BUFT 1, C4<0000000000000000000000000000>, C4<0>, C4<0>, C4<0>;
v00000153dd27ff30_0 .net *"_ivl_13", 27 0, L_00000153dd29a428;  1 drivers
L_00000153dd29aa58 .functor BUFT 1, C4<00000000000000000000000000001000>, C4<0>, C4<0>, C4<0>;
v00000153dd280b10_0 .net/2u *"_ivl_130", 31 0, L_00000153dd29aa58;  1 drivers
v00000153dd280110_0 .net *"_ivl_133", 31 0, L_00000153dd2f36d0;  1 drivers
v00000153dd2806b0_0 .net *"_ivl_136", 31 0, L_00000153dd2f2910;  1 drivers
L_00000153dd29aaa0 .functor BUFT 1, C4<0000000000000000000000000000>, C4<0>, C4<0>, C4<0>;
v00000153dd2801b0_0 .net *"_ivl_139", 27 0, L_00000153dd29aaa0;  1 drivers
L_00000153dd29a470 .functor BUFT 1, C4<00000000000000000000000000000011>, C4<0>, C4<0>, C4<0>;
v00000153dd280610_0 .net/2u *"_ivl_14", 31 0, L_00000153dd29a470;  1 drivers
L_00000153dd29aae8 .functor BUFT 1, C4<00000000000000000000000000001000>, C4<0>, C4<0>, C4<0>;
v00000153dd280750_0 .net/2u *"_ivl_140", 31 0, L_00000153dd29aae8;  1 drivers
v00000153dd280930_0 .net *"_ivl_143", 31 0, L_00000153dd2f4b70;  1 drivers
v00000153dd2809d0_0 .net *"_ivl_150", 4 0, L_00000153dd2f59d0;  1 drivers
L_00000153dd29ae90 .functor BUFT 1, C4<0>, C4<0>, C4<0>, C4<0>;
v00000153dd281540_0 .net *"_ivl_153", 0 0, L_00000153dd29ae90;  1 drivers
v00000153dd282300_0 .net *"_ivl_155", 0 0, L_00000153dd2f4d50;  1 drivers
L_00000153dd29aed8 .functor BUFT 1, C4<0>, C4<0>, C4<0>, C4<0>;
v00000153dd281720_0 .net *"_ivl_159", 0 0, L_00000153dd29aed8;  1 drivers
v00000153dd282120_0 .net *"_ivl_16", 31 0, L_00000153dd293480;  1 drivers
v00000153dd282760_0 .net *"_ivl_161", 0 0, L_00000153dd2f6330;  1 drivers
L_00000153dd29af20 .functor BUFT 1, C4<0>, C4<0>, C4<0>, C4<0>;
v00000153dd282800_0 .net *"_ivl_165", 0 0, L_00000153dd29af20;  1 drivers
v00000153dd282d00_0 .net *"_ivl_166", 3 0, L_00000153dd2f6a10;  1 drivers
L_00000153dd29af68 .functor BUFT 1, C4<00>, C4<0>, C4<0>, C4<0>;
v00000153dd283160_0 .net *"_ivl_169", 1 0, L_00000153dd29af68;  1 drivers
L_00000153dd29afb0 .functor BUFT 1, C4<0011>, C4<0>, C4<0>, C4<0>;
v00000153dd282080_0 .net/2u *"_ivl_170", 3 0, L_00000153dd29afb0;  1 drivers
v00000153dd283020_0 .net *"_ivl_173", 3 0, L_00000153dd2f60b0;  1 drivers
v00000153dd2821c0_0 .net *"_ivl_174", 3 0, L_00000153dd2f6510;  1 drivers
L_00000153dd29aff8 .functor BUFT 1, C4<00>, C4<0>, C4<0>, C4<0>;
v00000153dd281900_0 .net *"_ivl_177", 1 0, L_00000153dd29aff8;  1 drivers
v00000153dd2829e0_0 .net *"_ivl_20", 3 0, L_00000153dd293e80;  1 drivers
L_00000153dd29a4b8 .functor BUFT 1, C4<00>, C4<0>, C4<0>, C4<0>;
v00000153dd282f80_0 .net *"_ivl_23", 1 0, L_00000153dd29a4b8;  1 drivers
L_00000153dd29a500 .functor BUFT 1, C4<0011>, C4<0>, C4<0>, C4<0>;
v00000153dd2830c0_0 .net/2u *"_ivl_24", 3 0, L_00000153dd29a500;  1 drivers
v00000153dd282260_0 .net *"_ivl_27", 3 0, L_00000153dd293f20;  1 drivers
v00000153dd2823a0_0 .net *"_ivl_28", 3 0, L_00000153dd294060;  1 drivers
L_00000153dd29a398 .functor BUFT 1, C4<0000000000000000000000000000>, C4<0>, C4<0>, C4<0>;
v00000153dd281b80_0 .net *"_ivl_3", 27 0, L_00000153dd29a398;  1 drivers
L_00000153dd29a548 .functor BUFT 1, C4<00>, C4<0>, C4<0>, C4<0>;
v00000153dd282440_0 .net *"_ivl_31", 1 0, L_00000153dd29a548;  1 drivers
v00000153dd2824e0_0 .net *"_ivl_34", 5 0, L_00000153dd2941a0;  1 drivers
L_00000153dd29a590 .functor BUFT 1, C4<0000>, C4<0>, C4<0>, C4<0>;
v00000153dd281fe0_0 .net *"_ivl_37", 3 0, L_00000153dd29a590;  1 drivers
v00000153dd281e00_0 .net *"_ivl_38", 5 0, L_00000153dd292c60;  1 drivers
L_00000153dd29a3e0 .functor BUFT 1, C4<00000000000000000000000000000011>, C4<0>, C4<0>, C4<0>;
v00000153dd282580_0 .net/2u *"_ivl_4", 31 0, L_00000153dd29a3e0;  1 drivers
L_00000153dd29a5d8 .functor BUFT 1, C4<0000>, C4<0>, C4<0>, C4<0>;
v00000153dd281400_0 .net *"_ivl_41", 3 0, L_00000153dd29a5d8;  1 drivers
v00000153dd282620_0 .net *"_ivl_42", 5 0, L_00000153dd292d00;  1 drivers
L_00000153dd29a620 .functor BUFT 1, C4<000101>, C4<0>, C4<0>, C4<0>;
v00000153dd282da0_0 .net/2u *"_ivl_44", 5 0, L_00000153dd29a620;  1 drivers
v00000153dd2815e0_0 .net *"_ivl_47", 5 0, L_00000153dd292f80;  1 drivers
v00000153dd281860_0 .net *"_ivl_48", 5 0, L_00000153dd292ee0;  1 drivers
L_00000153dd29a668 .functor BUFT 1, C4<0000>, C4<0>, C4<0>, C4<0>;
v00000153dd282e40_0 .net *"_ivl_51", 3 0, L_00000153dd29a668;  1 drivers
v00000153dd281a40_0 .net *"_ivl_52", 5 0, L_00000153dd2930c0;  1 drivers
L_00000153dd29a6b0 .functor BUFT 1, C4<0000>, C4<0>, C4<0>, C4<0>;
v00000153dd282c60_0 .net *"_ivl_55", 3 0, L_00000153dd29a6b0;  1 drivers
v00000153dd281360_0 .net *"_ivl_56", 5 0, L_00000153dd293160;  1 drivers
v00000153dd2826c0_0 .net *"_ivl_6", 31 0, L_00000153dd293520;  1 drivers
v00000153dd2828a0_0 .net *"_ivl_60", 7 0, L_00000153dd2f48f0;  1 drivers
v00000153dd2817c0_0 .net *"_ivl_62", 4 0, L_00000153dd2f2c30;  1 drivers
L_00000153dd29a6f8 .functor BUFT 1, C4<0>, C4<0>, C4<0>, C4<0>;
v00000153dd281c20_0 .net *"_ivl_65", 0 0, L_00000153dd29a6f8;  1 drivers
v00000153dd281d60_0 .net *"_ivl_68", 7 0, L_00000153dd2f4ad0;  1 drivers
v00000153dd281680_0 .net *"_ivl_70", 31 0, L_00000153dd2f2a50;  1 drivers
L_00000153dd29a740 .functor BUFT 1, C4<0000000000000000000000000000>, C4<0>, C4<0>, C4<0>;
v00000153dd282b20_0 .net *"_ivl_73", 27 0, L_00000153dd29a740;  1 drivers
L_00000153dd29a788 .functor BUFT 1, C4<00000000000000000000000000000001>, C4<0>, C4<0>, C4<0>;
v00000153dd282940_0 .net/2u *"_ivl_74", 31 0, L_00000153dd29a788;  1 drivers
v00000153dd282a80_0 .net *"_ivl_76", 31 0, L_00000153dd2f25f0;  1 drivers
v00000153dd2819a0_0 .net *"_ivl_80", 7 0, L_00000153dd2f3b30;  1 drivers
v00000153dd283200_0 .net *"_ivl_82", 31 0, L_00000153dd2f4990;  1 drivers
L_00000153dd29a7d0 .functor BUFT 1, C4<0000000000000000000000000000>, C4<0>, C4<0>, C4<0>;
v00000153dd281ea0_0 .net *"_ivl_85", 27 0, L_00000153dd29a7d0;  1 drivers
L_00000153dd29a818 .functor BUFT 1, C4<00000000000000000000000000000011>, C4<0>, C4<0>, C4<0>;
v00000153dd282bc0_0 .net/2u *"_ivl_86", 31 0, L_00000153dd29a818;  1 drivers
v00000153dd281ae0_0 .net *"_ivl_88", 31 0, L_00000153dd2f4530;  1 drivers
v00000153dd282ee0_0 .net *"_ivl_92", 7 0, L_00000153dd2f45d0;  1 drivers
v00000153dd2814a0_0 .net *"_ivl_94", 31 0, L_00000153dd2f2eb0;  1 drivers
L_00000153dd29a860 .functor BUFT 1, C4<0000000000000000000000000000>, C4<0>, C4<0>, C4<0>;
v00000153dd281cc0_0 .net *"_ivl_97", 27 0, L_00000153dd29a860;  1 drivers
L_00000153dd29a8a8 .functor BUFT 1, C4<00000000000000000000000000000100>, C4<0>, C4<0>, C4<0>;
v00000153dd281f40_0 .net/2u *"_ivl_98", 31 0, L_00000153dd29a8a8;  1 drivers
v00000153dd283b00_0 .net "base_idx", 3 0, L_00000153dd2f5930;  1 drivers
v00000153dd284c80_0 .net "clk", 0 0, o00000153dd22b1c8;  alias, 0 drivers
v00000153dd283920_0 .net "conv_idx", 3 0, L_00000153dd294100;  1 drivers
v00000153dd285040 .array/s "conv_map", 8 0, 19 0;
v00000153dd2843c0_0 .var "done", 0 0;
v00000153dd283ce0_0 .net "img_flat_u8x25", 199 0, o00000153dd22b258;  alias, 0 drivers
v00000153dd283420_0 .net "ix", 1 0, L_00000153dd293d40;  1 drivers
v00000153dd2839c0_0 .net "iy", 1 0, L_00000153dd293de0;  1 drivers
v00000153dd285180_0 .var "k", 3 0;
v00000153dd2845a0_0 .net/s "ker_cur", 7 0, L_00000153dd2f43f0;  1 drivers
v00000153dd2834c0_0 .net/s "ker_flat_s8x9", 71 0, o00000153dd22b318;  alias, 0 drivers
v00000153dd285a40_0 .var/i "loop_i", 31 0;
v00000153dd284000_0 .var "out_flat_u8x4", 31 0;
v00000153dd284b40_0 .var "ox", 1 0;
v00000153dd285ae0_0 .var "oy", 1 0;
v00000153dd285360_0 .net "p0", 7 0, L_00000153dd2053b0;  1 drivers
v00000153dd283380_0 .net "p1", 7 0, L_00000153dd204230;  1 drivers
v00000153dd284460_0 .net "p2", 7 0, L_00000153dd203f90;  1 drivers
v00000153dd284640_0 .net "p3", 7 0, L_00000153dd204620;  1 drivers
v00000153dd284f00_0 .net "pix_cur", 7 0, L_00000153dd2f27d0;  1 drivers
v00000153dd2848c0_0 .net "pix_idx", 5 0, L_00000153dd293200;  1 drivers
v00000153dd283e20_0 .net "pool_avg", 7 0, L_00000153dd2f6790;  1 drivers
v00000153dd2840a0_0 .net "pool_c", 1 0, L_00000153dd2f5e30;  1 drivers
v00000153dd284960_0 .var "pool_idx", 1 0;
v00000153dd2846e0_0 .net "pool_r", 1 0, L_00000153dd2f6f10;  1 drivers
v00000153dd285680_0 .net "pool_sum", 9 0, L_00000153dd2f2af0;  1 drivers
v00000153dd284d20_0 .net/s "prod_base", 15 0, L_00000153dd2f3db0;  1 drivers
v00000153dd284780_0 .net/s "prod_booth", 15 0, L_00000153dd2f2e10;  1 drivers
v00000153dd284320_0 .net/s "prod_cur", 15 0, L_00000153dd204000;  1 drivers
v00000153dd283740_0 .net "relu_cur", 7 0, L_00000153dd2f7190;  1 drivers
v00000153dd284820_0 .var "relu_idx", 3 0;
v00000153dd284dc0 .array "relu_map", 8 0, 7 0;
v00000153dd284500_0 .net "rst_n", 0 0, o00000153dd22b5e8;  alias, 0 drivers
v00000153dd283a60_0 .net "start", 0 0, o00000153dd22b618;  alias, 0 drivers
v00000153dd284a00_0 .var "state", 2 0;
L_00000153dd29b040 .functor BUFT 1, C4<0>, C4<0>, C4<0>, C4<0>;
v00000153dd284140_0 .net "use_booth", 0 0, L_00000153dd29b040;  1 drivers
E_00000153dd215340/0 .event negedge, v00000153dd284500_0;
E_00000153dd215340/1 .event posedge, v00000153dd284c80_0;
E_00000153dd215340 .event/or E_00000153dd215340/0, E_00000153dd215340/1;
L_00000153dd2933e0 .concat [ 4 28 0 0], v00000153dd285180_0, L_00000153dd29a398;
L_00000153dd293520 .arith/mod 32, L_00000153dd2933e0, L_00000153dd29a3e0;
L_00000153dd293d40 .part L_00000153dd293520, 0, 2;
L_00000153dd293ca0 .concat [ 4 28 0 0], v00000153dd285180_0, L_00000153dd29a428;
L_00000153dd293480 .arith/div 32, L_00000153dd293ca0, L_00000153dd29a470;
L_00000153dd293de0 .part L_00000153dd293480, 0, 2;
L_00000153dd293e80 .concat [ 2 2 0 0], v00000153dd285ae0_0, L_00000153dd29a4b8;
L_00000153dd293f20 .arith/mult 4, L_00000153dd293e80, L_00000153dd29a500;
L_00000153dd294060 .concat [ 2 2 0 0], v00000153dd284b40_0, L_00000153dd29a548;
L_00000153dd294100 .arith/sum 4, L_00000153dd293f20, L_00000153dd294060;
L_00000153dd2941a0 .concat [ 2 4 0 0], v00000153dd285ae0_0, L_00000153dd29a590;
L_00000153dd292c60 .concat [ 2 4 0 0], L_00000153dd293de0, L_00000153dd29a5d8;
L_00000153dd292d00 .arith/sum 6, L_00000153dd2941a0, L_00000153dd292c60;
L_00000153dd292f80 .arith/mult 6, L_00000153dd292d00, L_00000153dd29a620;
L_00000153dd292ee0 .concat [ 2 4 0 0], v00000153dd284b40_0, L_00000153dd29a668;
L_00000153dd2930c0 .concat [ 2 4 0 0], L_00000153dd293d40, L_00000153dd29a6b0;
L_00000153dd293160 .arith/sum 6, L_00000153dd292ee0, L_00000153dd2930c0;
L_00000153dd293200 .arith/sum 6, L_00000153dd292f80, L_00000153dd293160;
L_00000153dd2f48f0 .array/port v00000153dd284dc0, L_00000153dd2f2c30;
L_00000153dd2f2c30 .concat [ 4 1 0 0], L_00000153dd2f5930, L_00000153dd29a6f8;
L_00000153dd2f4ad0 .array/port v00000153dd284dc0, L_00000153dd2f25f0;
L_00000153dd2f2a50 .concat [ 4 28 0 0], L_00000153dd2f5930, L_00000153dd29a740;
L_00000153dd2f25f0 .arith/sum 32, L_00000153dd2f2a50, L_00000153dd29a788;
L_00000153dd2f3b30 .array/port v00000153dd284dc0, L_00000153dd2f4530;
L_00000153dd2f4990 .concat [ 4 28 0 0], L_00000153dd2f5930, L_00000153dd29a7d0;
L_00000153dd2f4530 .arith/sum 32, L_00000153dd2f4990, L_00000153dd29a818;
L_00000153dd2f45d0 .array/port v00000153dd284dc0, L_00000153dd2f2410;
L_00000153dd2f2eb0 .concat [ 4 28 0 0], L_00000153dd2f5930, L_00000153dd29a860;
L_00000153dd2f2410 .arith/sum 32, L_00000153dd2f2eb0, L_00000153dd29a8a8;
L_00000153dd2f2870 .concat [ 8 2 0 0], L_00000153dd2053b0, L_00000153dd29a8f0;
L_00000153dd2f2f50 .concat [ 8 2 0 0], L_00000153dd204230, L_00000153dd29a938;
L_00000153dd2f38b0 .arith/sum 10, L_00000153dd2f2870, L_00000153dd2f2f50;
L_00000153dd2f3130 .concat [ 8 2 0 0], L_00000153dd203f90, L_00000153dd29a980;
L_00000153dd2f3a90 .arith/sum 10, L_00000153dd2f38b0, L_00000153dd2f3130;
L_00000153dd2f4350 .concat [ 8 2 0 0], L_00000153dd204620, L_00000153dd29a9c8;
L_00000153dd2f2af0 .arith/sum 10, L_00000153dd2f3a90, L_00000153dd2f4350;
L_00000153dd2f3310 .concat [ 6 26 0 0], L_00000153dd293200, L_00000153dd29aa10;
L_00000153dd2f36d0 .arith/mult 32, L_00000153dd2f3310, L_00000153dd29aa58;
L_00000153dd2f27d0 .part/v o00000153dd22b258, L_00000153dd2f36d0, 8;
L_00000153dd2f2910 .concat [ 4 28 0 0], v00000153dd285180_0, L_00000153dd29aaa0;
L_00000153dd2f4b70 .arith/mult 32, L_00000153dd2f2910, L_00000153dd29aae8;
L_00000153dd2f43f0 .part/v o00000153dd22b318, L_00000153dd2f4b70, 8;
L_00000153dd2f4f30 .array/port v00000153dd285040, L_00000153dd2f59d0;
L_00000153dd2f59d0 .concat [ 4 1 0 0], v00000153dd284820_0, L_00000153dd29ae90;
L_00000153dd2f4d50 .part v00000153dd284960_0, 1, 1;
L_00000153dd2f6f10 .concat [ 1 1 0 0], L_00000153dd2f4d50, L_00000153dd29aed8;
L_00000153dd2f6330 .part v00000153dd284960_0, 0, 1;
L_00000153dd2f5e30 .concat [ 1 1 0 0], L_00000153dd2f6330, L_00000153dd29af20;
L_00000153dd2f6a10 .concat [ 2 2 0 0], L_00000153dd2f6f10, L_00000153dd29af68;
L_00000153dd2f60b0 .arith/mult 4, L_00000153dd2f6a10, L_00000153dd29afb0;
L_00000153dd2f6510 .concat [ 2 2 0 0], L_00000153dd2f5e30, L_00000153dd29aff8;
L_00000153dd2f5930 .arith/sum 4, L_00000153dd2f60b0, L_00000153dd2f6510;
S_00000153dd133f00 .scope module, "u_div4" "div4" 5 82, 6 1 0, S_00000153dd161a10;
 .timescale -9 -12;
    .port_info 0 /INPUT 10 "x_u10";
    .port_info 1 /OUTPUT 8 "y_u8";
v00000153dd1ab770_0 .net "x_u10", 9 0, L_00000153dd2f2af0;  alias, 1 drivers
v00000153dd1d5dd0_0 .net "y_u8", 7 0, L_00000153dd2f6790;  alias, 1 drivers
L_00000153dd2f6790 .part L_00000153dd2f2af0, 2, 8;
S_00000153dd134090 .scope module, "u_mul8" "mul8" 5 63, 7 1 0, S_00000153dd161a10;
 .timescale -9 -12;
    .port_info 0 /INPUT 8 "a_u8";
    .port_info 1 /INPUT 8 "b_s8";
    .port_info 2 /OUTPUT 16 "p_s16";
L_00000153dd29ab30 .functor BUFT 1, C4<0>, C4<0>, C4<0>, C4<0>;
v00000153dd276c30_0 .net/2u *"_ivl_0", 0 0, L_00000153dd29ab30;  1 drivers
v00000153dd275f10_0 .net *"_ivl_2", 8 0, L_00000153dd2f33b0;  1 drivers
v00000153dd276e10_0 .net/s *"_ivl_4", 15 0, L_00000153dd2f4a30;  1 drivers
v00000153dd276ff0_0 .net/s *"_ivl_6", 15 0, L_00000153dd2f31d0;  1 drivers
v00000153dd275650_0 .net "a_u8", 7 0, L_00000153dd2f27d0;  alias, 1 drivers
v00000153dd276190_0 .net/s "b_s8", 7 0, L_00000153dd2f43f0;  alias, 1 drivers
v00000153dd275ab0_0 .net/s "p_s16", 15 0, L_00000153dd2f3db0;  alias, 1 drivers
L_00000153dd2f33b0 .concat [ 8 1 0 0], L_00000153dd2f27d0, L_00000153dd29ab30;
L_00000153dd2f4a30 .extend/s 16, L_00000153dd2f33b0;
L_00000153dd2f31d0 .extend/s 16, L_00000153dd2f43f0;
L_00000153dd2f3db0 .arith/mult 16, L_00000153dd2f4a30, L_00000153dd2f31d0;
S_00000153dd12d370 .scope module, "u_mul8_booth" "mul8_booth_wallace" 5 69, 8 1 0, S_00000153dd161a10;
 .timescale -9 -12;
    .port_info 0 /INPUT 8 "a_u8";
    .port_info 1 /INPUT 8 "b_s8";
    .port_info 2 /OUTPUT 16 "p_s16";
L_00000153dd204d20 .functor XOR 17, L_00000153dd2f47b0, L_00000153dd2f3590, C4<00000000000000000>, C4<00000000000000000>;
L_00000153dd2048c0 .functor XOR 17, L_00000153dd204d20, L_00000153dd2f3630, C4<00000000000000000>, C4<00000000000000000>;
L_00000153dd204e70 .functor AND 17, L_00000153dd2f47b0, L_00000153dd2f3590, C4<11111111111111111>, C4<11111111111111111>;
L_00000153dd204c40 .functor AND 17, L_00000153dd2f47b0, L_00000153dd2f3630, C4<11111111111111111>, C4<11111111111111111>;
L_00000153dd2044d0 .functor OR 17, L_00000153dd204e70, L_00000153dd204c40, C4<00000000000000000>, C4<00000000000000000>;
L_00000153dd204460 .functor AND 17, L_00000153dd2f3590, L_00000153dd2f3630, C4<11111111111111111>, C4<11111111111111111>;
L_00000153dd203ac0 .functor OR 17, L_00000153dd2044d0, L_00000153dd204460, C4<00000000000000000>, C4<00000000000000000>;
L_00000153dd204930 .functor XOR 17, L_00000153dd2048c0, L_00000153dd2f3810, C4<00000000000000000>, C4<00000000000000000>;
L_00000153dd203820 .functor XOR 17, L_00000153dd204930, L_00000153dd2f3770, C4<00000000000000000>, C4<00000000000000000>;
L_00000153dd203f20 .functor AND 17, L_00000153dd2048c0, L_00000153dd2f3810, C4<11111111111111111>, C4<11111111111111111>;
L_00000153dd204310 .functor AND 17, L_00000153dd2048c0, L_00000153dd2f3770, C4<11111111111111111>, C4<11111111111111111>;
L_00000153dd204d90 .functor OR 17, L_00000153dd203f20, L_00000153dd204310, C4<00000000000000000>, C4<00000000000000000>;
L_00000153dd204540 .functor AND 17, L_00000153dd2f3810, L_00000153dd2f3770, C4<11111111111111111>, C4<11111111111111111>;
L_00000153dd2051f0 .functor OR 17, L_00000153dd204d90, L_00000153dd204540, C4<00000000000000000>, C4<00000000000000000>;
L_00000153dd29ab78 .functor BUFT 1, C4<000000000>, C4<0>, C4<0>, C4<0>;
v00000153dd275330_0 .net/2u *"_ivl_0", 8 0, L_00000153dd29ab78;  1 drivers
L_00000153dd29ad28 .functor BUFT 1, C4<0>, C4<0>, C4<0>, C4<0>;
v00000153dd275470_0 .net *"_ivl_100", 0 0, L_00000153dd29ad28;  1 drivers
v00000153dd276230_0 .net *"_ivl_13", 0 0, L_00000153dd2f4710;  1 drivers
v00000153dd275e70_0 .net *"_ivl_15", 0 0, L_00000153dd2f4490;  1 drivers
v00000153dd276f50_0 .net *"_ivl_17", 0 0, L_00000153dd2f2d70;  1 drivers
v00000153dd275d30_0 .net *"_ivl_21", 0 0, L_00000153dd2f4670;  1 drivers
v00000153dd275830_0 .net *"_ivl_23", 0 0, L_00000153dd2f2730;  1 drivers
v00000153dd277090_0 .net *"_ivl_25", 0 0, L_00000153dd2f3270;  1 drivers
v00000153dd2764b0_0 .net *"_ivl_29", 0 0, L_00000153dd2f34f0;  1 drivers
v00000153dd276730_0 .net *"_ivl_31", 0 0, L_00000153dd2f3e50;  1 drivers
v00000153dd276eb0_0 .net *"_ivl_33", 0 0, L_00000153dd2f3c70;  1 drivers
v00000153dd275dd0_0 .net *"_ivl_39", 16 0, L_00000153dd2f2ff0;  1 drivers
v00000153dd2771d0_0 .net *"_ivl_42", 14 0, L_00000153dd2f29b0;  1 drivers
L_00000153dd29ac08 .functor BUFT 1, C4<00>, C4<0>, C4<0>, C4<0>;
v00000153dd2753d0_0 .net *"_ivl_44", 1 0, L_00000153dd29ac08;  1 drivers
v00000153dd276b90_0 .net *"_ivl_47", 16 0, L_00000153dd2f3090;  1 drivers
v00000153dd276870_0 .net *"_ivl_5", 0 0, L_00000153dd2f24b0;  1 drivers
v00000153dd275fb0_0 .net *"_ivl_50", 12 0, L_00000153dd2f4850;  1 drivers
L_00000153dd29ac50 .functor BUFT 1, C4<0000>, C4<0>, C4<0>, C4<0>;
v00000153dd276050_0 .net *"_ivl_52", 3 0, L_00000153dd29ac50;  1 drivers
v00000153dd277130_0 .net *"_ivl_55", 16 0, L_00000153dd2f3950;  1 drivers
v00000153dd2760f0_0 .net *"_ivl_58", 10 0, L_00000153dd2f2b90;  1 drivers
L_00000153dd29ac98 .functor BUFT 1, C4<000000>, C4<0>, C4<0>, C4<0>;
v00000153dd2758d0_0 .net *"_ivl_60", 5 0, L_00000153dd29ac98;  1 drivers
v00000153dd2762d0_0 .net *"_ivl_62", 16 0, L_00000153dd204d20;  1 drivers
v00000153dd275510_0 .net *"_ivl_66", 16 0, L_00000153dd204e70;  1 drivers
v00000153dd276550_0 .net *"_ivl_68", 16 0, L_00000153dd204c40;  1 drivers
v00000153dd2765f0_0 .net *"_ivl_7", 0 0, L_00000153dd2f3bd0;  1 drivers
v00000153dd276690_0 .net *"_ivl_70", 16 0, L_00000153dd2044d0;  1 drivers
v00000153dd275970_0 .net *"_ivl_72", 16 0, L_00000153dd204460;  1 drivers
v00000153dd2755b0_0 .net *"_ivl_74", 16 0, L_00000153dd203ac0;  1 drivers
v00000153dd276d70_0 .net *"_ivl_78", 15 0, L_00000153dd2f2cd0;  1 drivers
L_00000153dd29abc0 .functor BUFT 1, C4<0>, C4<0>, C4<0>, C4<0>;
v00000153dd275790_0 .net/2u *"_ivl_8", 0 0, L_00000153dd29abc0;  1 drivers
L_00000153dd29ace0 .functor BUFT 1, C4<0>, C4<0>, C4<0>, C4<0>;
v00000153dd2767d0_0 .net *"_ivl_80", 0 0, L_00000153dd29ace0;  1 drivers
v00000153dd275b50_0 .net *"_ivl_82", 16 0, L_00000153dd204930;  1 drivers
v00000153dd276910_0 .net *"_ivl_86", 16 0, L_00000153dd203f20;  1 drivers
v00000153dd2756f0_0 .net *"_ivl_88", 16 0, L_00000153dd204310;  1 drivers
v00000153dd275a10_0 .net *"_ivl_90", 16 0, L_00000153dd204d90;  1 drivers
v00000153dd2769b0_0 .net *"_ivl_92", 16 0, L_00000153dd204540;  1 drivers
v00000153dd276a50_0 .net *"_ivl_94", 16 0, L_00000153dd2051f0;  1 drivers
v00000153dd276af0_0 .net *"_ivl_98", 15 0, L_00000153dd2f3d10;  1 drivers
v00000153dd275bf0_0 .net/s "a_ext", 16 0, L_00000153dd2f3f90;  1 drivers
v00000153dd275c90_0 .net "a_u8", 7 0, L_00000153dd2f27d0;  alias, 1 drivers
v00000153dd27fdf0_0 .net/s "b_s8", 7 0, L_00000153dd2f43f0;  alias, 1 drivers
v00000153dd280250_0 .net "booth0", 2 0, L_00000153dd2f3450;  1 drivers
v00000153dd27f3f0_0 .net "booth1", 2 0, L_00000153dd2f2690;  1 drivers
v00000153dd2802f0_0 .net "booth2", 2 0, L_00000153dd2f4030;  1 drivers
v00000153dd280d90_0 .net "booth3", 2 0, L_00000153dd2f2550;  1 drivers
v00000153dd27f5d0_0 .net "csa1_carry", 16 0, L_00000153dd2f3810;  1 drivers
v00000153dd27f850_0 .net "csa1_sum", 16 0, L_00000153dd2048c0;  1 drivers
v00000153dd280e30_0 .net "csa2_carry", 16 0, L_00000153dd2f39f0;  1 drivers
v00000153dd27fa30_0 .net "csa2_sum", 16 0, L_00000153dd203820;  1 drivers
v00000153dd280c50_0 .net/s "p_s16", 15 0, L_00000153dd2f2e10;  alias, 1 drivers
v00000153dd27f350_0 .net/s "pp0", 16 0, L_00000153dd2f47b0;  1 drivers
v00000153dd280570_0 .net/s "pp1", 16 0, L_00000153dd2f3590;  1 drivers
v00000153dd2807f0_0 .net/s "pp2", 16 0, L_00000153dd2f3630;  1 drivers
v00000153dd27f7b0_0 .net/s "pp3", 16 0, L_00000153dd2f3770;  1 drivers
v00000153dd27fc10_0 .net/s "prod_ext", 16 0, L_00000153dd2f42b0;  1 drivers
L_00000153dd2f3f90 .concat [ 8 9 0 0], L_00000153dd2f27d0, L_00000153dd29ab78;
L_00000153dd2f24b0 .part L_00000153dd2f43f0, 1, 1;
L_00000153dd2f3bd0 .part L_00000153dd2f43f0, 0, 1;
L_00000153dd2f3450 .concat [ 1 1 1 0], L_00000153dd29abc0, L_00000153dd2f3bd0, L_00000153dd2f24b0;
L_00000153dd2f4710 .part L_00000153dd2f43f0, 3, 1;
L_00000153dd2f4490 .part L_00000153dd2f43f0, 2, 1;
L_00000153dd2f2d70 .part L_00000153dd2f43f0, 1, 1;
L_00000153dd2f2690 .concat [ 1 1 1 0], L_00000153dd2f2d70, L_00000153dd2f4490, L_00000153dd2f4710;
L_00000153dd2f4670 .part L_00000153dd2f43f0, 5, 1;
L_00000153dd2f2730 .part L_00000153dd2f43f0, 4, 1;
L_00000153dd2f3270 .part L_00000153dd2f43f0, 3, 1;
L_00000153dd2f4030 .concat [ 1 1 1 0], L_00000153dd2f3270, L_00000153dd2f2730, L_00000153dd2f4670;
L_00000153dd2f34f0 .part L_00000153dd2f43f0, 7, 1;
L_00000153dd2f3e50 .part L_00000153dd2f43f0, 6, 1;
L_00000153dd2f3c70 .part L_00000153dd2f43f0, 5, 1;
L_00000153dd2f2550 .concat [ 1 1 1 0], L_00000153dd2f3c70, L_00000153dd2f3e50, L_00000153dd2f34f0;
L_00000153dd2f47b0 .ufunc/vec4 TD_cnn_compare_base_top.u_base.u_mul8_booth.booth_select, 17, L_00000153dd2f3450, L_00000153dd2f3f90 (v00000153dd276370_0, v00000153dd276cd0_0) S_00000153dd12d500;
L_00000153dd2f2ff0 .ufunc/vec4 TD_cnn_compare_base_top.u_base.u_mul8_booth.booth_select, 17, L_00000153dd2f2690, L_00000153dd2f3f90 (v00000153dd276370_0, v00000153dd276cd0_0) S_00000153dd12d500;
L_00000153dd2f29b0 .part L_00000153dd2f2ff0, 0, 15;
L_00000153dd2f3590 .concat [ 2 15 0 0], L_00000153dd29ac08, L_00000153dd2f29b0;
L_00000153dd2f3090 .ufunc/vec4 TD_cnn_compare_base_top.u_base.u_mul8_booth.booth_select, 17, L_00000153dd2f4030, L_00000153dd2f3f90 (v00000153dd276370_0, v00000153dd276cd0_0) S_00000153dd12d500;
L_00000153dd2f4850 .part L_00000153dd2f3090, 0, 13;
L_00000153dd2f3630 .concat [ 4 13 0 0], L_00000153dd29ac50, L_00000153dd2f4850;
L_00000153dd2f3950 .ufunc/vec4 TD_cnn_compare_base_top.u_base.u_mul8_booth.booth_select, 17, L_00000153dd2f2550, L_00000153dd2f3f90 (v00000153dd276370_0, v00000153dd276cd0_0) S_00000153dd12d500;
L_00000153dd2f2b90 .part L_00000153dd2f3950, 0, 11;
L_00000153dd2f3770 .concat [ 6 11 0 0], L_00000153dd29ac98, L_00000153dd2f2b90;
L_00000153dd2f2cd0 .part L_00000153dd203ac0, 0, 16;
L_00000153dd2f3810 .concat [ 1 16 0 0], L_00000153dd29ace0, L_00000153dd2f2cd0;
L_00000153dd2f3d10 .part L_00000153dd2051f0, 0, 16;
L_00000153dd2f39f0 .concat [ 1 16 0 0], L_00000153dd29ad28, L_00000153dd2f3d10;
L_00000153dd2f42b0 .arith/sum 17, L_00000153dd203820, L_00000153dd2f39f0;
L_00000153dd2f2e10 .part L_00000153dd2f42b0, 0, 16;
S_00000153dd12d500 .scope autofunction.vec4.u17, "booth_select" "booth_select" 8 6, 8 6 0, S_00000153dd12d370;
 .timescale -9 -12;
v00000153dd276370_0 .var "booth_bits", 2 0;
; Variable booth_select is vec4 return value of scope S_00000153dd12d500
v00000153dd276cd0_0 .var/s "multiplicand", 16 0;
TD_cnn_compare_base_top.u_base.u_mul8_booth.booth_select ;
    %load/vec4 v00000153dd276370_0;
    %dup/vec4;
    %pushi/vec4 0, 0, 3;
    %cmp/u;
    %jmp/1 T_0.0, 6;
    %dup/vec4;
    %pushi/vec4 7, 0, 3;
    %cmp/u;
    %jmp/1 T_0.1, 6;
    %dup/vec4;
    %pushi/vec4 1, 0, 3;
    %cmp/u;
    %jmp/1 T_0.2, 6;
    %dup/vec4;
    %pushi/vec4 2, 0, 3;
    %cmp/u;
    %jmp/1 T_0.3, 6;
    %dup/vec4;
    %pushi/vec4 3, 0, 3;
    %cmp/u;
    %jmp/1 T_0.4, 6;
    %dup/vec4;
    %pushi/vec4 4, 0, 3;
    %cmp/u;
    %jmp/1 T_0.5, 6;
    %dup/vec4;
    %pushi/vec4 5, 0, 3;
    %cmp/u;
    %jmp/1 T_0.6, 6;
    %dup/vec4;
    %pushi/vec4 6, 0, 3;
    %cmp/u;
    %jmp/1 T_0.7, 6;
    %pushi/vec4 0, 0, 17;
    %ret/vec4 0, 0, 17;  Assign to booth_select (store_vec4_to_lval)
    %jmp T_0.9;
T_0.0 ;
    %pushi/vec4 0, 0, 17;
    %ret/vec4 0, 0, 17;  Assign to booth_select (store_vec4_to_lval)
    %jmp T_0.9;
T_0.1 ;
    %pushi/vec4 0, 0, 17;
    %ret/vec4 0, 0, 17;  Assign to booth_select (store_vec4_to_lval)
    %jmp T_0.9;
T_0.2 ;
    %load/vec4 v00000153dd276cd0_0;
    %ret/vec4 0, 0, 17;  Assign to booth_select (store_vec4_to_lval)
    %jmp T_0.9;
T_0.3 ;
    %load/vec4 v00000153dd276cd0_0;
    %ret/vec4 0, 0, 17;  Assign to booth_select (store_vec4_to_lval)
    %jmp T_0.9;
T_0.4 ;
    %load/vec4 v00000153dd276cd0_0;
    %ix/load 4, 1, 0;
    %flag_set/imm 4, 0;
    %shiftl 4;
    %ret/vec4 0, 0, 17;  Assign to booth_select (store_vec4_to_lval)
    %jmp T_0.9;
T_0.5 ;
    %load/vec4 v00000153dd276cd0_0;
    %ix/load 4, 1, 0;
    %flag_set/imm 4, 0;
    %shiftl 4;
    %inv;
    %pushi/vec4 1, 0, 17;
    %add;
    %ret/vec4 0, 0, 17;  Assign to booth_select (store_vec4_to_lval)
    %jmp T_0.9;
T_0.6 ;
    %load/vec4 v00000153dd276cd0_0;
    %inv;
    %pushi/vec4 1, 0, 17;
    %add;
    %ret/vec4 0, 0, 17;  Assign to booth_select (store_vec4_to_lval)
    %jmp T_0.9;
T_0.7 ;
    %load/vec4 v00000153dd276cd0_0;
    %inv;
    %pushi/vec4 1, 0, 17;
    %add;
    %ret/vec4 0, 0, 17;  Assign to booth_select (store_vec4_to_lval)
    %jmp T_0.9;
T_0.9 ;
    %pop/vec4 1;
    %end;
S_00000153dd1323c0 .scope module, "u_relu" "relu_s20" 5 77, 9 1 0, S_00000153dd161a10;
 .timescale -9 -12;
    .port_info 0 /INPUT 20 "x_s20";
    .port_info 1 /OUTPUT 8 "y_u8";
v00000153dd280430_0 .net/s *"_ivl_0", 31 0, L_00000153dd2f40d0;  1 drivers
L_00000153dd29ae00 .functor BUFT 1, C4<00000000000011111111>, C4<0>, C4<0>, C4<0>;
v00000153dd27fb70_0 .net/2s *"_ivl_10", 19 0, L_00000153dd29ae00;  1 drivers
v00000153dd27f8f0_0 .net *"_ivl_12", 0 0, L_00000153dd2f4210;  1 drivers
L_00000153dd29ae48 .functor BUFT 1, C4<11111111>, C4<0>, C4<0>, C4<0>;
v00000153dd280a70_0 .net/2u *"_ivl_14", 7 0, L_00000153dd29ae48;  1 drivers
v00000153dd280f70_0 .net *"_ivl_17", 7 0, L_00000153dd2f5890;  1 drivers
L_00000153dd29ad70 .functor BUFT 1, C4<00000000000000000000000000000000>, C4<0>, C4<0>, C4<0>;
v00000153dd281150_0 .net/2s *"_ivl_2", 31 0, L_00000153dd29ad70;  1 drivers
v00000153dd27f990_0 .net *"_ivl_4", 0 0, L_00000153dd2f3ef0;  1 drivers
L_00000153dd29adb8 .functor BUFT 1, C4<00000000000000000000>, C4<0>, C4<0>, C4<0>;
v00000153dd2811f0_0 .net/2s *"_ivl_6", 19 0, L_00000153dd29adb8;  1 drivers
v00000153dd27f490_0 .net/s "x_clip_low", 19 0, L_00000153dd2f4170;  1 drivers
v00000153dd2810b0_0 .net/s "x_s20", 19 0, L_00000153dd2f4f30;  1 drivers
v00000153dd280bb0_0 .net "y_u8", 7 0, L_00000153dd2f7190;  alias, 1 drivers
L_00000153dd2f40d0 .extend/s 32, L_00000153dd2f4f30;
L_00000153dd2f3ef0 .cmp/gt.s 32, L_00000153dd29ad70, L_00000153dd2f40d0;
L_00000153dd2f4170 .functor MUXZ 20, L_00000153dd2f4f30, L_00000153dd29adb8, L_00000153dd2f3ef0, C4<>;
L_00000153dd2f4210 .cmp/gt.s 20, L_00000153dd2f4170, L_00000153dd29ae00;
L_00000153dd2f5890 .part L_00000153dd2f4170, 0, 8;
L_00000153dd2f7190 .functor MUXZ 8, L_00000153dd2f5890, L_00000153dd29ae48, L_00000153dd2f4210, C4<>;
S_00000153dd167d40 .scope module, "simd_add8x4" "simd_add8x4" 10 1;
 .timescale -9 -12;
    .port_info 0 /INPUT 32 "a_u8x4";
    .port_info 1 /INPUT 32 "b_u8x4";
    .port_info 2 /OUTPUT 32 "y_u8x4";
L_00000153dd29b088 .functor BUFT 1, C4<0>, C4<0>, C4<0>, C4<0>;
v00000153dd2850e0_0 .net/2u *"_ivl_0", 0 0, L_00000153dd29b088;  1 drivers
v00000153dd2854a0_0 .net *"_ivl_10", 8 0, L_00000153dd2f6650;  1 drivers
L_00000153dd29b118 .functor BUFT 1, C4<0>, C4<0>, C4<0>, C4<0>;
v00000153dd284e60_0 .net/2u *"_ivl_14", 0 0, L_00000153dd29b118;  1 drivers
v00000153dd284fa0_0 .net *"_ivl_17", 7 0, L_00000153dd2f6d30;  1 drivers
v00000153dd285900_0 .net *"_ivl_18", 8 0, L_00000153dd2f65b0;  1 drivers
L_00000153dd29b160 .functor BUFT 1, C4<0>, C4<0>, C4<0>, C4<0>;
v00000153dd2841e0_0 .net/2u *"_ivl_20", 0 0, L_00000153dd29b160;  1 drivers
v00000153dd283c40_0 .net *"_ivl_23", 7 0, L_00000153dd2f72d0;  1 drivers
v00000153dd285540_0 .net *"_ivl_24", 8 0, L_00000153dd2f6e70;  1 drivers
L_00000153dd29b1a8 .functor BUFT 1, C4<0>, C4<0>, C4<0>, C4<0>;
v00000153dd283560_0 .net/2u *"_ivl_28", 0 0, L_00000153dd29b1a8;  1 drivers
v00000153dd2855e0_0 .net *"_ivl_3", 7 0, L_00000153dd2f4c10;  1 drivers
v00000153dd285720_0 .net *"_ivl_31", 7 0, L_00000153dd2f6dd0;  1 drivers
v00000153dd283600_0 .net *"_ivl_32", 8 0, L_00000153dd2f5b10;  1 drivers
L_00000153dd29b1f0 .functor BUFT 1, C4<0>, C4<0>, C4<0>, C4<0>;
v00000153dd2857c0_0 .net/2u *"_ivl_34", 0 0, L_00000153dd29b1f0;  1 drivers
v00000153dd2859a0_0 .net *"_ivl_37", 7 0, L_00000153dd2f63d0;  1 drivers
v00000153dd2836a0_0 .net *"_ivl_38", 8 0, L_00000153dd2f4e90;  1 drivers
v00000153dd285860_0 .net *"_ivl_4", 8 0, L_00000153dd2f5f70;  1 drivers
L_00000153dd29b238 .functor BUFT 1, C4<0>, C4<0>, C4<0>, C4<0>;
v00000153dd2837e0_0 .net/2u *"_ivl_42", 0 0, L_00000153dd29b238;  1 drivers
v00000153dd283ba0_0 .net *"_ivl_45", 7 0, L_00000153dd2f7230;  1 drivers
v00000153dd283d80_0 .net *"_ivl_46", 8 0, L_00000153dd2f6010;  1 drivers
L_00000153dd29b280 .functor BUFT 1, C4<0>, C4<0>, C4<0>, C4<0>;
v00000153dd283ec0_0 .net/2u *"_ivl_48", 0 0, L_00000153dd29b280;  1 drivers
v00000153dd283f60_0 .net *"_ivl_51", 7 0, L_00000153dd2f7370;  1 drivers
v00000153dd285b80_0 .net *"_ivl_52", 8 0, L_00000153dd2f5bb0;  1 drivers
v00000153dd286d00_0 .net *"_ivl_57", 7 0, L_00000153dd2f6fb0;  1 drivers
v00000153dd286a80_0 .net *"_ivl_59", 7 0, L_00000153dd2f6150;  1 drivers
L_00000153dd29b0d0 .functor BUFT 1, C4<0>, C4<0>, C4<0>, C4<0>;
v00000153dd286300_0 .net/2u *"_ivl_6", 0 0, L_00000153dd29b0d0;  1 drivers
v00000153dd286440_0 .net *"_ivl_61", 7 0, L_00000153dd2f4cb0;  1 drivers
v00000153dd286b20_0 .net *"_ivl_63", 7 0, L_00000153dd2f5c50;  1 drivers
v00000153dd286940_0 .net *"_ivl_9", 7 0, L_00000153dd2f6b50;  1 drivers
o00000153dd22beb8 .functor BUFZ 32, C4<zzzzzzzzzzzzzzzzzzzzzzzzzzzzzzzz>; HiZ drive
v00000153dd287160_0 .net "a_u8x4", 31 0, o00000153dd22beb8;  0 drivers
o00000153dd22bee8 .functor BUFZ 32, C4<zzzzzzzzzzzzzzzzzzzzzzzzzzzzzzzz>; HiZ drive
v00000153dd286ee0_0 .net "b_u8x4", 31 0, o00000153dd22bee8;  0 drivers
v00000153dd285d60_0 .net "s0", 8 0, L_00000153dd2f70f0;  1 drivers
v00000153dd286da0_0 .net "s1", 8 0, L_00000153dd2f5a70;  1 drivers
v00000153dd2861c0_0 .net "s2", 8 0, L_00000153dd2f6290;  1 drivers
v00000153dd286e40_0 .net "s3", 8 0, L_00000153dd2f6830;  1 drivers
v00000153dd287200_0 .net "y_u8x4", 31 0, L_00000153dd2f4df0;  1 drivers
L_00000153dd2f4c10 .part o00000153dd22beb8, 0, 8;
L_00000153dd2f5f70 .concat [ 8 1 0 0], L_00000153dd2f4c10, L_00000153dd29b088;
L_00000153dd2f6b50 .part o00000153dd22bee8, 0, 8;
L_00000153dd2f6650 .concat [ 8 1 0 0], L_00000153dd2f6b50, L_00000153dd29b0d0;
L_00000153dd2f70f0 .arith/sum 9, L_00000153dd2f5f70, L_00000153dd2f6650;
L_00000153dd2f6d30 .part o00000153dd22beb8, 8, 8;
L_00000153dd2f65b0 .concat [ 8 1 0 0], L_00000153dd2f6d30, L_00000153dd29b118;
L_00000153dd2f72d0 .part o00000153dd22bee8, 8, 8;
L_00000153dd2f6e70 .concat [ 8 1 0 0], L_00000153dd2f72d0, L_00000153dd29b160;
L_00000153dd2f5a70 .arith/sum 9, L_00000153dd2f65b0, L_00000153dd2f6e70;
L_00000153dd2f6dd0 .part o00000153dd22beb8, 16, 8;
L_00000153dd2f5b10 .concat [ 8 1 0 0], L_00000153dd2f6dd0, L_00000153dd29b1a8;
L_00000153dd2f63d0 .part o00000153dd22bee8, 16, 8;
L_00000153dd2f4e90 .concat [ 8 1 0 0], L_00000153dd2f63d0, L_00000153dd29b1f0;
L_00000153dd2f6290 .arith/sum 9, L_00000153dd2f5b10, L_00000153dd2f4e90;
L_00000153dd2f7230 .part o00000153dd22beb8, 24, 8;
L_00000153dd2f6010 .concat [ 8 1 0 0], L_00000153dd2f7230, L_00000153dd29b238;
L_00000153dd2f7370 .part o00000153dd22bee8, 24, 8;
L_00000153dd2f5bb0 .concat [ 8 1 0 0], L_00000153dd2f7370, L_00000153dd29b280;
L_00000153dd2f6830 .arith/sum 9, L_00000153dd2f6010, L_00000153dd2f5bb0;
L_00000153dd2f6fb0 .part L_00000153dd2f6830, 0, 8;
L_00000153dd2f6150 .part L_00000153dd2f6290, 0, 8;
L_00000153dd2f4cb0 .part L_00000153dd2f5a70, 0, 8;
L_00000153dd2f5c50 .part L_00000153dd2f70f0, 0, 8;
L_00000153dd2f4df0 .concat [ 8 8 8 8], L_00000153dd2f5c50, L_00000153dd2f4cb0, L_00000153dd2f6150, L_00000153dd2f6fb0;
S_00000153dd167ed0 .scope module, "simd_avgpool2x2_8bit" "simd_avgpool2x2_8bit" 11 1;
 .timescale -9 -12;
    .port_info 0 /INPUT 32 "x_u8x4";
    .port_info 1 /OUTPUT 8 "y_u8";
L_00000153dd29b2c8 .functor BUFT 1, C4<00>, C4<0>, C4<0>, C4<0>;
v00000153dd286580_0 .net/2u *"_ivl_0", 1 0, L_00000153dd29b2c8;  1 drivers
v00000153dd286f80_0 .net *"_ivl_10", 9 0, L_00000153dd2f5070;  1 drivers
v00000153dd286800_0 .net *"_ivl_12", 9 0, L_00000153dd2f61f0;  1 drivers
L_00000153dd29b358 .functor BUFT 1, C4<00>, C4<0>, C4<0>, C4<0>;
v00000153dd286bc0_0 .net/2u *"_ivl_14", 1 0, L_00000153dd29b358;  1 drivers
v00000153dd286760_0 .net *"_ivl_17", 7 0, L_00000153dd2f6bf0;  1 drivers
v00000153dd286260_0 .net *"_ivl_18", 9 0, L_00000153dd2f68d0;  1 drivers
v00000153dd2863a0_0 .net *"_ivl_20", 9 0, L_00000153dd2f5110;  1 drivers
L_00000153dd29b3a0 .functor BUFT 1, C4<00>, C4<0>, C4<0>, C4<0>;
v00000153dd285cc0_0 .net/2u *"_ivl_22", 1 0, L_00000153dd29b3a0;  1 drivers
v00000153dd287020_0 .net *"_ivl_25", 7 0, L_00000153dd2f51b0;  1 drivers
v00000153dd286c60_0 .net *"_ivl_26", 9 0, L_00000153dd2f56b0;  1 drivers
v00000153dd2868a0_0 .net *"_ivl_3", 7 0, L_00000153dd2f4fd0;  1 drivers
v00000153dd286620_0 .net *"_ivl_4", 9 0, L_00000153dd2f7050;  1 drivers
L_00000153dd29b310 .functor BUFT 1, C4<00>, C4<0>, C4<0>, C4<0>;
v00000153dd2864e0_0 .net/2u *"_ivl_6", 1 0, L_00000153dd29b310;  1 drivers
v00000153dd2866c0_0 .net *"_ivl_9", 7 0, L_00000153dd2f5cf0;  1 drivers
v00000153dd285c20_0 .net "s", 9 0, L_00000153dd2f6470;  1 drivers
o00000153dd22c368 .functor BUFZ 32, C4<zzzzzzzzzzzzzzzzzzzzzzzzzzzzzzzz>; HiZ drive
v00000153dd2869e0_0 .net "x_u8x4", 31 0, o00000153dd22c368;  0 drivers
v00000153dd285e00_0 .net "y_u8", 7 0, L_00000153dd2f5250;  1 drivers
L_00000153dd2f4fd0 .part o00000153dd22c368, 0, 8;
L_00000153dd2f7050 .concat [ 8 2 0 0], L_00000153dd2f4fd0, L_00000153dd29b2c8;
L_00000153dd2f5cf0 .part o00000153dd22c368, 8, 8;
L_00000153dd2f5070 .concat [ 8 2 0 0], L_00000153dd2f5cf0, L_00000153dd29b310;
L_00000153dd2f61f0 .arith/sum 10, L_00000153dd2f7050, L_00000153dd2f5070;
L_00000153dd2f6bf0 .part o00000153dd22c368, 16, 8;
L_00000153dd2f68d0 .concat [ 8 2 0 0], L_00000153dd2f6bf0, L_00000153dd29b358;
L_00000153dd2f5110 .arith/sum 10, L_00000153dd2f61f0, L_00000153dd2f68d0;
L_00000153dd2f51b0 .part o00000153dd22c368, 24, 8;
L_00000153dd2f56b0 .concat [ 8 2 0 0], L_00000153dd2f51b0, L_00000153dd29b3a0;
L_00000153dd2f6470 .arith/sum 10, L_00000153dd2f5110, L_00000153dd2f56b0;
L_00000153dd2f5250 .part L_00000153dd2f6470, 2, 8;
S_00000153dd171aa0 .scope module, "simd_mul8x4" "simd_mul8x4" 12 1;
 .timescale -9 -12;
    .port_info 0 /INPUT 32 "a_u8x4";
    .port_info 1 /INPUT 32 "b_s8x4";
    .port_info 2 /OUTPUT 64 "p_s16x4";
L_00000153dd29b3e8 .functor BUFT 1, C4<0>, C4<0>, C4<0>, C4<0>;
v00000153dd285ea0_0 .net/2u *"_ivl_0", 0 0, L_00000153dd29b3e8;  1 drivers
v00000153dd2870c0_0 .net/s *"_ivl_10", 15 0, L_00000153dd2f6970;  1 drivers
L_00000153dd29b430 .functor BUFT 1, C4<0>, C4<0>, C4<0>, C4<0>;
v00000153dd285f40_0 .net/2u *"_ivl_14", 0 0, L_00000153dd29b430;  1 drivers
v00000153dd285fe0_0 .net *"_ivl_17", 7 0, L_00000153dd2f57f0;  1 drivers
v00000153dd286080_0 .net *"_ivl_18", 8 0, L_00000153dd2f6ab0;  1 drivers
v00000153dd286120_0 .net/s *"_ivl_20", 15 0, L_00000153dd2f52f0;  1 drivers
v00000153dd289af0_0 .net *"_ivl_23", 7 0, L_00000153dd2f6c90;  1 drivers
v00000153dd2892d0_0 .net/s *"_ivl_24", 15 0, L_00000153dd2f5430;  1 drivers
L_00000153dd29b478 .functor BUFT 1, C4<0>, C4<0>, C4<0>, C4<0>;
v00000153dd288470_0 .net/2u *"_ivl_28", 0 0, L_00000153dd29b478;  1 drivers
v00000153dd2888d0_0 .net *"_ivl_3", 7 0, L_00000153dd2f5390;  1 drivers
v00000153dd289910_0 .net *"_ivl_31", 7 0, L_00000153dd2f5570;  1 drivers
v00000153dd2874d0_0 .net *"_ivl_32", 8 0, L_00000153dd2f5610;  1 drivers
v00000153dd287d90_0 .net/s *"_ivl_34", 15 0, L_00000153dd2f8c70;  1 drivers
v00000153dd287430_0 .net *"_ivl_37", 7 0, L_00000153dd2f9990;  1 drivers
v00000153dd288ab0_0 .net/s *"_ivl_38", 15 0, L_00000153dd2f8770;  1 drivers
v00000153dd288e70_0 .net *"_ivl_4", 8 0, L_00000153dd2f5ed0;  1 drivers
L_00000153dd29b4c0 .functor BUFT 1, C4<0>, C4<0>, C4<0>, C4<0>;
v00000153dd2876b0_0 .net/2u *"_ivl_42", 0 0, L_00000153dd29b4c0;  1 drivers
v00000153dd288b50_0 .net *"_ivl_45", 7 0, L_00000153dd2f7550;  1 drivers
v00000153dd2885b0_0 .net *"_ivl_46", 8 0, L_00000153dd2f88b0;  1 drivers
v00000153dd288010_0 .net/s *"_ivl_48", 15 0, L_00000153dd2f8950;  1 drivers
v00000153dd289190_0 .net *"_ivl_51", 7 0, L_00000153dd2f77d0;  1 drivers
v00000153dd287890_0 .net/s *"_ivl_52", 15 0, L_00000153dd2f9170;  1 drivers
v00000153dd2880b0_0 .net/s *"_ivl_6", 15 0, L_00000153dd2f5d90;  1 drivers
v00000153dd287cf0_0 .net *"_ivl_9", 7 0, L_00000153dd2f66f0;  1 drivers
o00000153dd22c8a8 .functor BUFZ 32, C4<zzzzzzzzzzzzzzzzzzzzzzzzzzzzzzzz>; HiZ drive
v00000153dd287610_0 .net "a_u8x4", 31 0, o00000153dd22c8a8;  0 drivers
o00000153dd22c8d8 .functor BUFZ 32, C4<zzzzzzzzzzzzzzzzzzzzzzzzzzzzzzzz>; HiZ drive
v00000153dd2899b0_0 .net "b_s8x4", 31 0, o00000153dd22c8d8;  0 drivers
v00000153dd289050_0 .net/s "p0", 15 0, L_00000153dd2f5750;  1 drivers
v00000153dd2897d0_0 .net/s "p1", 15 0, L_00000153dd2f54d0;  1 drivers
v00000153dd2879d0_0 .net/s "p2", 15 0, L_00000153dd2f7e10;  1 drivers
v00000153dd2886f0_0 .net/s "p3", 15 0, L_00000153dd2f7a50;  1 drivers
v00000153dd287e30_0 .net "p_s16x4", 63 0, L_00000153dd2f9350;  1 drivers
L_00000153dd2f5390 .part o00000153dd22c8a8, 0, 8;
L_00000153dd2f5ed0 .concat [ 8 1 0 0], L_00000153dd2f5390, L_00000153dd29b3e8;
L_00000153dd2f5d90 .extend/s 16, L_00000153dd2f5ed0;
L_00000153dd2f66f0 .part o00000153dd22c8d8, 0, 8;
L_00000153dd2f6970 .extend/s 16, L_00000153dd2f66f0;
L_00000153dd2f5750 .arith/mult 16, L_00000153dd2f5d90, L_00000153dd2f6970;
L_00000153dd2f57f0 .part o00000153dd22c8a8, 8, 8;
L_00000153dd2f6ab0 .concat [ 8 1 0 0], L_00000153dd2f57f0, L_00000153dd29b430;
L_00000153dd2f52f0 .extend/s 16, L_00000153dd2f6ab0;
L_00000153dd2f6c90 .part o00000153dd22c8d8, 8, 8;
L_00000153dd2f5430 .extend/s 16, L_00000153dd2f6c90;
L_00000153dd2f54d0 .arith/mult 16, L_00000153dd2f52f0, L_00000153dd2f5430;
L_00000153dd2f5570 .part o00000153dd22c8a8, 16, 8;
L_00000153dd2f5610 .concat [ 8 1 0 0], L_00000153dd2f5570, L_00000153dd29b478;
L_00000153dd2f8c70 .extend/s 16, L_00000153dd2f5610;
L_00000153dd2f9990 .part o00000153dd22c8d8, 16, 8;
L_00000153dd2f8770 .extend/s 16, L_00000153dd2f9990;
L_00000153dd2f7e10 .arith/mult 16, L_00000153dd2f8c70, L_00000153dd2f8770;
L_00000153dd2f7550 .part o00000153dd22c8a8, 24, 8;
L_00000153dd2f88b0 .concat [ 8 1 0 0], L_00000153dd2f7550, L_00000153dd29b4c0;
L_00000153dd2f8950 .extend/s 16, L_00000153dd2f88b0;
L_00000153dd2f77d0 .part o00000153dd22c8d8, 24, 8;
L_00000153dd2f9170 .extend/s 16, L_00000153dd2f77d0;
L_00000153dd2f7a50 .arith/mult 16, L_00000153dd2f8950, L_00000153dd2f9170;
L_00000153dd2f9350 .concat [ 16 16 16 16], L_00000153dd2f5750, L_00000153dd2f54d0, L_00000153dd2f7e10, L_00000153dd2f7a50;
S_00000153dd171c30 .scope module, "simd_relu8x4" "simd_relu8x4" 13 1;
 .timescale -9 -12;
    .port_info 0 /INPUT 32 "x_s8x4";
    .port_info 1 /OUTPUT 32 "y_u8x4";
v00000153dd288f10_0 .net *"_ivl_1", 0 0, L_00000153dd2f8270;  1 drivers
L_00000153dd29b550 .functor BUFT 1, C4<00000000>, C4<0>, C4<0>, C4<0>;
v00000153dd288bf0_0 .net/2u *"_ivl_10", 7 0, L_00000153dd29b550;  1 drivers
v00000153dd289410_0 .net *"_ivl_13", 7 0, L_00000153dd2f7c30;  1 drivers
v00000153dd287930_0 .net *"_ivl_17", 0 0, L_00000153dd2f8310;  1 drivers
L_00000153dd29b598 .functor BUFT 1, C4<00000000>, C4<0>, C4<0>, C4<0>;
v00000153dd288510_0 .net/2u *"_ivl_18", 7 0, L_00000153dd29b598;  1 drivers
L_00000153dd29b508 .functor BUFT 1, C4<00000000>, C4<0>, C4<0>, C4<0>;
v00000153dd287ed0_0 .net/2u *"_ivl_2", 7 0, L_00000153dd29b508;  1 drivers
v00000153dd289370_0 .net *"_ivl_21", 7 0, L_00000153dd2f7d70;  1 drivers
v00000153dd289a50_0 .net *"_ivl_25", 0 0, L_00000153dd2f9ad0;  1 drivers
L_00000153dd29b5e0 .functor BUFT 1, C4<00000000>, C4<0>, C4<0>, C4<0>;
v00000153dd287750_0 .net/2u *"_ivl_26", 7 0, L_00000153dd29b5e0;  1 drivers
v00000153dd2890f0_0 .net *"_ivl_29", 7 0, L_00000153dd2f81d0;  1 drivers
v00000153dd288150_0 .net *"_ivl_5", 7 0, L_00000153dd2f8ef0;  1 drivers
v00000153dd288650_0 .net *"_ivl_9", 0 0, L_00000153dd2f9a30;  1 drivers
o00000153dd22ccc8 .functor BUFZ 32, C4<zzzzzzzzzzzzzzzzzzzzzzzzzzzzzzzz>; HiZ drive
v00000153dd288830_0 .net "x_s8x4", 31 0, o00000153dd22ccc8;  0 drivers
v00000153dd2883d0_0 .net "y0", 7 0, L_00000153dd2f8db0;  1 drivers
v00000153dd289550_0 .net "y1", 7 0, L_00000153dd2f9b70;  1 drivers
v00000153dd289230_0 .net "y2", 7 0, L_00000153dd2f89f0;  1 drivers
v00000153dd2877f0_0 .net "y3", 7 0, L_00000153dd2f8e50;  1 drivers
v00000153dd287f70_0 .net "y_u8x4", 31 0, L_00000153dd2f8f90;  1 drivers
L_00000153dd2f8270 .part o00000153dd22ccc8, 7, 1;
L_00000153dd2f8ef0 .part o00000153dd22ccc8, 0, 8;
L_00000153dd2f8db0 .functor MUXZ 8, L_00000153dd2f8ef0, L_00000153dd29b508, L_00000153dd2f8270, C4<>;
L_00000153dd2f9a30 .part o00000153dd22ccc8, 15, 1;
L_00000153dd2f7c30 .part o00000153dd22ccc8, 8, 8;
L_00000153dd2f9b70 .functor MUXZ 8, L_00000153dd2f7c30, L_00000153dd29b550, L_00000153dd2f9a30, C4<>;
L_00000153dd2f8310 .part o00000153dd22ccc8, 23, 1;
L_00000153dd2f7d70 .part o00000153dd22ccc8, 16, 8;
L_00000153dd2f89f0 .functor MUXZ 8, L_00000153dd2f7d70, L_00000153dd29b598, L_00000153dd2f8310, C4<>;
L_00000153dd2f9ad0 .part o00000153dd22ccc8, 31, 1;
L_00000153dd2f81d0 .part o00000153dd22ccc8, 24, 8;
L_00000153dd2f8e50 .functor MUXZ 8, L_00000153dd2f81d0, L_00000153dd29b5e0, L_00000153dd2f9ad0, C4<>;
L_00000153dd2f8f90 .concat [ 8 8 8 8], L_00000153dd2f8db0, L_00000153dd2f9b70, L_00000153dd2f89f0, L_00000153dd2f8e50;
S_00000153dd161880 .scope module, "tb_cnn_core" "tb_cnn_core" 14 3;
 .timescale -9 -12;
P_00000153dd215000 .param/l "EXPECT" 1 14 13, C4<10010000100001110110001101011010>;
v00000153dd293ac0_0 .var "clk", 0 0;
v00000153dd292bc0_0 .net "done", 0 0, L_00000153dd300ab0;  1 drivers
v00000153dd2935c0_0 .var "img_flat_u8x25", 199 0;
v00000153dd2937a0_0 .var/s "ker_flat_s8x9", 71 0;
v00000153dd293020_0 .var "mode_sel", 1 0;
v00000153dd2938e0_0 .net "out_flat_u8x4", 31 0, L_00000153dd3003d0;  1 drivers
v00000153dd293fc0_0 .var "rst_n", 0 0;
v00000153dd293b60_0 .var "start", 0 0;
S_00000153dd183670 .scope module, "dut" "cnn_compare_opt_top" 14 15, 15 1 0, S_00000153dd161880;
 .timescale -9 -12;
    .port_info 0 /INPUT 1 "clk";
    .port_info 1 /INPUT 1 "rst_n";
    .port_info 2 /INPUT 1 "start";
    .port_info 3 /INPUT 2 "mode_sel";
    .port_info 4 /INPUT 200 "img_flat_u8x25";
    .port_info 5 /INPUT 72 "ker_flat_s8x9";
    .port_info 6 /OUTPUT 1 "done";
    .port_info 7 /OUTPUT 32 "out_flat_u8x4";
v00000153dd290be0_0 .net "clk", 0 0, v00000153dd293ac0_0;  1 drivers
v00000153dd290c80_0 .net "done", 0 0, L_00000153dd300ab0;  alias, 1 drivers
v00000153dd292e40_0 .net "img_flat_u8x25", 199 0, v00000153dd2935c0_0;  1 drivers
v00000153dd292da0_0 .net/s "ker_flat_s8x9", 71 0, v00000153dd2937a0_0;  1 drivers
v00000153dd293660_0 .net "mode_sel", 1 0, v00000153dd293020_0;  1 drivers
v00000153dd293340_0 .net "out_flat_u8x4", 31 0, L_00000153dd3003d0;  alias, 1 drivers
v00000153dd293700_0 .net "rst_n", 0 0, v00000153dd293fc0_0;  1 drivers
v00000153dd293a20_0 .net "start", 0 0, v00000153dd293b60_0;  1 drivers
S_00000153dd173f30 .scope module, "u_opt" "cnn_chain_core_opt" 15 11, 16 1 0, S_00000153dd183670;
 .timescale -9 -12;
    .port_info 0 /INPUT 1 "clk";
    .port_info 1 /INPUT 1 "rst_n";
    .port_info 2 /INPUT 1 "start";
    .port_info 3 /INPUT 2 "mode_sel";
    .port_info 4 /INPUT 200 "img_flat_u8x25";
    .port_info 5 /INPUT 72 "ker_flat_s8x9";
    .port_info 6 /OUTPUT 1 "done";
    .port_info 7 /OUTPUT 32 "out_flat_u8x4";
L_00000153dd29c318 .functor BUFT 1, C4<0>, C4<0>, C4<0>, C4<0>;
L_00000153dd203a50 .functor XNOR 1, L_00000153dd302090, L_00000153dd29c318, C4<0>, C4<0>;
L_00000153dd29c360 .functor BUFT 1, C4<0>, C4<0>, C4<0>, C4<0>;
L_00000153dd204fc0 .functor XNOR 1, L_00000153dd302270, L_00000153dd29c360, C4<0>, C4<0>;
L_00000153dd29c2d0 .functor BUFT 1, C4<01>, C4<0>, C4<0>, C4<0>;
v00000153dd291ae0_0 .net/2u *"_ivl_0", 1 0, L_00000153dd29c2d0;  1 drivers
v00000153dd2914a0_0 .net *"_ivl_13", 0 0, L_00000153dd302270;  1 drivers
v00000153dd292580_0 .net/2u *"_ivl_14", 0 0, L_00000153dd29c360;  1 drivers
v00000153dd292440_0 .net *"_ivl_16", 0 0, L_00000153dd204fc0;  1 drivers
v00000153dd292800_0 .net *"_ivl_5", 0 0, L_00000153dd302090;  1 drivers
v00000153dd291ea0_0 .net/2u *"_ivl_6", 0 0, L_00000153dd29c318;  1 drivers
v00000153dd291cc0_0 .net *"_ivl_8", 0 0, L_00000153dd203a50;  1 drivers
v00000153dd291720_0 .var/s "acc", 19 0;
v00000153dd290fa0_0 .net "clk", 0 0, v00000153dd293ac0_0;  alias, 1 drivers
v00000153dd292940_0 .var/i "conv_idx", 31 0;
v00000153dd291fe0 .array/s "conv_map", 8 0, 19 0;
v00000153dd291540_0 .net "done", 0 0, L_00000153dd300ab0;  alias, 1 drivers
v00000153dd292760_0 .var "done_fast", 0 0;
v00000153dd290d20_0 .net "done_serial", 0 0, v00000153dd28f290_0;  1 drivers
v00000153dd2929e0_0 .net "img_flat_u8x25", 199 0, v00000153dd2935c0_0;  alias, 1 drivers
v00000153dd290500_0 .net/s "ker_flat_s8x9", 71 0, v00000153dd2937a0_0;  alias, 1 drivers
v00000153dd290dc0_0 .var/i "kx", 31 0;
v00000153dd292080_0 .var/i "ky", 31 0;
v00000153dd2905a0_0 .net "mode_sel", 1 0, v00000153dd293020_0;  alias, 1 drivers
v00000153dd2928a0_0 .var "out_fast", 31 0;
v00000153dd292a80_0 .net "out_flat_u8x4", 31 0, L_00000153dd3003d0;  alias, 1 drivers
v00000153dd292300_0 .net "out_serial", 31 0, v00000153dd291a40_0;  1 drivers
v00000153dd2924e0_0 .var/i "ox", 31 0;
v00000153dd292620_0 .var/i "oy", 31 0;
v00000153dd290460_0 .var/i "pix_idx", 31 0;
v00000153dd2908c0_0 .var "pool_sum0", 9 0;
v00000153dd290640_0 .var "pool_sum1", 9 0;
v00000153dd2906e0_0 .var "pool_sum2", 9 0;
v00000153dd290820_0 .var "pool_sum3", 9 0;
v00000153dd290960 .array "relu_map", 8 0, 7 0;
v00000153dd290a00_0 .net "rst_n", 0 0, v00000153dd293fc0_0;  alias, 1 drivers
v00000153dd290aa0_0 .net "start", 0 0, v00000153dd293b60_0;  alias, 1 drivers
v00000153dd290b40_0 .var "vld_pipe", 2 0;
E_00000153dd211940/0 .event anyedge, v00000153dd291720_0, v00000153dd290460_0, v00000153dd28f330_0, v00000153dd2917c0_0;
v00000153dd291fe0_0 .array/port v00000153dd291fe0, 0;
v00000153dd291fe0_1 .array/port v00000153dd291fe0, 1;
v00000153dd291fe0_2 .array/port v00000153dd291fe0, 2;
v00000153dd291fe0_3 .array/port v00000153dd291fe0, 3;
E_00000153dd211940/1 .event anyedge, v00000153dd291fe0_0, v00000153dd291fe0_1, v00000153dd291fe0_2, v00000153dd291fe0_3;
v00000153dd291fe0_4 .array/port v00000153dd291fe0, 4;
v00000153dd291fe0_5 .array/port v00000153dd291fe0, 5;
v00000153dd291fe0_6 .array/port v00000153dd291fe0, 6;
v00000153dd291fe0_7 .array/port v00000153dd291fe0, 7;
E_00000153dd211940/2 .event anyedge, v00000153dd291fe0_4, v00000153dd291fe0_5, v00000153dd291fe0_6, v00000153dd291fe0_7;
v00000153dd291fe0_8 .array/port v00000153dd291fe0, 8;
v00000153dd290960_0 .array/port v00000153dd290960, 0;
v00000153dd290960_1 .array/port v00000153dd290960, 1;
v00000153dd290960_2 .array/port v00000153dd290960, 2;
E_00000153dd211940/3 .event anyedge, v00000153dd291fe0_8, v00000153dd290960_0, v00000153dd290960_1, v00000153dd290960_2;
v00000153dd290960_3 .array/port v00000153dd290960, 3;
v00000153dd290960_4 .array/port v00000153dd290960, 4;
v00000153dd290960_5 .array/port v00000153dd290960, 5;
v00000153dd290960_6 .array/port v00000153dd290960, 6;
E_00000153dd211940/4 .event anyedge, v00000153dd290960_3, v00000153dd290960_4, v00000153dd290960_5, v00000153dd290960_6;
v00000153dd290960_7 .array/port v00000153dd290960, 7;
v00000153dd290960_8 .array/port v00000153dd290960, 8;
E_00000153dd211940/5 .event anyedge, v00000153dd290960_7, v00000153dd290960_8, v00000153dd290820_0, v00000153dd2906e0_0;
E_00000153dd211940/6 .event anyedge, v00000153dd290640_0, v00000153dd2908c0_0;
E_00000153dd211940 .event/or E_00000153dd211940/0, E_00000153dd211940/1, E_00000153dd211940/2, E_00000153dd211940/3, E_00000153dd211940/4, E_00000153dd211940/5, E_00000153dd211940/6;
L_00000153dd301190 .cmp/eq 2, v00000153dd293020_0, L_00000153dd29c2d0;
L_00000153dd302090 .part v00000153dd293020_0, 1, 1;
L_00000153dd300ab0 .functor MUXZ 1, v00000153dd292760_0, v00000153dd28f290_0, L_00000153dd203a50, C4<>;
L_00000153dd302270 .part v00000153dd293020_0, 1, 1;
L_00000153dd3003d0 .functor MUXZ 32, v00000153dd2928a0_0, v00000153dd291a40_0, L_00000153dd204fc0, C4<>;
S_00000153dd1740c0 .scope module, "u_serial" "cnn_chain_core_base" 16 32, 5 1 0, S_00000153dd173f30;
 .timescale -9 -12;
    .port_info 0 /INPUT 1 "clk";
    .port_info 1 /INPUT 1 "rst_n";
    .port_info 2 /INPUT 1 "start";
    .port_info 3 /INPUT 1 "use_booth";
    .port_info 4 /INPUT 200 "img_flat_u8x25";
    .port_info 5 /INPUT 72 "ker_flat_s8x9";
    .port_info 6 /OUTPUT 1 "done";
    .port_info 7 /OUTPUT 32 "out_flat_u8x4";
P_00000153dd208f60 .param/l "S_CONV" 1 5 12, C4<001>;
P_00000153dd208f98 .param/l "S_DONE" 1 5 15, C4<100>;
P_00000153dd208fd0 .param/l "S_IDLE" 1 5 11, C4<000>;
P_00000153dd209008 .param/l "S_POOL" 1 5 14, C4<011>;
P_00000153dd209040 .param/l "S_RELU" 1 5 13, C4<010>;
L_00000153dd204700 .functor BUFZ 8, L_00000153dd2f84f0, C4<00000000>, C4<00000000>, C4<00000000>;
L_00000153dd204b60 .functor BUFZ 8, L_00000153dd2f9030, C4<00000000>, C4<00000000>, C4<00000000>;
L_00000153dd204ee0 .functor BUFZ 8, L_00000153dd2f97b0, C4<00000000>, C4<00000000>, C4<00000000>;
L_00000153dd203c80 .functor BUFZ 8, L_00000153dd2f7cd0, C4<00000000>, C4<00000000>, C4<00000000>;
v00000153dd28cb30_0 .net *"_ivl_0", 31 0, L_00000153dd2f7410;  1 drivers
v00000153dd28c3b0_0 .net *"_ivl_10", 31 0, L_00000153dd2f7eb0;  1 drivers
v00000153dd28e250_0 .net *"_ivl_100", 31 0, L_00000153dd2f8810;  1 drivers
L_00000153dd29bb80 .functor BUFT 1, C4<00>, C4<0>, C4<0>, C4<0>;
v00000153dd28eb10_0 .net/2u *"_ivl_104", 1 0, L_00000153dd29bb80;  1 drivers
v00000153dd28d490_0 .net *"_ivl_106", 9 0, L_00000153dd2f9850;  1 drivers
L_00000153dd29bbc8 .functor BUFT 1, C4<00>, C4<0>, C4<0>, C4<0>;
v00000153dd28c4f0_0 .net/2u *"_ivl_108", 1 0, L_00000153dd29bbc8;  1 drivers
v00000153dd28d7b0_0 .net *"_ivl_110", 9 0, L_00000153dd2f98f0;  1 drivers
v00000153dd28e610_0 .net *"_ivl_112", 9 0, L_00000153dd2f7910;  1 drivers
L_00000153dd29bc10 .functor BUFT 1, C4<00>, C4<0>, C4<0>, C4<0>;
v00000153dd28c810_0 .net/2u *"_ivl_114", 1 0, L_00000153dd29bc10;  1 drivers
v00000153dd28df30_0 .net *"_ivl_116", 9 0, L_00000153dd2f8d10;  1 drivers
v00000153dd28d990_0 .net *"_ivl_118", 9 0, L_00000153dd2f7870;  1 drivers
L_00000153dd29bc58 .functor BUFT 1, C4<00>, C4<0>, C4<0>, C4<0>;
v00000153dd28cef0_0 .net/2u *"_ivl_120", 1 0, L_00000153dd29bc58;  1 drivers
v00000153dd28d0d0_0 .net *"_ivl_122", 9 0, L_00000153dd2f74b0;  1 drivers
v00000153dd28dd50_0 .net *"_ivl_126", 31 0, L_00000153dd2f7f50;  1 drivers
L_00000153dd29bca0 .functor BUFT 1, C4<00000000000000000000000000>, C4<0>, C4<0>, C4<0>;
v00000153dd28d2b0_0 .net *"_ivl_129", 25 0, L_00000153dd29bca0;  1 drivers
L_00000153dd29b6b8 .functor BUFT 1, C4<0000000000000000000000000000>, C4<0>, C4<0>, C4<0>;
v00000153dd28e6b0_0 .net *"_ivl_13", 27 0, L_00000153dd29b6b8;  1 drivers
L_00000153dd29bce8 .functor BUFT 1, C4<00000000000000000000000000001000>, C4<0>, C4<0>, C4<0>;
v00000153dd28de90_0 .net/2u *"_ivl_130", 31 0, L_00000153dd29bce8;  1 drivers
v00000153dd28c590_0 .net *"_ivl_133", 31 0, L_00000153dd2f86d0;  1 drivers
v00000153dd28c8b0_0 .net *"_ivl_136", 31 0, L_00000153dd2f7ff0;  1 drivers
L_00000153dd29bd30 .functor BUFT 1, C4<0000000000000000000000000000>, C4<0>, C4<0>, C4<0>;
v00000153dd28d5d0_0 .net *"_ivl_139", 27 0, L_00000153dd29bd30;  1 drivers
L_00000153dd29b700 .functor BUFT 1, C4<00000000000000000000000000000011>, C4<0>, C4<0>, C4<0>;
v00000153dd28cf90_0 .net/2u *"_ivl_14", 31 0, L_00000153dd29b700;  1 drivers
L_00000153dd29bd78 .functor BUFT 1, C4<00000000000000000000000000001000>, C4<0>, C4<0>, C4<0>;
v00000153dd28cc70_0 .net/2u *"_ivl_140", 31 0, L_00000153dd29bd78;  1 drivers
v00000153dd28c950_0 .net *"_ivl_143", 31 0, L_00000153dd2fa070;  1 drivers
v00000153dd28c9f0_0 .net *"_ivl_150", 4 0, L_00000153dd301410;  1 drivers
L_00000153dd29c120 .functor BUFT 1, C4<0>, C4<0>, C4<0>, C4<0>;
v00000153dd28ca90_0 .net *"_ivl_153", 0 0, L_00000153dd29c120;  1 drivers
v00000153dd28e110_0 .net *"_ivl_155", 0 0, L_00000153dd300330;  1 drivers
L_00000153dd29c168 .functor BUFT 1, C4<0>, C4<0>, C4<0>, C4<0>;
v00000153dd28cbd0_0 .net *"_ivl_159", 0 0, L_00000153dd29c168;  1 drivers
v00000153dd28e2f0_0 .net *"_ivl_16", 31 0, L_00000153dd2f8130;  1 drivers
v00000153dd28e7f0_0 .net *"_ivl_161", 0 0, L_00000153dd3021d0;  1 drivers
L_00000153dd29c1b0 .functor BUFT 1, C4<0>, C4<0>, C4<0>, C4<0>;
v00000153dd28cd10_0 .net *"_ivl_165", 0 0, L_00000153dd29c1b0;  1 drivers
v00000153dd28e890_0 .net *"_ivl_166", 3 0, L_00000153dd3005b0;  1 drivers
L_00000153dd29c1f8 .functor BUFT 1, C4<00>, C4<0>, C4<0>, C4<0>;
v00000153dd28e390_0 .net *"_ivl_169", 1 0, L_00000153dd29c1f8;  1 drivers
L_00000153dd29c240 .functor BUFT 1, C4<0011>, C4<0>, C4<0>, C4<0>;
v00000153dd28e930_0 .net/2u *"_ivl_170", 3 0, L_00000153dd29c240;  1 drivers
v00000153dd28d850_0 .net *"_ivl_173", 3 0, L_00000153dd301d70;  1 drivers
v00000153dd28d030_0 .net *"_ivl_174", 3 0, L_00000153dd2fff70;  1 drivers
L_00000153dd29c288 .functor BUFT 1, C4<00>, C4<0>, C4<0>, C4<0>;
v00000153dd28c630_0 .net *"_ivl_177", 1 0, L_00000153dd29c288;  1 drivers
v00000153dd28da30_0 .net *"_ivl_20", 3 0, L_00000153dd2f92b0;  1 drivers
L_00000153dd29b748 .functor BUFT 1, C4<00>, C4<0>, C4<0>, C4<0>;
v00000153dd28cdb0_0 .net *"_ivl_23", 1 0, L_00000153dd29b748;  1 drivers
L_00000153dd29b790 .functor BUFT 1, C4<0011>, C4<0>, C4<0>, C4<0>;
v00000153dd28e430_0 .net/2u *"_ivl_24", 3 0, L_00000153dd29b790;  1 drivers
v00000153dd28e4d0_0 .net *"_ivl_27", 3 0, L_00000153dd2f9490;  1 drivers
v00000153dd28d350_0 .net *"_ivl_28", 3 0, L_00000153dd2f9530;  1 drivers
L_00000153dd29b628 .functor BUFT 1, C4<0000000000000000000000000000>, C4<0>, C4<0>, C4<0>;
v00000153dd28dad0_0 .net *"_ivl_3", 27 0, L_00000153dd29b628;  1 drivers
L_00000153dd29b7d8 .functor BUFT 1, C4<00>, C4<0>, C4<0>, C4<0>;
v00000153dd28d530_0 .net *"_ivl_31", 1 0, L_00000153dd29b7d8;  1 drivers
v00000153dd28db70_0 .net *"_ivl_34", 5 0, L_00000153dd2f8590;  1 drivers
L_00000153dd29b820 .functor BUFT 1, C4<0000>, C4<0>, C4<0>, C4<0>;
v00000153dd28f150_0 .net *"_ivl_37", 3 0, L_00000153dd29b820;  1 drivers
v00000153dd28ebb0_0 .net *"_ivl_38", 5 0, L_00000153dd2f95d0;  1 drivers
L_00000153dd29b670 .functor BUFT 1, C4<00000000000000000000000000000011>, C4<0>, C4<0>, C4<0>;
v00000153dd28f970_0 .net/2u *"_ivl_4", 31 0, L_00000153dd29b670;  1 drivers
L_00000153dd29b868 .functor BUFT 1, C4<0000>, C4<0>, C4<0>, C4<0>;
v00000153dd28fb50_0 .net *"_ivl_41", 3 0, L_00000153dd29b868;  1 drivers
v00000153dd28ee30_0 .net *"_ivl_42", 5 0, L_00000153dd2f9670;  1 drivers
L_00000153dd29b8b0 .functor BUFT 1, C4<000101>, C4<0>, C4<0>, C4<0>;
v00000153dd28f470_0 .net/2u *"_ivl_44", 5 0, L_00000153dd29b8b0;  1 drivers
v00000153dd2900f0_0 .net *"_ivl_47", 5 0, L_00000153dd2f8090;  1 drivers
v00000153dd28fa10_0 .net *"_ivl_48", 5 0, L_00000153dd2f8b30;  1 drivers
L_00000153dd29b8f8 .functor BUFT 1, C4<0000>, C4<0>, C4<0>, C4<0>;
v00000153dd290190_0 .net *"_ivl_51", 3 0, L_00000153dd29b8f8;  1 drivers
v00000153dd28eed0_0 .net *"_ivl_52", 5 0, L_00000153dd2f83b0;  1 drivers
L_00000153dd29b940 .functor BUFT 1, C4<0000>, C4<0>, C4<0>, C4<0>;
v00000153dd28ef70_0 .net *"_ivl_55", 3 0, L_00000153dd29b940;  1 drivers
v00000153dd28f0b0_0 .net *"_ivl_56", 5 0, L_00000153dd2f7af0;  1 drivers
v00000153dd28fab0_0 .net *"_ivl_6", 31 0, L_00000153dd2f9210;  1 drivers
v00000153dd28ffb0_0 .net *"_ivl_60", 7 0, L_00000153dd2f84f0;  1 drivers
v00000153dd28f3d0_0 .net *"_ivl_62", 4 0, L_00000153dd2f8450;  1 drivers
L_00000153dd29b988 .functor BUFT 1, C4<0>, C4<0>, C4<0>, C4<0>;
v00000153dd290230_0 .net *"_ivl_65", 0 0, L_00000153dd29b988;  1 drivers
v00000153dd28ec50_0 .net *"_ivl_68", 7 0, L_00000153dd2f9030;  1 drivers
v00000153dd28fdd0_0 .net *"_ivl_70", 31 0, L_00000153dd2f7b90;  1 drivers
L_00000153dd29b9d0 .functor BUFT 1, C4<0000000000000000000000000000>, C4<0>, C4<0>, C4<0>;
v00000153dd28fbf0_0 .net *"_ivl_73", 27 0, L_00000153dd29b9d0;  1 drivers
L_00000153dd29ba18 .functor BUFT 1, C4<00000000000000000000000000000001>, C4<0>, C4<0>, C4<0>;
v00000153dd28f510_0 .net/2u *"_ivl_74", 31 0, L_00000153dd29ba18;  1 drivers
v00000153dd28f5b0_0 .net *"_ivl_76", 31 0, L_00000153dd2f9710;  1 drivers
v00000153dd28fc90_0 .net *"_ivl_80", 7 0, L_00000153dd2f97b0;  1 drivers
v00000153dd28fd30_0 .net *"_ivl_82", 31 0, L_00000153dd2f90d0;  1 drivers
L_00000153dd29ba60 .functor BUFT 1, C4<0000000000000000000000000000>, C4<0>, C4<0>, C4<0>;
v00000153dd28ecf0_0 .net *"_ivl_85", 27 0, L_00000153dd29ba60;  1 drivers
L_00000153dd29baa8 .functor BUFT 1, C4<00000000000000000000000000000011>, C4<0>, C4<0>, C4<0>;
v00000153dd290050_0 .net/2u *"_ivl_86", 31 0, L_00000153dd29baa8;  1 drivers
v00000153dd28f010_0 .net *"_ivl_88", 31 0, L_00000153dd2f8630;  1 drivers
v00000153dd28ed90_0 .net *"_ivl_92", 7 0, L_00000153dd2f7cd0;  1 drivers
v00000153dd28f790_0 .net *"_ivl_94", 31 0, L_00000153dd2f79b0;  1 drivers
L_00000153dd29baf0 .functor BUFT 1, C4<0000000000000000000000000000>, C4<0>, C4<0>, C4<0>;
v00000153dd28f830_0 .net *"_ivl_97", 27 0, L_00000153dd29baf0;  1 drivers
L_00000153dd29bb38 .functor BUFT 1, C4<00000000000000000000000000000100>, C4<0>, C4<0>, C4<0>;
v00000153dd28fe70_0 .net/2u *"_ivl_98", 31 0, L_00000153dd29bb38;  1 drivers
v00000153dd28f650_0 .net "base_idx", 3 0, L_00000153dd301730;  1 drivers
v00000153dd28f1f0_0 .net "clk", 0 0, v00000153dd293ac0_0;  alias, 1 drivers
v00000153dd28ff10_0 .net "conv_idx", 3 0, L_00000153dd2f8a90;  1 drivers
v00000153dd28f6f0 .array/s "conv_map", 8 0, 19 0;
v00000153dd28f290_0 .var "done", 0 0;
v00000153dd28f330_0 .net "img_flat_u8x25", 199 0, v00000153dd2935c0_0;  alias, 1 drivers
v00000153dd28f8d0_0 .net "ix", 1 0, L_00000153dd2f93f0;  1 drivers
v00000153dd291220_0 .net "iy", 1 0, L_00000153dd2f75f0;  1 drivers
v00000153dd2912c0_0 .var "k", 3 0;
v00000153dd291680_0 .net/s "ker_cur", 7 0, L_00000153dd2fa2f0;  1 drivers
v00000153dd2917c0_0 .net/s "ker_flat_s8x9", 71 0, v00000153dd2937a0_0;  alias, 1 drivers
v00000153dd292120_0 .var/i "loop_i", 31 0;
v00000153dd291a40_0 .var "out_flat_u8x4", 31 0;
v00000153dd2921c0_0 .var "ox", 1 0;
v00000153dd291040_0 .var "oy", 1 0;
v00000153dd291b80_0 .net "p0", 7 0, L_00000153dd204700;  1 drivers
v00000153dd292b20_0 .net "p1", 7 0, L_00000153dd204b60;  1 drivers
v00000153dd2923a0_0 .net "p2", 7 0, L_00000153dd204ee0;  1 drivers
v00000153dd2903c0_0 .net "p3", 7 0, L_00000153dd203c80;  1 drivers
v00000153dd291400_0 .net "pix_cur", 7 0, L_00000153dd2f7730;  1 drivers
v00000153dd2915e0_0 .net "pix_idx", 5 0, L_00000153dd2f8bd0;  1 drivers
v00000153dd291f40_0 .net "pool_avg", 7 0, L_00000153dd3000b0;  1 drivers
v00000153dd291900_0 .net "pool_c", 1 0, L_00000153dd300970;  1 drivers
v00000153dd290e60_0 .var "pool_idx", 1 0;
v00000153dd2910e0_0 .net "pool_r", 1 0, L_00000153dd300470;  1 drivers
v00000153dd291c20_0 .net "pool_sum", 9 0, L_00000153dd2f7690;  1 drivers
v00000153dd291180_0 .net/s "prod_base", 15 0, L_00000153dd2f9cb0;  1 drivers
v00000153dd2926c0_0 .net/s "prod_booth", 15 0, L_00000153dd300bf0;  1 drivers
v00000153dd291d60_0 .net/s "prod_cur", 15 0, L_00000153dd300010;  1 drivers
v00000153dd291860_0 .net "relu_cur", 7 0, L_00000153dd301cd0;  1 drivers
v00000153dd291360_0 .var "relu_idx", 3 0;
v00000153dd290780 .array "relu_map", 8 0, 7 0;
v00000153dd292260_0 .net "rst_n", 0 0, v00000153dd293fc0_0;  alias, 1 drivers
v00000153dd290f00_0 .net "start", 0 0, v00000153dd293b60_0;  alias, 1 drivers
v00000153dd291e00_0 .var "state", 2 0;
v00000153dd2919a0_0 .net "use_booth", 0 0, L_00000153dd301190;  1 drivers
E_00000153dd214880/0 .event negedge, v00000153dd292260_0;
E_00000153dd214880/1 .event posedge, v00000153dd28f1f0_0;
E_00000153dd214880 .event/or E_00000153dd214880/0, E_00000153dd214880/1;
L_00000153dd2f7410 .concat [ 4 28 0 0], v00000153dd2912c0_0, L_00000153dd29b628;
L_00000153dd2f9210 .arith/mod 32, L_00000153dd2f7410, L_00000153dd29b670;
L_00000153dd2f93f0 .part L_00000153dd2f9210, 0, 2;
L_00000153dd2f7eb0 .concat [ 4 28 0 0], v00000153dd2912c0_0, L_00000153dd29b6b8;
L_00000153dd2f8130 .arith/div 32, L_00000153dd2f7eb0, L_00000153dd29b700;
L_00000153dd2f75f0 .part L_00000153dd2f8130, 0, 2;
L_00000153dd2f92b0 .concat [ 2 2 0 0], v00000153dd291040_0, L_00000153dd29b748;
L_00000153dd2f9490 .arith/mult 4, L_00000153dd2f92b0, L_00000153dd29b790;
L_00000153dd2f9530 .concat [ 2 2 0 0], v00000153dd2921c0_0, L_00000153dd29b7d8;
L_00000153dd2f8a90 .arith/sum 4, L_00000153dd2f9490, L_00000153dd2f9530;
L_00000153dd2f8590 .concat [ 2 4 0 0], v00000153dd291040_0, L_00000153dd29b820;
L_00000153dd2f95d0 .concat [ 2 4 0 0], L_00000153dd2f75f0, L_00000153dd29b868;
L_00000153dd2f9670 .arith/sum 6, L_00000153dd2f8590, L_00000153dd2f95d0;
L_00000153dd2f8090 .arith/mult 6, L_00000153dd2f9670, L_00000153dd29b8b0;
L_00000153dd2f8b30 .concat [ 2 4 0 0], v00000153dd2921c0_0, L_00000153dd29b8f8;
L_00000153dd2f83b0 .concat [ 2 4 0 0], L_00000153dd2f93f0, L_00000153dd29b940;
L_00000153dd2f7af0 .arith/sum 6, L_00000153dd2f8b30, L_00000153dd2f83b0;
L_00000153dd2f8bd0 .arith/sum 6, L_00000153dd2f8090, L_00000153dd2f7af0;
L_00000153dd2f84f0 .array/port v00000153dd290780, L_00000153dd2f8450;
L_00000153dd2f8450 .concat [ 4 1 0 0], L_00000153dd301730, L_00000153dd29b988;
L_00000153dd2f9030 .array/port v00000153dd290780, L_00000153dd2f9710;
L_00000153dd2f7b90 .concat [ 4 28 0 0], L_00000153dd301730, L_00000153dd29b9d0;
L_00000153dd2f9710 .arith/sum 32, L_00000153dd2f7b90, L_00000153dd29ba18;
L_00000153dd2f97b0 .array/port v00000153dd290780, L_00000153dd2f8630;
L_00000153dd2f90d0 .concat [ 4 28 0 0], L_00000153dd301730, L_00000153dd29ba60;
L_00000153dd2f8630 .arith/sum 32, L_00000153dd2f90d0, L_00000153dd29baa8;
L_00000153dd2f7cd0 .array/port v00000153dd290780, L_00000153dd2f8810;
L_00000153dd2f79b0 .concat [ 4 28 0 0], L_00000153dd301730, L_00000153dd29baf0;
L_00000153dd2f8810 .arith/sum 32, L_00000153dd2f79b0, L_00000153dd29bb38;
L_00000153dd2f9850 .concat [ 8 2 0 0], L_00000153dd204700, L_00000153dd29bb80;
L_00000153dd2f98f0 .concat [ 8 2 0 0], L_00000153dd204b60, L_00000153dd29bbc8;
L_00000153dd2f7910 .arith/sum 10, L_00000153dd2f9850, L_00000153dd2f98f0;
L_00000153dd2f8d10 .concat [ 8 2 0 0], L_00000153dd204ee0, L_00000153dd29bc10;
L_00000153dd2f7870 .arith/sum 10, L_00000153dd2f7910, L_00000153dd2f8d10;
L_00000153dd2f74b0 .concat [ 8 2 0 0], L_00000153dd203c80, L_00000153dd29bc58;
L_00000153dd2f7690 .arith/sum 10, L_00000153dd2f7870, L_00000153dd2f74b0;
L_00000153dd2f7f50 .concat [ 6 26 0 0], L_00000153dd2f8bd0, L_00000153dd29bca0;
L_00000153dd2f86d0 .arith/mult 32, L_00000153dd2f7f50, L_00000153dd29bce8;
L_00000153dd2f7730 .part/v v00000153dd2935c0_0, L_00000153dd2f86d0, 8;
L_00000153dd2f7ff0 .concat [ 4 28 0 0], v00000153dd2912c0_0, L_00000153dd29bd30;
L_00000153dd2fa070 .arith/mult 32, L_00000153dd2f7ff0, L_00000153dd29bd78;
L_00000153dd2fa2f0 .part/v v00000153dd2937a0_0, L_00000153dd2fa070, 8;
L_00000153dd300010 .functor MUXZ 16, L_00000153dd2f9cb0, L_00000153dd300bf0, L_00000153dd301190, C4<>;
L_00000153dd300290 .array/port v00000153dd28f6f0, L_00000153dd301410;
L_00000153dd301410 .concat [ 4 1 0 0], v00000153dd291360_0, L_00000153dd29c120;
L_00000153dd300330 .part v00000153dd290e60_0, 1, 1;
L_00000153dd300470 .concat [ 1 1 0 0], L_00000153dd300330, L_00000153dd29c168;
L_00000153dd3021d0 .part v00000153dd290e60_0, 0, 1;
L_00000153dd300970 .concat [ 1 1 0 0], L_00000153dd3021d0, L_00000153dd29c1b0;
L_00000153dd3005b0 .concat [ 2 2 0 0], L_00000153dd300470, L_00000153dd29c1f8;
L_00000153dd301d70 .arith/mult 4, L_00000153dd3005b0, L_00000153dd29c240;
L_00000153dd2fff70 .concat [ 2 2 0 0], L_00000153dd300970, L_00000153dd29c288;
L_00000153dd301730 .arith/sum 4, L_00000153dd301d70, L_00000153dd2fff70;
S_00000153dd28b840 .scope module, "u_div4" "div4" 5 82, 6 1 0, S_00000153dd1740c0;
 .timescale -9 -12;
    .port_info 0 /INPUT 10 "x_u10";
    .port_info 1 /OUTPUT 8 "y_u8";
v00000153dd287a70_0 .net "x_u10", 9 0, L_00000153dd2f7690;  alias, 1 drivers
v00000153dd288790_0 .net "y_u8", 7 0, L_00000153dd3000b0;  alias, 1 drivers
L_00000153dd3000b0 .part L_00000153dd2f7690, 2, 8;
S_00000153dd28b9d0 .scope module, "u_mul8" "mul8" 5 63, 7 1 0, S_00000153dd1740c0;
 .timescale -9 -12;
    .port_info 0 /INPUT 8 "a_u8";
    .port_info 1 /INPUT 8 "b_s8";
    .port_info 2 /OUTPUT 16 "p_s16";
L_00000153dd29bdc0 .functor BUFT 1, C4<0>, C4<0>, C4<0>, C4<0>;
v00000153dd288d30_0 .net/2u *"_ivl_0", 0 0, L_00000153dd29bdc0;  1 drivers
v00000153dd287b10_0 .net *"_ivl_2", 8 0, L_00000153dd2fa110;  1 drivers
v00000153dd2895f0_0 .net/s *"_ivl_4", 15 0, L_00000153dd2f9c10;  1 drivers
v00000153dd2881f0_0 .net/s *"_ivl_6", 15 0, L_00000153dd2fa250;  1 drivers
v00000153dd287390_0 .net "a_u8", 7 0, L_00000153dd2f7730;  alias, 1 drivers
v00000153dd288dd0_0 .net/s "b_s8", 7 0, L_00000153dd2fa2f0;  alias, 1 drivers
v00000153dd289690_0 .net/s "p_s16", 15 0, L_00000153dd2f9cb0;  alias, 1 drivers
L_00000153dd2fa110 .concat [ 8 1 0 0], L_00000153dd2f7730, L_00000153dd29bdc0;
L_00000153dd2f9c10 .extend/s 16, L_00000153dd2fa110;
L_00000153dd2fa250 .extend/s 16, L_00000153dd2fa2f0;
L_00000153dd2f9cb0 .arith/mult 16, L_00000153dd2f9c10, L_00000153dd2fa250;
S_00000153dd28bb60 .scope module, "u_mul8_booth" "mul8_booth_wallace" 5 69, 8 1 0, S_00000153dd1740c0;
 .timescale -9 -12;
    .port_info 0 /INPUT 8 "a_u8";
    .port_info 1 /INPUT 8 "b_s8";
    .port_info 2 /OUTPUT 16 "p_s16";
L_00000153dd203ba0 .functor XOR 17, L_00000153dd300dd0, L_00000153dd2ffd90, C4<00000000000000000>, C4<00000000000000000>;
L_00000153dd204f50 .functor XOR 17, L_00000153dd203ba0, L_00000153dd3006f0, C4<00000000000000000>, C4<00000000000000000>;
L_00000153dd2040e0 .functor AND 17, L_00000153dd300dd0, L_00000153dd2ffd90, C4<11111111111111111>, C4<11111111111111111>;
L_00000153dd203c10 .functor AND 17, L_00000153dd300dd0, L_00000153dd3006f0, C4<11111111111111111>, C4<11111111111111111>;
L_00000153dd203890 .functor OR 17, L_00000153dd2040e0, L_00000153dd203c10, C4<00000000000000000>, C4<00000000000000000>;
L_00000153dd203b30 .functor AND 17, L_00000153dd2ffd90, L_00000153dd3006f0, C4<11111111111111111>, C4<11111111111111111>;
L_00000153dd203900 .functor OR 17, L_00000153dd203890, L_00000153dd203b30, C4<00000000000000000>, C4<00000000000000000>;
L_00000153dd204770 .functor XOR 17, L_00000153dd204f50, L_00000153dd301ff0, C4<00000000000000000>, C4<00000000000000000>;
L_00000153dd203e40 .functor XOR 17, L_00000153dd204770, L_00000153dd3019b0, C4<00000000000000000>, C4<00000000000000000>;
L_00000153dd2039e0 .functor AND 17, L_00000153dd204f50, L_00000153dd301ff0, C4<11111111111111111>, C4<11111111111111111>;
L_00000153dd2047e0 .functor AND 17, L_00000153dd204f50, L_00000153dd3019b0, C4<11111111111111111>, C4<11111111111111111>;
L_00000153dd2049a0 .functor OR 17, L_00000153dd2039e0, L_00000153dd2047e0, C4<00000000000000000>, C4<00000000000000000>;
L_00000153dd204150 .functor AND 17, L_00000153dd301ff0, L_00000153dd3019b0, C4<11111111111111111>, C4<11111111111111111>;
L_00000153dd2042a0 .functor OR 17, L_00000153dd2049a0, L_00000153dd204150, C4<00000000000000000>, C4<00000000000000000>;
L_00000153dd29be08 .functor BUFT 1, C4<000000000>, C4<0>, C4<0>, C4<0>;
v00000153dd289730_0 .net/2u *"_ivl_0", 8 0, L_00000153dd29be08;  1 drivers
L_00000153dd29bfb8 .functor BUFT 1, C4<0>, C4<0>, C4<0>, C4<0>;
v00000153dd289870_0 .net *"_ivl_100", 0 0, L_00000153dd29bfb8;  1 drivers
v00000153dd288c90_0 .net *"_ivl_13", 0 0, L_00000153dd2fa1b0;  1 drivers
v00000153dd288fb0_0 .net *"_ivl_15", 0 0, L_00000153dd2f9fd0;  1 drivers
v00000153dd287570_0 .net *"_ivl_17", 0 0, L_00000153dd2932a0;  1 drivers
v00000153dd288290_0 .net *"_ivl_21", 0 0, L_00000153dd3012d0;  1 drivers
v00000153dd287c50_0 .net *"_ivl_23", 0 0, L_00000153dd2ffc50;  1 drivers
v00000153dd2894b0_0 .net *"_ivl_25", 0 0, L_00000153dd300830;  1 drivers
v00000153dd288330_0 .net *"_ivl_29", 0 0, L_00000153dd3023b0;  1 drivers
v00000153dd28a590_0 .net *"_ivl_31", 0 0, L_00000153dd301c30;  1 drivers
v00000153dd28a810_0 .net *"_ivl_33", 0 0, L_00000153dd2ffcf0;  1 drivers
v00000153dd289b90_0 .net *"_ivl_39", 16 0, L_00000153dd301e10;  1 drivers
v00000153dd28a630_0 .net *"_ivl_42", 14 0, L_00000153dd3014b0;  1 drivers
L_00000153dd29be98 .functor BUFT 1, C4<00>, C4<0>, C4<0>, C4<0>;
v00000153dd28b210_0 .net *"_ivl_44", 1 0, L_00000153dd29be98;  1 drivers
v00000153dd289c30_0 .net *"_ivl_47", 16 0, L_00000153dd300650;  1 drivers
v00000153dd28b0d0_0 .net *"_ivl_5", 0 0, L_00000153dd2f9d50;  1 drivers
v00000153dd28a8b0_0 .net *"_ivl_50", 12 0, L_00000153dd2ffe30;  1 drivers
L_00000153dd29bee0 .functor BUFT 1, C4<0000>, C4<0>, C4<0>, C4<0>;
v00000153dd28ab30_0 .net *"_ivl_52", 3 0, L_00000153dd29bee0;  1 drivers
v00000153dd28b030_0 .net *"_ivl_55", 16 0, L_00000153dd3001f0;  1 drivers
v00000153dd28a450_0 .net *"_ivl_58", 10 0, L_00000153dd301f50;  1 drivers
L_00000153dd29bf28 .functor BUFT 1, C4<000000>, C4<0>, C4<0>, C4<0>;
v00000153dd289cd0_0 .net *"_ivl_60", 5 0, L_00000153dd29bf28;  1 drivers
v00000153dd289d70_0 .net *"_ivl_62", 16 0, L_00000153dd203ba0;  1 drivers
v00000153dd28aef0_0 .net *"_ivl_66", 16 0, L_00000153dd2040e0;  1 drivers
v00000153dd28ac70_0 .net *"_ivl_68", 16 0, L_00000153dd203c10;  1 drivers
v00000153dd28a4f0_0 .net *"_ivl_7", 0 0, L_00000153dd2f9e90;  1 drivers
v00000153dd28a6d0_0 .net *"_ivl_70", 16 0, L_00000153dd203890;  1 drivers
v00000153dd28ad10_0 .net *"_ivl_72", 16 0, L_00000153dd203b30;  1 drivers
v00000153dd28abd0_0 .net *"_ivl_74", 16 0, L_00000153dd203900;  1 drivers
v00000153dd289e10_0 .net *"_ivl_78", 15 0, L_00000153dd3008d0;  1 drivers
L_00000153dd29be50 .functor BUFT 1, C4<0>, C4<0>, C4<0>, C4<0>;
v00000153dd28b170_0 .net/2u *"_ivl_8", 0 0, L_00000153dd29be50;  1 drivers
L_00000153dd29bf70 .functor BUFT 1, C4<0>, C4<0>, C4<0>, C4<0>;
v00000153dd289ff0_0 .net *"_ivl_80", 0 0, L_00000153dd29bf70;  1 drivers
v00000153dd289eb0_0 .net *"_ivl_82", 16 0, L_00000153dd204770;  1 drivers
v00000153dd28a770_0 .net *"_ivl_86", 16 0, L_00000153dd2039e0;  1 drivers
v00000153dd289f50_0 .net *"_ivl_88", 16 0, L_00000153dd2047e0;  1 drivers
v00000153dd28a090_0 .net *"_ivl_90", 16 0, L_00000153dd2049a0;  1 drivers
v00000153dd28a310_0 .net *"_ivl_92", 16 0, L_00000153dd204150;  1 drivers
v00000153dd28adb0_0 .net *"_ivl_94", 16 0, L_00000153dd2042a0;  1 drivers
v00000153dd28a950_0 .net *"_ivl_98", 15 0, L_00000153dd3017d0;  1 drivers
v00000153dd28af90_0 .net/s "a_ext", 16 0, L_00000153dd2f9f30;  1 drivers
v00000153dd28a130_0 .net "a_u8", 7 0, L_00000153dd2f7730;  alias, 1 drivers
v00000153dd28a1d0_0 .net/s "b_s8", 7 0, L_00000153dd2fa2f0;  alias, 1 drivers
v00000153dd28a9f0_0 .net "booth0", 2 0, L_00000153dd2f9df0;  1 drivers
v00000153dd28a3b0_0 .net "booth1", 2 0, L_00000153dd302310;  1 drivers
v00000153dd28aa90_0 .net "booth2", 2 0, L_00000153dd300c90;  1 drivers
v00000153dd28a270_0 .net "booth3", 2 0, L_00000153dd300d30;  1 drivers
v00000153dd28ae50_0 .net "csa1_carry", 16 0, L_00000153dd301ff0;  1 drivers
v00000153dd28d210_0 .net "csa1_sum", 16 0, L_00000153dd204f50;  1 drivers
v00000153dd28c6d0_0 .net "csa2_carry", 16 0, L_00000153dd2ffed0;  1 drivers
v00000153dd28e9d0_0 .net "csa2_sum", 16 0, L_00000153dd203e40;  1 drivers
v00000153dd28d3f0_0 .net/s "p_s16", 15 0, L_00000153dd300bf0;  alias, 1 drivers
v00000153dd28e750_0 .net/s "pp0", 16 0, L_00000153dd300dd0;  1 drivers
v00000153dd28dc10_0 .net/s "pp1", 16 0, L_00000153dd2ffd90;  1 drivers
v00000153dd28e070_0 .net/s "pp2", 16 0, L_00000153dd3006f0;  1 drivers
v00000153dd28dfd0_0 .net/s "pp3", 16 0, L_00000153dd3019b0;  1 drivers
v00000153dd28d8f0_0 .net/s "prod_ext", 16 0, L_00000153dd301050;  1 drivers
L_00000153dd2f9f30 .concat [ 8 9 0 0], L_00000153dd2f7730, L_00000153dd29be08;
L_00000153dd2f9d50 .part L_00000153dd2fa2f0, 1, 1;
L_00000153dd2f9e90 .part L_00000153dd2fa2f0, 0, 1;
L_00000153dd2f9df0 .concat [ 1 1 1 0], L_00000153dd29be50, L_00000153dd2f9e90, L_00000153dd2f9d50;
L_00000153dd2fa1b0 .part L_00000153dd2fa2f0, 3, 1;
L_00000153dd2f9fd0 .part L_00000153dd2fa2f0, 2, 1;
L_00000153dd2932a0 .part L_00000153dd2fa2f0, 1, 1;
L_00000153dd302310 .concat [ 1 1 1 0], L_00000153dd2932a0, L_00000153dd2f9fd0, L_00000153dd2fa1b0;
L_00000153dd3012d0 .part L_00000153dd2fa2f0, 5, 1;
L_00000153dd2ffc50 .part L_00000153dd2fa2f0, 4, 1;
L_00000153dd300830 .part L_00000153dd2fa2f0, 3, 1;
L_00000153dd300c90 .concat [ 1 1 1 0], L_00000153dd300830, L_00000153dd2ffc50, L_00000153dd3012d0;
L_00000153dd3023b0 .part L_00000153dd2fa2f0, 7, 1;
L_00000153dd301c30 .part L_00000153dd2fa2f0, 6, 1;
L_00000153dd2ffcf0 .part L_00000153dd2fa2f0, 5, 1;
L_00000153dd300d30 .concat [ 1 1 1 0], L_00000153dd2ffcf0, L_00000153dd301c30, L_00000153dd3023b0;
L_00000153dd300dd0 .ufunc/vec4 TD_tb_cnn_core.dut.u_opt.u_serial.u_mul8_booth.booth_select, 17, L_00000153dd2f9df0, L_00000153dd2f9f30 (v00000153dd288970_0, v00000153dd288a10_0) S_00000153dd28c010;
L_00000153dd301e10 .ufunc/vec4 TD_tb_cnn_core.dut.u_opt.u_serial.u_mul8_booth.booth_select, 17, L_00000153dd302310, L_00000153dd2f9f30 (v00000153dd288970_0, v00000153dd288a10_0) S_00000153dd28c010;
L_00000153dd3014b0 .part L_00000153dd301e10, 0, 15;
L_00000153dd2ffd90 .concat [ 2 15 0 0], L_00000153dd29be98, L_00000153dd3014b0;
L_00000153dd300650 .ufunc/vec4 TD_tb_cnn_core.dut.u_opt.u_serial.u_mul8_booth.booth_select, 17, L_00000153dd300c90, L_00000153dd2f9f30 (v00000153dd288970_0, v00000153dd288a10_0) S_00000153dd28c010;
L_00000153dd2ffe30 .part L_00000153dd300650, 0, 13;
L_00000153dd3006f0 .concat [ 4 13 0 0], L_00000153dd29bee0, L_00000153dd2ffe30;
L_00000153dd3001f0 .ufunc/vec4 TD_tb_cnn_core.dut.u_opt.u_serial.u_mul8_booth.booth_select, 17, L_00000153dd300d30, L_00000153dd2f9f30 (v00000153dd288970_0, v00000153dd288a10_0) S_00000153dd28c010;
L_00000153dd301f50 .part L_00000153dd3001f0, 0, 11;
L_00000153dd3019b0 .concat [ 6 11 0 0], L_00000153dd29bf28, L_00000153dd301f50;
L_00000153dd3008d0 .part L_00000153dd203900, 0, 16;
L_00000153dd301ff0 .concat [ 1 16 0 0], L_00000153dd29bf70, L_00000153dd3008d0;
L_00000153dd3017d0 .part L_00000153dd2042a0, 0, 16;
L_00000153dd2ffed0 .concat [ 1 16 0 0], L_00000153dd29bfb8, L_00000153dd3017d0;
L_00000153dd301050 .arith/sum 17, L_00000153dd203e40, L_00000153dd2ffed0;
L_00000153dd300bf0 .part L_00000153dd301050, 0, 16;
S_00000153dd28c010 .scope autofunction.vec4.u17, "booth_select" "booth_select" 8 6, 8 6 0, S_00000153dd28bb60;
 .timescale -9 -12;
v00000153dd288970_0 .var "booth_bits", 2 0;
; Variable booth_select is vec4 return value of scope S_00000153dd28c010
v00000153dd288a10_0 .var/s "multiplicand", 16 0;
TD_tb_cnn_core.dut.u_opt.u_serial.u_mul8_booth.booth_select ;
    %load/vec4 v00000153dd288970_0;
    %dup/vec4;
    %pushi/vec4 0, 0, 3;
    %cmp/u;
    %jmp/1 T_1.10, 6;
    %dup/vec4;
    %pushi/vec4 7, 0, 3;
    %cmp/u;
    %jmp/1 T_1.11, 6;
    %dup/vec4;
    %pushi/vec4 1, 0, 3;
    %cmp/u;
    %jmp/1 T_1.12, 6;
    %dup/vec4;
    %pushi/vec4 2, 0, 3;
    %cmp/u;
    %jmp/1 T_1.13, 6;
    %dup/vec4;
    %pushi/vec4 3, 0, 3;
    %cmp/u;
    %jmp/1 T_1.14, 6;
    %dup/vec4;
    %pushi/vec4 4, 0, 3;
    %cmp/u;
    %jmp/1 T_1.15, 6;
    %dup/vec4;
    %pushi/vec4 5, 0, 3;
    %cmp/u;
    %jmp/1 T_1.16, 6;
    %dup/vec4;
    %pushi/vec4 6, 0, 3;
    %cmp/u;
    %jmp/1 T_1.17, 6;
    %pushi/vec4 0, 0, 17;
    %ret/vec4 0, 0, 17;  Assign to booth_select (store_vec4_to_lval)
    %jmp T_1.19;
T_1.10 ;
    %pushi/vec4 0, 0, 17;
    %ret/vec4 0, 0, 17;  Assign to booth_select (store_vec4_to_lval)
    %jmp T_1.19;
T_1.11 ;
    %pushi/vec4 0, 0, 17;
    %ret/vec4 0, 0, 17;  Assign to booth_select (store_vec4_to_lval)
    %jmp T_1.19;
T_1.12 ;
    %load/vec4 v00000153dd288a10_0;
    %ret/vec4 0, 0, 17;  Assign to booth_select (store_vec4_to_lval)
    %jmp T_1.19;
T_1.13 ;
    %load/vec4 v00000153dd288a10_0;
    %ret/vec4 0, 0, 17;  Assign to booth_select (store_vec4_to_lval)
    %jmp T_1.19;
T_1.14 ;
    %load/vec4 v00000153dd288a10_0;
    %ix/load 4, 1, 0;
    %flag_set/imm 4, 0;
    %shiftl 4;
    %ret/vec4 0, 0, 17;  Assign to booth_select (store_vec4_to_lval)
    %jmp T_1.19;
T_1.15 ;
    %load/vec4 v00000153dd288a10_0;
    %ix/load 4, 1, 0;
    %flag_set/imm 4, 0;
    %shiftl 4;
    %inv;
    %pushi/vec4 1, 0, 17;
    %add;
    %ret/vec4 0, 0, 17;  Assign to booth_select (store_vec4_to_lval)
    %jmp T_1.19;
T_1.16 ;
    %load/vec4 v00000153dd288a10_0;
    %inv;
    %pushi/vec4 1, 0, 17;
    %add;
    %ret/vec4 0, 0, 17;  Assign to booth_select (store_vec4_to_lval)
    %jmp T_1.19;
T_1.17 ;
    %load/vec4 v00000153dd288a10_0;
    %inv;
    %pushi/vec4 1, 0, 17;
    %add;
    %ret/vec4 0, 0, 17;  Assign to booth_select (store_vec4_to_lval)
    %jmp T_1.19;
T_1.19 ;
    %pop/vec4 1;
    %end;
S_00000153dd28b6b0 .scope module, "u_relu" "relu_s20" 5 77, 9 1 0, S_00000153dd1740c0;
 .timescale -9 -12;
    .port_info 0 /INPUT 20 "x_s20";
    .port_info 1 /OUTPUT 8 "y_u8";
v00000153dd28ce50_0 .net/s *"_ivl_0", 31 0, L_00000153dd300790;  1 drivers
L_00000153dd29c090 .functor BUFT 1, C4<00000000000011111111>, C4<0>, C4<0>, C4<0>;
v00000153dd28ddf0_0 .net/2s *"_ivl_10", 19 0, L_00000153dd29c090;  1 drivers
v00000153dd28ea70_0 .net *"_ivl_12", 0 0, L_00000153dd300150;  1 drivers
L_00000153dd29c0d8 .functor BUFT 1, C4<11111111>, C4<0>, C4<0>, C4<0>;
v00000153dd28c770_0 .net/2u *"_ivl_14", 7 0, L_00000153dd29c0d8;  1 drivers
v00000153dd28d670_0 .net *"_ivl_17", 7 0, L_00000153dd301af0;  1 drivers
L_00000153dd29c000 .functor BUFT 1, C4<00000000000000000000000000000000>, C4<0>, C4<0>, C4<0>;
v00000153dd28d170_0 .net/2s *"_ivl_2", 31 0, L_00000153dd29c000;  1 drivers
v00000153dd28d710_0 .net *"_ivl_4", 0 0, L_00000153dd3010f0;  1 drivers
L_00000153dd29c048 .functor BUFT 1, C4<00000000000000000000>, C4<0>, C4<0>, C4<0>;
v00000153dd28dcb0_0 .net/2s *"_ivl_6", 19 0, L_00000153dd29c048;  1 drivers
v00000153dd28c450_0 .net/s "x_clip_low", 19 0, L_00000153dd302130;  1 drivers
v00000153dd28e570_0 .net/s "x_s20", 19 0, L_00000153dd300290;  1 drivers
v00000153dd28e1b0_0 .net "y_u8", 7 0, L_00000153dd301cd0;  alias, 1 drivers
L_00000153dd300790 .extend/s 32, L_00000153dd300290;
L_00000153dd3010f0 .cmp/gt.s 32, L_00000153dd29c000, L_00000153dd300790;
L_00000153dd302130 .functor MUXZ 20, L_00000153dd300290, L_00000153dd29c048, L_00000153dd3010f0, C4<>;
L_00000153dd300150 .cmp/gt.s 20, L_00000153dd302130, L_00000153dd29c090;
L_00000153dd301af0 .part L_00000153dd302130, 0, 8;
L_00000153dd301cd0 .functor MUXZ 8, L_00000153dd301af0, L_00000153dd29c0d8, L_00000153dd300150, C4<>;
S_00000153dd28bcf0 .scope task, "load_img_1_to_25" "load_img_1_to_25" 14 28, 14 28 0, S_00000153dd161880;
 .timescale -9 -12;
v00000153dd293980_0 .var/i "i", 31 0;
TD_tb_cnn_core.load_img_1_to_25 ;
    %pushi/vec4 0, 0, 200;
    %store/vec4 v00000153dd2935c0_0, 0, 200;
    %pushi/vec4 0, 0, 32;
    %store/vec4 v00000153dd293980_0, 0, 32;
T_2.20 ;
    %load/vec4 v00000153dd293980_0;
    %cmpi/s 25, 0, 32;
    %jmp/0xz T_2.21, 5;
    %load/vec4 v00000153dd293980_0;
    %addi 1, 0, 32;
    %pad/s 8;
    %load/vec4 v00000153dd293980_0;
    %muli 8, 0, 32;
    %ix/vec4/s 4;
    %store/vec4 v00000153dd2935c0_0, 4, 8;
    %load/vec4 v00000153dd293980_0;
    %addi 1, 0, 32;
    %store/vec4 v00000153dd293980_0, 0, 32;
    %jmp T_2.20;
T_2.21 ;
    %end;
S_00000153dd28be80 .scope task, "load_kernel_all_ones" "load_kernel_all_ones" 14 38, 14 38 0, S_00000153dd161880;
 .timescale -9 -12;
v00000153dd293840_0 .var/i "i", 31 0;
TD_tb_cnn_core.load_kernel_all_ones ;
    %pushi/vec4 0, 0, 72;
    %store/vec4 v00000153dd2937a0_0, 0, 72;
    %pushi/vec4 0, 0, 32;
    %store/vec4 v00000153dd293840_0, 0, 32;
T_3.22 ;
    %load/vec4 v00000153dd293840_0;
    %cmpi/s 9, 0, 32;
    %jmp/0xz T_3.23, 5;
    %pushi/vec4 1, 0, 8;
    %load/vec4 v00000153dd293840_0;
    %muli 8, 0, 32;
    %ix/vec4/s 4;
    %store/vec4 v00000153dd2937a0_0, 4, 8;
    %load/vec4 v00000153dd293840_0;
    %addi 1, 0, 32;
    %store/vec4 v00000153dd293840_0, 0, 32;
    %jmp T_3.22;
T_3.23 ;
    %end;
S_00000153dd28b390 .scope task, "run_mode_check" "run_mode_check" 14 48, 14 48 0, S_00000153dd161880;
 .timescale -9 -12;
v00000153dd294240_0 .var "m", 1 0;
E_00000153dd214d80 .event posedge, v00000153dd28f1f0_0;
E_00000153dd215240 .event anyedge, v00000153dd291540_0;
TD_tb_cnn_core.run_mode_check ;
    %load/vec4 v00000153dd294240_0;
    %store/vec4 v00000153dd293020_0, 0, 2;
    %pushi/vec4 1, 0, 1;
    %store/vec4 v00000153dd293b60_0, 0, 1;
    %wait E_00000153dd214d80;
    %pushi/vec4 0, 0, 1;
    %store/vec4 v00000153dd293b60_0, 0, 1;
T_4.24 ;
    %load/vec4 v00000153dd292bc0_0;
    %pushi/vec4 1, 0, 1;
    %cmp/e;
    %flag_get/vec4 4;
    %cmpi/ne 1, 0, 1;
    %jmp/0xz T_4.25, 6;
    %wait E_00000153dd215240;
    %jmp T_4.24;
T_4.25 ;
    %wait E_00000153dd214d80;
    %load/vec4 v00000153dd2938e0_0;
    %cmpi/ne 2424791898, 0, 32;
    %jmp/0xz  T_4.26, 6;
    %vpi_call/w 14 57 "$display", "MODE=%0d FAIL out=%h exp=%h", v00000153dd294240_0, v00000153dd2938e0_0, P_00000153dd215000 {0 0 0};
    %vpi_call/w 14 58 "$fatal", 32'sb00000000000000000000000000000001 {0 0 0};
T_4.26 ;
    %vpi_call/w 14 60 "$display", "MODE=%0d PASS out=%h", v00000153dd294240_0, v00000153dd2938e0_0 {0 0 0};
    %end;
    .scope S_00000153dd161a10;
T_5 ;
    %wait E_00000153dd215340;
    %load/vec4 v00000153dd284500_0;
    %nor/r;
    %flag_set/vec4 8;
    %jmp/0xz  T_5.0, 8;
    %pushi/vec4 0, 0, 3;
    %assign/vec4 v00000153dd284a00_0, 0;
    %pushi/vec4 0, 0, 2;
    %assign/vec4 v00000153dd284b40_0, 0;
    %pushi/vec4 0, 0, 2;
    %assign/vec4 v00000153dd285ae0_0, 0;
    %pushi/vec4 0, 0, 4;
    %assign/vec4 v00000153dd285180_0, 0;
    %pushi/vec4 0, 0, 4;
    %assign/vec4 v00000153dd284820_0, 0;
    %pushi/vec4 0, 0, 2;
    %assign/vec4 v00000153dd284960_0, 0;
    %pushi/vec4 0, 0, 1;
    %assign/vec4 v00000153dd2843c0_0, 0;
    %pushi/vec4 0, 0, 32;
    %assign/vec4 v00000153dd284000_0, 0;
    %pushi/vec4 0, 0, 32;
    %store/vec4 v00000153dd285a40_0, 0, 32;
T_5.2 ;
    %load/vec4 v00000153dd285a40_0;
    %cmpi/s 9, 0, 32;
    %jmp/0xz T_5.3, 5;
    %pushi/vec4 0, 0, 20;
    %ix/getv/s 3, v00000153dd285a40_0;
    %ix/load 4, 0, 0; Constant delay
    %assign/vec4/a/d v00000153dd285040, 0, 4;
    %pushi/vec4 0, 0, 8;
    %ix/getv/s 3, v00000153dd285a40_0;
    %ix/load 4, 0, 0; Constant delay
    %assign/vec4/a/d v00000153dd284dc0, 0, 4;
    %load/vec4 v00000153dd285a40_0;
    %addi 1, 0, 32;
    %store/vec4 v00000153dd285a40_0, 0, 32;
    %jmp T_5.2;
T_5.3 ;
    %jmp T_5.1;
T_5.0 ;
    %pushi/vec4 0, 0, 1;
    %assign/vec4 v00000153dd2843c0_0, 0;
    %load/vec4 v00000153dd284a00_0;
    %dup/vec4;
    %pushi/vec4 0, 0, 3;
    %cmp/u;
    %jmp/1 T_5.4, 6;
    %dup/vec4;
    %pushi/vec4 1, 0, 3;
    %cmp/u;
    %jmp/1 T_5.5, 6;
    %dup/vec4;
    %pushi/vec4 2, 0, 3;
    %cmp/u;
    %jmp/1 T_5.6, 6;
    %dup/vec4;
    %pushi/vec4 3, 0, 3;
    %cmp/u;
    %jmp/1 T_5.7, 6;
    %dup/vec4;
    %pushi/vec4 4, 0, 3;
    %cmp/u;
    %jmp/1 T_5.8, 6;
    %pushi/vec4 0, 0, 3;
    %assign/vec4 v00000153dd284a00_0, 0;
    %jmp T_5.10;
T_5.4 ;
    %load/vec4 v00000153dd283a60_0;
    %flag_set/vec4 8;
    %jmp/0xz  T_5.11, 8;
    %pushi/vec4 0, 0, 2;
    %assign/vec4 v00000153dd284b40_0, 0;
    %pushi/vec4 0, 0, 2;
    %assign/vec4 v00000153dd285ae0_0, 0;
    %pushi/vec4 0, 0, 4;
    %assign/vec4 v00000153dd285180_0, 0;
    %pushi/vec4 0, 0, 4;
    %assign/vec4 v00000153dd284820_0, 0;
    %pushi/vec4 0, 0, 2;
    %assign/vec4 v00000153dd284960_0, 0;
    %pushi/vec4 0, 0, 32;
    %assign/vec4 v00000153dd284000_0, 0;
    %pushi/vec4 0, 0, 32;
    %store/vec4 v00000153dd285a40_0, 0, 32;
T_5.13 ;
    %load/vec4 v00000153dd285a40_0;
    %cmpi/s 9, 0, 32;
    %jmp/0xz T_5.14, 5;
    %pushi/vec4 0, 0, 20;
    %ix/getv/s 3, v00000153dd285a40_0;
    %ix/load 4, 0, 0; Constant delay
    %assign/vec4/a/d v00000153dd285040, 0, 4;
    %pushi/vec4 0, 0, 8;
    %ix/getv/s 3, v00000153dd285a40_0;
    %ix/load 4, 0, 0; Constant delay
    %assign/vec4/a/d v00000153dd284dc0, 0, 4;
    %load/vec4 v00000153dd285a40_0;
    %addi 1, 0, 32;
    %store/vec4 v00000153dd285a40_0, 0, 32;
    %jmp T_5.13;
T_5.14 ;
    %pushi/vec4 1, 0, 3;
    %assign/vec4 v00000153dd284a00_0, 0;
T_5.11 ;
    %jmp T_5.10;
T_5.5 ;
    %load/vec4 v00000153dd283920_0;
    %pad/u 5;
    %ix/vec4 4;
    %load/vec4a v00000153dd285040, 4;
    %load/vec4 v00000153dd284320_0;
    %pad/s 20;
    %add;
    %load/vec4 v00000153dd283920_0;
    %pad/u 5;
    %ix/vec4 3;
    %ix/load 4, 0, 0; Constant delay
    %assign/vec4/a/d v00000153dd285040, 0, 4;
    %load/vec4 v00000153dd285180_0;
    %cmpi/e 8, 0, 4;
    %jmp/0xz  T_5.15, 4;
    %pushi/vec4 0, 0, 4;
    %assign/vec4 v00000153dd285180_0, 0;
    %load/vec4 v00000153dd284b40_0;
    %cmpi/e 2, 0, 2;
    %jmp/0xz  T_5.17, 4;
    %pushi/vec4 0, 0, 2;
    %assign/vec4 v00000153dd284b40_0, 0;
    %load/vec4 v00000153dd285ae0_0;
    %cmpi/e 2, 0, 2;
    %jmp/0xz  T_5.19, 4;
    %pushi/vec4 0, 0, 2;
    %assign/vec4 v00000153dd285ae0_0, 0;
    %pushi/vec4 2, 0, 3;
    %assign/vec4 v00000153dd284a00_0, 0;
    %jmp T_5.20;
T_5.19 ;
    %load/vec4 v00000153dd285ae0_0;
    %addi 1, 0, 2;
    %assign/vec4 v00000153dd285ae0_0, 0;
T_5.20 ;
    %jmp T_5.18;
T_5.17 ;
    %load/vec4 v00000153dd284b40_0;
    %addi 1, 0, 2;
    %assign/vec4 v00000153dd284b40_0, 0;
T_5.18 ;
    %jmp T_5.16;
T_5.15 ;
    %load/vec4 v00000153dd285180_0;
    %addi 1, 0, 4;
    %assign/vec4 v00000153dd285180_0, 0;
T_5.16 ;
    %jmp T_5.10;
T_5.6 ;
    %load/vec4 v00000153dd283740_0;
    %load/vec4 v00000153dd284820_0;
    %pad/u 5;
    %ix/vec4 3;
    %ix/load 4, 0, 0; Constant delay
    %assign/vec4/a/d v00000153dd284dc0, 0, 4;
    %load/vec4 v00000153dd284820_0;
    %cmpi/e 8, 0, 4;
    %jmp/0xz  T_5.21, 4;
    %pushi/vec4 0, 0, 4;
    %assign/vec4 v00000153dd284820_0, 0;
    %pushi/vec4 3, 0, 3;
    %assign/vec4 v00000153dd284a00_0, 0;
    %jmp T_5.22;
T_5.21 ;
    %load/vec4 v00000153dd284820_0;
    %addi 1, 0, 4;
    %assign/vec4 v00000153dd284820_0, 0;
T_5.22 ;
    %jmp T_5.10;
T_5.7 ;
    %load/vec4 v00000153dd283e20_0;
    %ix/load 5, 0, 0;
    %load/vec4 v00000153dd284960_0;
    %pad/u 32;
    %muli 8, 0, 32;
    %ix/vec4 4;
    %assign/vec4/off/d v00000153dd284000_0, 4, 5;
    %load/vec4 v00000153dd284960_0;
    %cmpi/e 3, 0, 2;
    %jmp/0xz  T_5.23, 4;
    %pushi/vec4 0, 0, 2;
    %assign/vec4 v00000153dd284960_0, 0;
    %pushi/vec4 4, 0, 3;
    %assign/vec4 v00000153dd284a00_0, 0;
    %jmp T_5.24;
T_5.23 ;
    %load/vec4 v00000153dd284960_0;
    %addi 1, 0, 2;
    %assign/vec4 v00000153dd284960_0, 0;
T_5.24 ;
    %jmp T_5.10;
T_5.8 ;
    %pushi/vec4 1, 0, 1;
    %assign/vec4 v00000153dd2843c0_0, 0;
    %pushi/vec4 0, 0, 3;
    %assign/vec4 v00000153dd284a00_0, 0;
    %jmp T_5.10;
T_5.10 ;
    %pop/vec4 1;
T_5.1 ;
    %jmp T_5;
    .thread T_5;
    .scope S_00000153dd1740c0;
T_6 ;
    %wait E_00000153dd214880;
    %load/vec4 v00000153dd292260_0;
    %nor/r;
    %flag_set/vec4 8;
    %jmp/0xz  T_6.0, 8;
    %pushi/vec4 0, 0, 3;
    %assign/vec4 v00000153dd291e00_0, 0;
    %pushi/vec4 0, 0, 2;
    %assign/vec4 v00000153dd2921c0_0, 0;
    %pushi/vec4 0, 0, 2;
    %assign/vec4 v00000153dd291040_0, 0;
    %pushi/vec4 0, 0, 4;
    %assign/vec4 v00000153dd2912c0_0, 0;
    %pushi/vec4 0, 0, 4;
    %assign/vec4 v00000153dd291360_0, 0;
    %pushi/vec4 0, 0, 2;
    %assign/vec4 v00000153dd290e60_0, 0;
    %pushi/vec4 0, 0, 1;
    %assign/vec4 v00000153dd28f290_0, 0;
    %pushi/vec4 0, 0, 32;
    %assign/vec4 v00000153dd291a40_0, 0;
    %pushi/vec4 0, 0, 32;
    %store/vec4 v00000153dd292120_0, 0, 32;
T_6.2 ;
    %load/vec4 v00000153dd292120_0;
    %cmpi/s 9, 0, 32;
    %jmp/0xz T_6.3, 5;
    %pushi/vec4 0, 0, 20;
    %ix/getv/s 3, v00000153dd292120_0;
    %ix/load 4, 0, 0; Constant delay
    %assign/vec4/a/d v00000153dd28f6f0, 0, 4;
    %pushi/vec4 0, 0, 8;
    %ix/getv/s 3, v00000153dd292120_0;
    %ix/load 4, 0, 0; Constant delay
    %assign/vec4/a/d v00000153dd290780, 0, 4;
    %load/vec4 v00000153dd292120_0;
    %addi 1, 0, 32;
    %store/vec4 v00000153dd292120_0, 0, 32;
    %jmp T_6.2;
T_6.3 ;
    %jmp T_6.1;
T_6.0 ;
    %pushi/vec4 0, 0, 1;
    %assign/vec4 v00000153dd28f290_0, 0;
    %load/vec4 v00000153dd291e00_0;
    %dup/vec4;
    %pushi/vec4 0, 0, 3;
    %cmp/u;
    %jmp/1 T_6.4, 6;
    %dup/vec4;
    %pushi/vec4 1, 0, 3;
    %cmp/u;
    %jmp/1 T_6.5, 6;
    %dup/vec4;
    %pushi/vec4 2, 0, 3;
    %cmp/u;
    %jmp/1 T_6.6, 6;
    %dup/vec4;
    %pushi/vec4 3, 0, 3;
    %cmp/u;
    %jmp/1 T_6.7, 6;
    %dup/vec4;
    %pushi/vec4 4, 0, 3;
    %cmp/u;
    %jmp/1 T_6.8, 6;
    %pushi/vec4 0, 0, 3;
    %assign/vec4 v00000153dd291e00_0, 0;
    %jmp T_6.10;
T_6.4 ;
    %load/vec4 v00000153dd290f00_0;
    %flag_set/vec4 8;
    %jmp/0xz  T_6.11, 8;
    %pushi/vec4 0, 0, 2;
    %assign/vec4 v00000153dd2921c0_0, 0;
    %pushi/vec4 0, 0, 2;
    %assign/vec4 v00000153dd291040_0, 0;
    %pushi/vec4 0, 0, 4;
    %assign/vec4 v00000153dd2912c0_0, 0;
    %pushi/vec4 0, 0, 4;
    %assign/vec4 v00000153dd291360_0, 0;
    %pushi/vec4 0, 0, 2;
    %assign/vec4 v00000153dd290e60_0, 0;
    %pushi/vec4 0, 0, 32;
    %assign/vec4 v00000153dd291a40_0, 0;
    %pushi/vec4 0, 0, 32;
    %store/vec4 v00000153dd292120_0, 0, 32;
T_6.13 ;
    %load/vec4 v00000153dd292120_0;
    %cmpi/s 9, 0, 32;
    %jmp/0xz T_6.14, 5;
    %pushi/vec4 0, 0, 20;
    %ix/getv/s 3, v00000153dd292120_0;
    %ix/load 4, 0, 0; Constant delay
    %assign/vec4/a/d v00000153dd28f6f0, 0, 4;
    %pushi/vec4 0, 0, 8;
    %ix/getv/s 3, v00000153dd292120_0;
    %ix/load 4, 0, 0; Constant delay
    %assign/vec4/a/d v00000153dd290780, 0, 4;
    %load/vec4 v00000153dd292120_0;
    %addi 1, 0, 32;
    %store/vec4 v00000153dd292120_0, 0, 32;
    %jmp T_6.13;
T_6.14 ;
    %pushi/vec4 1, 0, 3;
    %assign/vec4 v00000153dd291e00_0, 0;
T_6.11 ;
    %jmp T_6.10;
T_6.5 ;
    %load/vec4 v00000153dd28ff10_0;
    %pad/u 5;
    %ix/vec4 4;
    %load/vec4a v00000153dd28f6f0, 4;
    %load/vec4 v00000153dd291d60_0;
    %pad/s 20;
    %add;
    %load/vec4 v00000153dd28ff10_0;
    %pad/u 5;
    %ix/vec4 3;
    %ix/load 4, 0, 0; Constant delay
    %assign/vec4/a/d v00000153dd28f6f0, 0, 4;
    %load/vec4 v00000153dd2912c0_0;
    %cmpi/e 8, 0, 4;
    %jmp/0xz  T_6.15, 4;
    %pushi/vec4 0, 0, 4;
    %assign/vec4 v00000153dd2912c0_0, 0;
    %load/vec4 v00000153dd2921c0_0;
    %cmpi/e 2, 0, 2;
    %jmp/0xz  T_6.17, 4;
    %pushi/vec4 0, 0, 2;
    %assign/vec4 v00000153dd2921c0_0, 0;
    %load/vec4 v00000153dd291040_0;
    %cmpi/e 2, 0, 2;
    %jmp/0xz  T_6.19, 4;
    %pushi/vec4 0, 0, 2;
    %assign/vec4 v00000153dd291040_0, 0;
    %pushi/vec4 2, 0, 3;
    %assign/vec4 v00000153dd291e00_0, 0;
    %jmp T_6.20;
T_6.19 ;
    %load/vec4 v00000153dd291040_0;
    %addi 1, 0, 2;
    %assign/vec4 v00000153dd291040_0, 0;
T_6.20 ;
    %jmp T_6.18;
T_6.17 ;
    %load/vec4 v00000153dd2921c0_0;
    %addi 1, 0, 2;
    %assign/vec4 v00000153dd2921c0_0, 0;
T_6.18 ;
    %jmp T_6.16;
T_6.15 ;
    %load/vec4 v00000153dd2912c0_0;
    %addi 1, 0, 4;
    %assign/vec4 v00000153dd2912c0_0, 0;
T_6.16 ;
    %jmp T_6.10;
T_6.6 ;
    %load/vec4 v00000153dd291860_0;
    %load/vec4 v00000153dd291360_0;
    %pad/u 5;
    %ix/vec4 3;
    %ix/load 4, 0, 0; Constant delay
    %assign/vec4/a/d v00000153dd290780, 0, 4;
    %load/vec4 v00000153dd291360_0;
    %cmpi/e 8, 0, 4;
    %jmp/0xz  T_6.21, 4;
    %pushi/vec4 0, 0, 4;
    %assign/vec4 v00000153dd291360_0, 0;
    %pushi/vec4 3, 0, 3;
    %assign/vec4 v00000153dd291e00_0, 0;
    %jmp T_6.22;
T_6.21 ;
    %load/vec4 v00000153dd291360_0;
    %addi 1, 0, 4;
    %assign/vec4 v00000153dd291360_0, 0;
T_6.22 ;
    %jmp T_6.10;
T_6.7 ;
    %load/vec4 v00000153dd291f40_0;
    %ix/load 5, 0, 0;
    %load/vec4 v00000153dd290e60_0;
    %pad/u 32;
    %muli 8, 0, 32;
    %ix/vec4 4;
    %assign/vec4/off/d v00000153dd291a40_0, 4, 5;
    %load/vec4 v00000153dd290e60_0;
    %cmpi/e 3, 0, 2;
    %jmp/0xz  T_6.23, 4;
    %pushi/vec4 0, 0, 2;
    %assign/vec4 v00000153dd290e60_0, 0;
    %pushi/vec4 4, 0, 3;
    %assign/vec4 v00000153dd291e00_0, 0;
    %jmp T_6.24;
T_6.23 ;
    %load/vec4 v00000153dd290e60_0;
    %addi 1, 0, 2;
    %assign/vec4 v00000153dd290e60_0, 0;
T_6.24 ;
    %jmp T_6.10;
T_6.8 ;
    %pushi/vec4 1, 0, 1;
    %assign/vec4 v00000153dd28f290_0, 0;
    %pushi/vec4 0, 0, 3;
    %assign/vec4 v00000153dd291e00_0, 0;
    %jmp T_6.10;
T_6.10 ;
    %pop/vec4 1;
T_6.1 ;
    %jmp T_6;
    .thread T_6;
    .scope S_00000153dd173f30;
T_7 ;
    %wait E_00000153dd211940;
    %pushi/vec4 0, 0, 32;
    %store/vec4 v00000153dd292940_0, 0, 32;
T_7.0 ;
    %load/vec4 v00000153dd292940_0;
    %cmpi/s 9, 0, 32;
    %jmp/0xz T_7.1, 5;
    %pushi/vec4 0, 0, 20;
    %ix/getv/s 4, v00000153dd292940_0;
    %store/vec4a v00000153dd291fe0, 4, 0;
    %pushi/vec4 0, 0, 8;
    %ix/getv/s 4, v00000153dd292940_0;
    %store/vec4a v00000153dd290960, 4, 0;
    %load/vec4 v00000153dd292940_0;
    %addi 1, 0, 32;
    %store/vec4 v00000153dd292940_0, 0, 32;
    %jmp T_7.0;
T_7.1 ;
    %pushi/vec4 0, 0, 32;
    %store/vec4 v00000153dd292620_0, 0, 32;
T_7.2 ;
    %load/vec4 v00000153dd292620_0;
    %cmpi/s 3, 0, 32;
    %jmp/0xz T_7.3, 5;
    %pushi/vec4 0, 0, 32;
    %store/vec4 v00000153dd2924e0_0, 0, 32;
T_7.4 ;
    %load/vec4 v00000153dd2924e0_0;
    %cmpi/s 3, 0, 32;
    %jmp/0xz T_7.5, 5;
    %pushi/vec4 0, 0, 20;
    %store/vec4 v00000153dd291720_0, 0, 20;
    %pushi/vec4 0, 0, 32;
    %store/vec4 v00000153dd292080_0, 0, 32;
T_7.6 ;
    %load/vec4 v00000153dd292080_0;
    %cmpi/s 3, 0, 32;
    %jmp/0xz T_7.7, 5;
    %pushi/vec4 0, 0, 32;
    %store/vec4 v00000153dd290dc0_0, 0, 32;
T_7.8 ;
    %load/vec4 v00000153dd290dc0_0;
    %cmpi/s 3, 0, 32;
    %jmp/0xz T_7.9, 5;
    %load/vec4 v00000153dd292620_0;
    %load/vec4 v00000153dd292080_0;
    %add;
    %muli 5, 0, 32;
    %load/vec4 v00000153dd2924e0_0;
    %load/vec4 v00000153dd290dc0_0;
    %add;
    %add;
    %store/vec4 v00000153dd290460_0, 0, 32;
    %load/vec4 v00000153dd291720_0;
    %pushi/vec4 0, 0, 1;
    %load/vec4 v00000153dd2929e0_0;
    %load/vec4 v00000153dd290460_0;
    %muli 8, 0, 32;
    %part/s 8;
    %concat/vec4; draw_concat_vec4
    %pad/s 20;
    %load/vec4 v00000153dd290500_0;
    %load/vec4 v00000153dd292080_0;
    %muli 3, 0, 32;
    %load/vec4 v00000153dd290dc0_0;
    %add;
    %muli 8, 0, 32;
    %part/s 8;
    %pad/s 20;
    %mul;
    %add;
    %store/vec4 v00000153dd291720_0, 0, 20;
    %load/vec4 v00000153dd290dc0_0;
    %addi 1, 0, 32;
    %store/vec4 v00000153dd290dc0_0, 0, 32;
    %jmp T_7.8;
T_7.9 ;
    %load/vec4 v00000153dd292080_0;
    %addi 1, 0, 32;
    %store/vec4 v00000153dd292080_0, 0, 32;
    %jmp T_7.6;
T_7.7 ;
    %load/vec4 v00000153dd291720_0;
    %load/vec4 v00000153dd292620_0;
    %muli 3, 0, 32;
    %load/vec4 v00000153dd2924e0_0;
    %add;
    %ix/vec4/s 4;
    %store/vec4a v00000153dd291fe0, 4, 0;
    %load/vec4 v00000153dd2924e0_0;
    %addi 1, 0, 32;
    %store/vec4 v00000153dd2924e0_0, 0, 32;
    %jmp T_7.4;
T_7.5 ;
    %load/vec4 v00000153dd292620_0;
    %addi 1, 0, 32;
    %store/vec4 v00000153dd292620_0, 0, 32;
    %jmp T_7.2;
T_7.3 ;
    %pushi/vec4 0, 0, 32;
    %store/vec4 v00000153dd292940_0, 0, 32;
T_7.10 ;
    %load/vec4 v00000153dd292940_0;
    %cmpi/s 9, 0, 32;
    %jmp/0xz T_7.11, 5;
    %ix/getv/s 4, v00000153dd292940_0;
    %load/vec4a v00000153dd291fe0, 4;
    %pad/s 32;
    %cmpi/s 0, 0, 32;
    %jmp/0xz  T_7.12, 5;
    %pushi/vec4 0, 0, 8;
    %ix/getv/s 4, v00000153dd292940_0;
    %store/vec4a v00000153dd290960, 4, 0;
    %jmp T_7.13;
T_7.12 ;
    %ix/getv/s 4, v00000153dd292940_0;
    %load/vec4a v00000153dd291fe0, 4;
    %pad/s 32;
    %cmpi/s 255, 0, 32;
    %flag_or 5, 4; GT is !LE
    %flag_inv 5;
    %jmp/0xz  T_7.14, 5;
    %pushi/vec4 255, 0, 8;
    %ix/getv/s 4, v00000153dd292940_0;
    %store/vec4a v00000153dd290960, 4, 0;
    %jmp T_7.15;
T_7.14 ;
    %ix/getv/s 4, v00000153dd292940_0;
    %load/vec4a v00000153dd291fe0, 4;
    %parti/s 8, 0, 2;
    %ix/getv/s 4, v00000153dd292940_0;
    %store/vec4a v00000153dd290960, 4, 0;
T_7.15 ;
T_7.13 ;
    %load/vec4 v00000153dd292940_0;
    %addi 1, 0, 32;
    %store/vec4 v00000153dd292940_0, 0, 32;
    %jmp T_7.10;
T_7.11 ;
    %pushi/vec4 0, 0, 2;
    %ix/load 4, 0, 0;
    %flag_set/imm 4, 0;
    %load/vec4a v00000153dd290960, 4;
    %concat/vec4; draw_concat_vec4
    %pushi/vec4 0, 0, 2;
    %ix/load 4, 1, 0;
    %flag_set/imm 4, 0;
    %load/vec4a v00000153dd290960, 4;
    %concat/vec4; draw_concat_vec4
    %add;
    %pushi/vec4 0, 0, 2;
    %ix/load 4, 3, 0;
    %flag_set/imm 4, 0;
    %load/vec4a v00000153dd290960, 4;
    %concat/vec4; draw_concat_vec4
    %add;
    %pushi/vec4 0, 0, 2;
    %ix/load 4, 4, 0;
    %flag_set/imm 4, 0;
    %load/vec4a v00000153dd290960, 4;
    %concat/vec4; draw_concat_vec4
    %add;
    %store/vec4 v00000153dd2908c0_0, 0, 10;
    %pushi/vec4 0, 0, 2;
    %ix/load 4, 1, 0;
    %flag_set/imm 4, 0;
    %load/vec4a v00000153dd290960, 4;
    %concat/vec4; draw_concat_vec4
    %pushi/vec4 0, 0, 2;
    %ix/load 4, 2, 0;
    %flag_set/imm 4, 0;
    %load/vec4a v00000153dd290960, 4;
    %concat/vec4; draw_concat_vec4
    %add;
    %pushi/vec4 0, 0, 2;
    %ix/load 4, 4, 0;
    %flag_set/imm 4, 0;
    %load/vec4a v00000153dd290960, 4;
    %concat/vec4; draw_concat_vec4
    %add;
    %pushi/vec4 0, 0, 2;
    %ix/load 4, 5, 0;
    %flag_set/imm 4, 0;
    %load/vec4a v00000153dd290960, 4;
    %concat/vec4; draw_concat_vec4
    %add;
    %store/vec4 v00000153dd290640_0, 0, 10;
    %pushi/vec4 0, 0, 2;
    %ix/load 4, 3, 0;
    %flag_set/imm 4, 0;
    %load/vec4a v00000153dd290960, 4;
    %concat/vec4; draw_concat_vec4
    %pushi/vec4 0, 0, 2;
    %ix/load 4, 4, 0;
    %flag_set/imm 4, 0;
    %load/vec4a v00000153dd290960, 4;
    %concat/vec4; draw_concat_vec4
    %add;
    %pushi/vec4 0, 0, 2;
    %ix/load 4, 6, 0;
    %flag_set/imm 4, 0;
    %load/vec4a v00000153dd290960, 4;
    %concat/vec4; draw_concat_vec4
    %add;
    %pushi/vec4 0, 0, 2;
    %ix/load 4, 7, 0;
    %flag_set/imm 4, 0;
    %load/vec4a v00000153dd290960, 4;
    %concat/vec4; draw_concat_vec4
    %add;
    %store/vec4 v00000153dd2906e0_0, 0, 10;
    %pushi/vec4 0, 0, 2;
    %ix/load 4, 4, 0;
    %flag_set/imm 4, 0;
    %load/vec4a v00000153dd290960, 4;
    %concat/vec4; draw_concat_vec4
    %pushi/vec4 0, 0, 2;
    %ix/load 4, 5, 0;
    %flag_set/imm 4, 0;
    %load/vec4a v00000153dd290960, 4;
    %concat/vec4; draw_concat_vec4
    %add;
    %pushi/vec4 0, 0, 2;
    %ix/load 4, 7, 0;
    %flag_set/imm 4, 0;
    %load/vec4a v00000153dd290960, 4;
    %concat/vec4; draw_concat_vec4
    %add;
    %pushi/vec4 0, 0, 2;
    %ix/load 4, 8, 0;
    %flag_set/imm 4, 0;
    %load/vec4a v00000153dd290960, 4;
    %concat/vec4; draw_concat_vec4
    %add;
    %store/vec4 v00000153dd290820_0, 0, 10;
    %load/vec4 v00000153dd290820_0;
    %parti/s 8, 2, 3;
    %load/vec4 v00000153dd2906e0_0;
    %parti/s 8, 2, 3;
    %concat/vec4; draw_concat_vec4
    %load/vec4 v00000153dd290640_0;
    %parti/s 8, 2, 3;
    %concat/vec4; draw_concat_vec4
    %load/vec4 v00000153dd2908c0_0;
    %parti/s 8, 2, 3;
    %concat/vec4; draw_concat_vec4
    %store/vec4 v00000153dd2928a0_0, 0, 32;
    %jmp T_7;
    .thread T_7, $push;
    .scope S_00000153dd173f30;
T_8 ;
    %wait E_00000153dd214880;
    %load/vec4 v00000153dd290a00_0;
    %nor/r;
    %flag_set/vec4 8;
    %jmp/0xz  T_8.0, 8;
    %pushi/vec4 0, 0, 3;
    %assign/vec4 v00000153dd290b40_0, 0;
    %pushi/vec4 0, 0, 1;
    %assign/vec4 v00000153dd292760_0, 0;
    %jmp T_8.1;
T_8.0 ;
    %pushi/vec4 0, 0, 1;
    %assign/vec4 v00000153dd292760_0, 0;
    %load/vec4 v00000153dd2905a0_0;
    %cmpi/e 3, 0, 2;
    %jmp/0xz  T_8.2, 4;
    %load/vec4 v00000153dd290b40_0;
    %parti/s 2, 0, 2;
    %load/vec4 v00000153dd290aa0_0;
    %concat/vec4; draw_concat_vec4
    %assign/vec4 v00000153dd290b40_0, 0;
    %load/vec4 v00000153dd290b40_0;
    %parti/s 1, 2, 3;
    %flag_set/vec4 8;
    %jmp/0xz  T_8.4, 8;
    %pushi/vec4 1, 0, 1;
    %assign/vec4 v00000153dd292760_0, 0;
T_8.4 ;
    %jmp T_8.3;
T_8.2 ;
    %load/vec4 v00000153dd2905a0_0;
    %cmpi/e 2, 0, 2;
    %jmp/0xz  T_8.6, 4;
    %pushi/vec4 0, 0, 2;
    %load/vec4 v00000153dd290aa0_0;
    %concat/vec4; draw_concat_vec4
    %assign/vec4 v00000153dd290b40_0, 0;
    %load/vec4 v00000153dd290aa0_0;
    %assign/vec4 v00000153dd292760_0, 0;
    %jmp T_8.7;
T_8.6 ;
    %pushi/vec4 0, 0, 3;
    %assign/vec4 v00000153dd290b40_0, 0;
T_8.7 ;
T_8.3 ;
T_8.1 ;
    %jmp T_8;
    .thread T_8;
    .scope S_00000153dd161880;
T_9 ;
    %delay 5000, 0;
    %load/vec4 v00000153dd293ac0_0;
    %inv;
    %store/vec4 v00000153dd293ac0_0, 0, 1;
    %jmp T_9;
    .thread T_9;
    .scope S_00000153dd161880;
T_10 ;
    %pushi/vec4 0, 0, 1;
    %store/vec4 v00000153dd293ac0_0, 0, 1;
    %pushi/vec4 0, 0, 1;
    %store/vec4 v00000153dd293fc0_0, 0, 1;
    %pushi/vec4 0, 0, 1;
    %store/vec4 v00000153dd293b60_0, 0, 1;
    %pushi/vec4 0, 0, 2;
    %store/vec4 v00000153dd293020_0, 0, 2;
    %fork TD_tb_cnn_core.load_img_1_to_25, S_00000153dd28bcf0;
    %join;
    %fork TD_tb_cnn_core.load_kernel_all_ones, S_00000153dd28be80;
    %join;
    %pushi/vec4 4, 0, 32;
T_10.0 %dup/vec4;
    %pushi/vec4 0, 0, 32;
    %cmp/s;
    %jmp/1xz T_10.1, 5;
    %jmp/1 T_10.1, 4;
    %pushi/vec4 1, 0, 32;
    %sub;
    %wait E_00000153dd214d80;
    %jmp T_10.0;
T_10.1 ;
    %pop/vec4 1;
    %pushi/vec4 1, 0, 1;
    %store/vec4 v00000153dd293fc0_0, 0, 1;
    %wait E_00000153dd214d80;
    %pushi/vec4 0, 0, 2;
    %store/vec4 v00000153dd294240_0, 0, 2;
    %fork TD_tb_cnn_core.run_mode_check, S_00000153dd28b390;
    %join;
    %pushi/vec4 1, 0, 2;
    %store/vec4 v00000153dd294240_0, 0, 2;
    %fork TD_tb_cnn_core.run_mode_check, S_00000153dd28b390;
    %join;
    %pushi/vec4 2, 0, 2;
    %store/vec4 v00000153dd294240_0, 0, 2;
    %fork TD_tb_cnn_core.run_mode_check, S_00000153dd28b390;
    %join;
    %pushi/vec4 3, 0, 2;
    %store/vec4 v00000153dd294240_0, 0, 2;
    %fork TD_tb_cnn_core.run_mode_check, S_00000153dd28b390;
    %join;
    %vpi_call/w 14 81 "$display", "ALL TESTS PASSED." {0 0 0};
    %vpi_call/w 14 82 "$finish" {0 0 0};
    %end;
    .thread T_10;
# The file index is used to find the file name in the following table.
:file_names 17;
    "N/A";
    "<interactive>";
    "-";
    "D:\1012\project1/src/baseline/add8.v";
    "D:\1012\project1/src/baseline/cnn_compare_base_top.v";
    "D:\1012\project1/src/baseline/cnn_chain_core_base.v";
    "D:\1012\project1/src/baseline/div4.v";
    "D:\1012\project1/src/baseline/mul8.v";
    "D:\1012\project1/src/optimized/mul8_booth_wallace.v";
    "D:\1012\project1/src/baseline/relu_s20.v";
    "D:\1012\project1/src/optimized/simd_add8x4.v";
    "D:\1012\project1/src/optimized/simd_avgpool2x2_8bit.v";
    "D:\1012\project1/src/optimized/simd_mul8x4.v";
    "D:\1012\project1/src/optimized/simd_relu8x4.v";
    "D:\1012\project1/sim/tb_cnn_core.v";
    "D:\1012\project1/src/optimized/cnn_compare_opt_top.v";
    "D:\1012\project1/src/optimized/cnn_chain_core_opt.v";
