Copyright 1986-2022 Xilinx, Inc. All Rights Reserved. Copyright 2022-2025 Advanced Micro Devices, Inc. All Rights Reserved.
-----------------------------------------------------------------------------------------------------------------------------------------------------------------------------------------------------------------------------------------------
| Tool Version : Vivado v.2025.1 (win64) Build 6140274 Thu May 22 00:12:29 MDT 2025
| Date         : Sun Apr 26 21:27:23 2026
| Host         : DESKTOP-JH0OJSQ running 64-bit major release  (build 9200)
| Command      : report_methodology -file cnn_compare_booth_simd_pipe_dsp_top_methodology_drc_routed.rpt -pb cnn_compare_booth_simd_pipe_dsp_top_methodology_drc_routed.pb -rpx cnn_compare_booth_simd_pipe_dsp_top_methodology_drc_routed.rpx
| Design       : cnn_compare_booth_simd_pipe_dsp_top
| Device       : xc7a200tfbg676-2
| Speed File   : -2
| Design State : Fully Routed
-----------------------------------------------------------------------------------------------------------------------------------------------------------------------------------------------------------------------------------------------

Report Methodology

Table of Contents
-----------------
1. REPORT SUMMARY
2. REPORT DETAILS

1. REPORT SUMMARY
-----------------
            Netlist: netlist
          Floorplan: design_1
      Design limits: <entire design considered>
             Max checks: <unlimited>
             Checks found: 585
+-----------+----------+------------------------------------------+--------+
| Rule      | Severity | Description                              | Checks |
+-----------+----------+------------------------------------------+--------+
| TIMING-16 | Warning  | Large setup violation                    | 278    |
| XDCH-2    | Warning  | Same min and max delay values on IO port | 307    |
+-----------+----------+------------------------------------------+--------+

2. REPORT DETAILS
-----------------
TIMING-16#1 Warning
Large setup violation  
There is a large setup violation of -1.103 ns between u_booth_simd_pipe_dsp/relu_blk1_reg_reg[24]/C (clocked by clk) and u_booth_simd_pipe_dsp/out_flat_u8x4_reg[19]/D (clocked by clk). Large setup violations at the end of those stages might be difficult to fix during the post-placement implementation flow and could be the result of non-optimal XDC constraints or non-optimal design architecture
Related violations: <none>

TIMING-16#2 Warning
Large setup violation  
There is a large setup violation of -1.126 ns between u_booth_simd_pipe_dsp/relu_blk1_reg_reg[24]/C (clocked by clk) and u_booth_simd_pipe_dsp/out_flat_u8x4_reg[18]/D (clocked by clk). Large setup violations at the end of those stages might be difficult to fix during the post-placement implementation flow and could be the result of non-optimal XDC constraints or non-optimal design architecture
Related violations: <none>

TIMING-16#3 Warning
Large setup violation  
There is a large setup violation of -1.132 ns between ker_flat_s8x9[26] (clocked by clk) and u_booth_simd_pipe_dsp/conv_blk0_reg_reg[40]/D (clocked by clk). Large setup violations at the end of those stages might be difficult to fix during the post-placement implementation flow and could be the result of non-optimal XDC constraints or non-optimal design architecture
Related violations: <none>

TIMING-16#4 Warning
Large setup violation  
There is a large setup violation of -1.134 ns between u_booth_simd_pipe_dsp/relu_blk0_reg_reg[17]/C (clocked by clk) and u_booth_simd_pipe_dsp/out_flat_u8x4_reg[9]/D (clocked by clk). Large setup violations at the end of those stages might be difficult to fix during the post-placement implementation flow and could be the result of non-optimal XDC constraints or non-optimal design architecture
Related violations: <none>

TIMING-16#5 Warning
Large setup violation  
There is a large setup violation of -1.194 ns between u_booth_simd_pipe_dsp/relu_blk2_reg_reg[0]/C (clocked by clk) and u_booth_simd_pipe_dsp/out_flat_u8x4_reg[26]/D (clocked by clk). Large setup violations at the end of those stages might be difficult to fix during the post-placement implementation flow and could be the result of non-optimal XDC constraints or non-optimal design architecture
Related violations: <none>

TIMING-16#6 Warning
Large setup violation  
There is a large setup violation of -1.196 ns between u_booth_simd_pipe_dsp/relu_blk1_reg_reg[24]/C (clocked by clk) and u_booth_simd_pipe_dsp/out_flat_u8x4_reg[20]/D (clocked by clk). Large setup violations at the end of those stages might be difficult to fix during the post-placement implementation flow and could be the result of non-optimal XDC constraints or non-optimal design architecture
Related violations: <none>

TIMING-16#7 Warning
Large setup violation  
There is a large setup violation of -1.197 ns between u_booth_simd_pipe_dsp/relu_blk2_reg_reg[0]/C (clocked by clk) and u_booth_simd_pipe_dsp/out_flat_u8x4_reg[27]/D (clocked by clk). Large setup violations at the end of those stages might be difficult to fix during the post-placement implementation flow and could be the result of non-optimal XDC constraints or non-optimal design architecture
Related violations: <none>

TIMING-16#8 Warning
Large setup violation  
There is a large setup violation of -1.221 ns between img_flat_u8x25[147] (clocked by clk) and u_booth_simd_pipe_dsp/conv_blk1_reg_reg[60]/D (clocked by clk). Large setup violations at the end of those stages might be difficult to fix during the post-placement implementation flow and could be the result of non-optimal XDC constraints or non-optimal design architecture
Related violations: <none>

TIMING-16#9 Warning
Large setup violation  
There is a large setup violation of -1.228 ns between start (clocked by clk) and u_booth_simd_pipe_dsp/conv_blk0_reg_reg[48]/CE (clocked by clk). Large setup violations at the end of those stages might be difficult to fix during the post-placement implementation flow and could be the result of non-optimal XDC constraints or non-optimal design architecture
Related violations: <none>

TIMING-16#10 Warning
Large setup violation  
There is a large setup violation of -1.228 ns between start (clocked by clk) and u_booth_simd_pipe_dsp/conv_blk0_reg_reg[49]/CE (clocked by clk). Large setup violations at the end of those stages might be difficult to fix during the post-placement implementation flow and could be the result of non-optimal XDC constraints or non-optimal design architecture
Related violations: <none>

TIMING-16#11 Warning
Large setup violation  
There is a large setup violation of -1.228 ns between start (clocked by clk) and u_booth_simd_pipe_dsp/conv_blk0_reg_reg[50]/CE (clocked by clk). Large setup violations at the end of those stages might be difficult to fix during the post-placement implementation flow and could be the result of non-optimal XDC constraints or non-optimal design architecture
Related violations: <none>

TIMING-16#12 Warning
Large setup violation  
There is a large setup violation of -1.228 ns between start (clocked by clk) and u_booth_simd_pipe_dsp/conv_blk0_reg_reg[51]/CE (clocked by clk). Large setup violations at the end of those stages might be difficult to fix during the post-placement implementation flow and could be the result of non-optimal XDC constraints or non-optimal design architecture
Related violations: <none>

TIMING-16#13 Warning
Large setup violation  
There is a large setup violation of -1.259 ns between u_booth_simd_pipe_dsp/relu_blk1_reg_reg[24]/C (clocked by clk) and u_booth_simd_pipe_dsp/out_flat_u8x4_reg[21]/D (clocked by clk). Large setup violations at the end of those stages might be difficult to fix during the post-placement implementation flow and could be the result of non-optimal XDC constraints or non-optimal design architecture
Related violations: <none>

TIMING-16#14 Warning
Large setup violation  
There is a large setup violation of -1.280 ns between u_booth_simd_pipe_dsp/relu_blk2_reg_reg[0]/C (clocked by clk) and u_booth_simd_pipe_dsp/out_flat_u8x4_reg[28]/D (clocked by clk). Large setup violations at the end of those stages might be difficult to fix during the post-placement implementation flow and could be the result of non-optimal XDC constraints or non-optimal design architecture
Related violations: <none>

TIMING-16#15 Warning
Large setup violation  
There is a large setup violation of -1.286 ns between ker_flat_s8x9[4] (clocked by clk) and u_booth_simd_pipe_dsp/conv_blk1_reg_reg[40]/D (clocked by clk). Large setup violations at the end of those stages might be difficult to fix during the post-placement implementation flow and could be the result of non-optimal XDC constraints or non-optimal design architecture
Related violations: <none>

TIMING-16#16 Warning
Large setup violation  
There is a large setup violation of -1.312 ns between u_booth_simd_pipe_dsp/relu_blk2_reg_reg[0]/C (clocked by clk) and u_booth_simd_pipe_dsp/out_flat_u8x4_reg[29]/D (clocked by clk). Large setup violations at the end of those stages might be difficult to fix during the post-placement implementation flow and could be the result of non-optimal XDC constraints or non-optimal design architecture
Related violations: <none>

TIMING-16#17 Warning
Large setup violation  
There is a large setup violation of -1.320 ns between u_booth_simd_pipe_dsp/relu_blk0_reg_reg[17]/C (clocked by clk) and u_booth_simd_pipe_dsp/out_flat_u8x4_reg[12]/D (clocked by clk). Large setup violations at the end of those stages might be difficult to fix during the post-placement implementation flow and could be the result of non-optimal XDC constraints or non-optimal design architecture
Related violations: <none>

TIMING-16#18 Warning
Large setup violation  
There is a large setup violation of -1.346 ns between img_flat_u8x25[0] (clocked by clk) and u_booth_simd_pipe_dsp/conv_blk0_reg_reg[0]/D (clocked by clk). Large setup violations at the end of those stages might be difficult to fix during the post-placement implementation flow and could be the result of non-optimal XDC constraints or non-optimal design architecture
Related violations: <none>

TIMING-16#19 Warning
Large setup violation  
There is a large setup violation of -1.358 ns between start (clocked by clk) and u_booth_simd_pipe_dsp/conv_blk0_reg_reg[56]/CE (clocked by clk). Large setup violations at the end of those stages might be difficult to fix during the post-placement implementation flow and could be the result of non-optimal XDC constraints or non-optimal design architecture
Related violations: <none>

TIMING-16#20 Warning
Large setup violation  
There is a large setup violation of -1.358 ns between start (clocked by clk) and u_booth_simd_pipe_dsp/conv_blk0_reg_reg[57]/CE (clocked by clk). Large setup violations at the end of those stages might be difficult to fix during the post-placement implementation flow and could be the result of non-optimal XDC constraints or non-optimal design architecture
Related violations: <none>

TIMING-16#21 Warning
Large setup violation  
There is a large setup violation of -1.358 ns between start (clocked by clk) and u_booth_simd_pipe_dsp/conv_blk0_reg_reg[58]/CE (clocked by clk). Large setup violations at the end of those stages might be difficult to fix during the post-placement implementation flow and could be the result of non-optimal XDC constraints or non-optimal design architecture
Related violations: <none>

TIMING-16#22 Warning
Large setup violation  
There is a large setup violation of -1.358 ns between start (clocked by clk) and u_booth_simd_pipe_dsp/conv_blk0_reg_reg[59]/CE (clocked by clk). Large setup violations at the end of those stages might be difficult to fix during the post-placement implementation flow and could be the result of non-optimal XDC constraints or non-optimal design architecture
Related violations: <none>

TIMING-16#23 Warning
Large setup violation  
There is a large setup violation of -1.367 ns between img_flat_u8x25[93] (clocked by clk) and u_booth_simd_pipe_dsp/conv_blk0_reg_reg[20]/D (clocked by clk). Large setup violations at the end of those stages might be difficult to fix during the post-placement implementation flow and could be the result of non-optimal XDC constraints or non-optimal design architecture
Related violations: <none>

TIMING-16#24 Warning
Large setup violation  
There is a large setup violation of -1.370 ns between u_booth_simd_pipe_dsp/relu_blk1_reg_reg[24]/C (clocked by clk) and u_booth_simd_pipe_dsp/out_flat_u8x4_reg[22]/D (clocked by clk). Large setup violations at the end of those stages might be difficult to fix during the post-placement implementation flow and could be the result of non-optimal XDC constraints or non-optimal design architecture
Related violations: <none>

TIMING-16#25 Warning
Large setup violation  
There is a large setup violation of -1.396 ns between ker_flat_s8x9[25] (clocked by clk) and u_booth_simd_pipe_dsp/conv_blk2_reg_reg[0]/D (clocked by clk). Large setup violations at the end of those stages might be difficult to fix during the post-placement implementation flow and could be the result of non-optimal XDC constraints or non-optimal design architecture
Related violations: <none>

TIMING-16#26 Warning
Large setup violation  
There is a large setup violation of -1.397 ns between u_booth_simd_pipe_dsp/relu_blk0_reg_reg[26]/C (clocked by clk) and u_booth_simd_pipe_dsp/out_flat_u8x4_reg[2]/D (clocked by clk). Large setup violations at the end of those stages might be difficult to fix during the post-placement implementation flow and could be the result of non-optimal XDC constraints or non-optimal design architecture
Related violations: <none>

TIMING-16#27 Warning
Large setup violation  
There is a large setup violation of -1.426 ns between img_flat_u8x25[63] (clocked by clk) and u_booth_simd_pipe_dsp/conv_blk1_reg_reg[20]/D (clocked by clk). Large setup violations at the end of those stages might be difficult to fix during the post-placement implementation flow and could be the result of non-optimal XDC constraints or non-optimal design architecture
Related violations: <none>

TIMING-16#28 Warning
Large setup violation  
There is a large setup violation of -1.435 ns between u_booth_simd_pipe_dsp/relu_blk1_reg_reg[5]/C (clocked by clk) and u_booth_simd_pipe_dsp/out_flat_u8x4_reg[30]/D (clocked by clk). Large setup violations at the end of those stages might be difficult to fix during the post-placement implementation flow and could be the result of non-optimal XDC constraints or non-optimal design architecture
Related violations: <none>

TIMING-16#29 Warning
Large setup violation  
There is a large setup violation of -1.462 ns between u_booth_simd_pipe_dsp/relu_blk1_reg_reg[24]/C (clocked by clk) and u_booth_simd_pipe_dsp/out_flat_u8x4_reg[23]/D (clocked by clk). Large setup violations at the end of those stages might be difficult to fix during the post-placement implementation flow and could be the result of non-optimal XDC constraints or non-optimal design architecture
Related violations: <none>

TIMING-16#30 Warning
Large setup violation  
There is a large setup violation of -1.488 ns between img_flat_u8x25[137] (clocked by clk) and u_booth_simd_pipe_dsp/conv_blk1_reg_reg[0]/D (clocked by clk). Large setup violations at the end of those stages might be difficult to fix during the post-placement implementation flow and could be the result of non-optimal XDC constraints or non-optimal design architecture
Related violations: <none>

TIMING-16#31 Warning
Large setup violation  
There is a large setup violation of -1.545 ns between u_booth_simd_pipe_dsp/relu_blk0_reg_reg[17]/C (clocked by clk) and u_booth_simd_pipe_dsp/out_flat_u8x4_reg[10]/D (clocked by clk). Large setup violations at the end of those stages might be difficult to fix during the post-placement implementation flow and could be the result of non-optimal XDC constraints or non-optimal design architecture
Related violations: <none>

TIMING-16#32 Warning
Large setup violation  
There is a large setup violation of -1.559 ns between u_booth_simd_pipe_dsp/relu_blk0_reg_reg[17]/C (clocked by clk) and u_booth_simd_pipe_dsp/out_flat_u8x4_reg[11]/D (clocked by clk). Large setup violations at the end of those stages might be difficult to fix during the post-placement implementation flow and could be the result of non-optimal XDC constraints or non-optimal design architecture
Related violations: <none>

TIMING-16#33 Warning
Large setup violation  
There is a large setup violation of -1.618 ns between u_booth_simd_pipe_dsp/relu_blk0_reg_reg[17]/C (clocked by clk) and u_booth_simd_pipe_dsp/out_flat_u8x4_reg[13]/D (clocked by clk). Large setup violations at the end of those stages might be difficult to fix during the post-placement implementation flow and could be the result of non-optimal XDC constraints or non-optimal design architecture
Related violations: <none>

TIMING-16#34 Warning
Large setup violation  
There is a large setup violation of -1.645 ns between u_booth_simd_pipe_dsp/relu_blk1_reg_reg[5]/C (clocked by clk) and u_booth_simd_pipe_dsp/out_flat_u8x4_reg[31]/D (clocked by clk). Large setup violations at the end of those stages might be difficult to fix during the post-placement implementation flow and could be the result of non-optimal XDC constraints or non-optimal design architecture
Related violations: <none>

TIMING-16#35 Warning
Large setup violation  
There is a large setup violation of -1.687 ns between ker_flat_s8x9[4] (clocked by clk) and u_booth_simd_pipe_dsp/conv_blk1_reg_reg[41]/D (clocked by clk). Large setup violations at the end of those stages might be difficult to fix during the post-placement implementation flow and could be the result of non-optimal XDC constraints or non-optimal design architecture
Related violations: <none>

TIMING-16#36 Warning
Large setup violation  
There is a large setup violation of -1.689 ns between u_booth_simd_pipe_dsp/relu_blk0_reg_reg[26]/C (clocked by clk) and u_booth_simd_pipe_dsp/out_flat_u8x4_reg[3]/D (clocked by clk). Large setup violations at the end of those stages might be difficult to fix during the post-placement implementation flow and could be the result of non-optimal XDC constraints or non-optimal design architecture
Related violations: <none>

TIMING-16#37 Warning
Large setup violation  
There is a large setup violation of -1.692 ns between u_booth_simd_pipe_dsp/relu_blk0_reg_reg[26]/C (clocked by clk) and u_booth_simd_pipe_dsp/out_flat_u8x4_reg[5]/D (clocked by clk). Large setup violations at the end of those stages might be difficult to fix during the post-placement implementation flow and could be the result of non-optimal XDC constraints or non-optimal design architecture
Related violations: <none>

TIMING-16#38 Warning
Large setup violation  
There is a large setup violation of -1.701 ns between u_booth_simd_pipe_dsp/relu_blk0_reg_reg[26]/C (clocked by clk) and u_booth_simd_pipe_dsp/out_flat_u8x4_reg[4]/D (clocked by clk). Large setup violations at the end of those stages might be difficult to fix during the post-placement implementation flow and could be the result of non-optimal XDC constraints or non-optimal design architecture
Related violations: <none>

TIMING-16#39 Warning
Large setup violation  
There is a large setup violation of -1.722 ns between img_flat_u8x25[80] (clocked by clk) and u_booth_simd_pipe_dsp/conv_blk0_reg_reg[60]/D (clocked by clk). Large setup violations at the end of those stages might be difficult to fix during the post-placement implementation flow and could be the result of non-optimal XDC constraints or non-optimal design architecture
Related violations: <none>

TIMING-16#40 Warning
Large setup violation  
There is a large setup violation of -1.746 ns between u_booth_simd_pipe_dsp/relu_blk0_reg_reg[17]/C (clocked by clk) and u_booth_simd_pipe_dsp/out_flat_u8x4_reg[15]/D (clocked by clk). Large setup violations at the end of those stages might be difficult to fix during the post-placement implementation flow and could be the result of non-optimal XDC constraints or non-optimal design architecture
Related violations: <none>

TIMING-16#41 Warning
Large setup violation  
There is a large setup violation of -1.797 ns between u_booth_simd_pipe_dsp/relu_blk0_reg_reg[17]/C (clocked by clk) and u_booth_simd_pipe_dsp/out_flat_u8x4_reg[14]/D (clocked by clk). Large setup violations at the end of those stages might be difficult to fix during the post-placement implementation flow and could be the result of non-optimal XDC constraints or non-optimal design architecture
Related violations: <none>

TIMING-16#42 Warning
Large setup violation  
There is a large setup violation of -1.808 ns between img_flat_u8x25[63] (clocked by clk) and u_booth_simd_pipe_dsp/conv_blk1_reg_reg[21]/D (clocked by clk). Large setup violations at the end of those stages might be difficult to fix during the post-placement implementation flow and could be the result of non-optimal XDC constraints or non-optimal design architecture
Related violations: <none>

TIMING-16#43 Warning
Large setup violation  
There is a large setup violation of -1.833 ns between u_booth_simd_pipe_dsp/relu_blk0_reg_reg[26]/C (clocked by clk) and u_booth_simd_pipe_dsp/out_flat_u8x4_reg[6]/D (clocked by clk). Large setup violations at the end of those stages might be difficult to fix during the post-placement implementation flow and could be the result of non-optimal XDC constraints or non-optimal design architecture
Related violations: <none>

TIMING-16#44 Warning
Large setup violation  
There is a large setup violation of -1.855 ns between start (clocked by clk) and u_booth_simd_pipe_dsp/conv_blk0_reg_reg[52]/CE (clocked by clk). Large setup violations at the end of those stages might be difficult to fix during the post-placement implementation flow and could be the result of non-optimal XDC constraints or non-optimal design architecture
Related violations: <none>

TIMING-16#45 Warning
Large setup violation  
There is a large setup violation of -1.855 ns between start (clocked by clk) and u_booth_simd_pipe_dsp/conv_blk0_reg_reg[53]/CE (clocked by clk). Large setup violations at the end of those stages might be difficult to fix during the post-placement implementation flow and could be the result of non-optimal XDC constraints or non-optimal design architecture
Related violations: <none>

TIMING-16#46 Warning
Large setup violation  
There is a large setup violation of -1.855 ns between start (clocked by clk) and u_booth_simd_pipe_dsp/conv_blk0_reg_reg[54]/CE (clocked by clk). Large setup violations at the end of those stages might be difficult to fix during the post-placement implementation flow and could be the result of non-optimal XDC constraints or non-optimal design architecture
Related violations: <none>

TIMING-16#47 Warning
Large setup violation  
There is a large setup violation of -1.855 ns between start (clocked by clk) and u_booth_simd_pipe_dsp/conv_blk0_reg_reg[55]/CE (clocked by clk). Large setup violations at the end of those stages might be difficult to fix during the post-placement implementation flow and could be the result of non-optimal XDC constraints or non-optimal design architecture
Related violations: <none>

TIMING-16#48 Warning
Large setup violation  
There is a large setup violation of -1.923 ns between u_booth_simd_pipe_dsp/relu_blk0_reg_reg[26]/C (clocked by clk) and u_booth_simd_pipe_dsp/out_flat_u8x4_reg[7]/D (clocked by clk). Large setup violations at the end of those stages might be difficult to fix during the post-placement implementation flow and could be the result of non-optimal XDC constraints or non-optimal design architecture
Related violations: <none>

TIMING-16#49 Warning
Large setup violation  
There is a large setup violation of -1.943 ns between img_flat_u8x25[0] (clocked by clk) and u_booth_simd_pipe_dsp/conv_blk0_reg_reg[1]/D (clocked by clk). Large setup violations at the end of those stages might be difficult to fix during the post-placement implementation flow and could be the result of non-optimal XDC constraints or non-optimal design architecture
Related violations: <none>

TIMING-16#50 Warning
Large setup violation  
There is a large setup violation of -2.008 ns between img_flat_u8x25[147] (clocked by clk) and u_booth_simd_pipe_dsp/conv_blk1_reg_reg[61]/D (clocked by clk). Large setup violations at the end of those stages might be difficult to fix during the post-placement implementation flow and could be the result of non-optimal XDC constraints or non-optimal design architecture
Related violations: <none>

TIMING-16#51 Warning
Large setup violation  
There is a large setup violation of -2.032 ns between start (clocked by clk) and u_booth_simd_pipe_dsp/conv_blk2_reg_reg[0]/CE (clocked by clk). Large setup violations at the end of those stages might be difficult to fix during the post-placement implementation flow and could be the result of non-optimal XDC constraints or non-optimal design architecture
Related violations: <none>

TIMING-16#52 Warning
Large setup violation  
There is a large setup violation of -2.032 ns between start (clocked by clk) and u_booth_simd_pipe_dsp/conv_blk2_reg_reg[1]/CE (clocked by clk). Large setup violations at the end of those stages might be difficult to fix during the post-placement implementation flow and could be the result of non-optimal XDC constraints or non-optimal design architecture
Related violations: <none>

TIMING-16#53 Warning
Large setup violation  
There is a large setup violation of -2.032 ns between start (clocked by clk) and u_booth_simd_pipe_dsp/conv_blk2_reg_reg[2]/CE (clocked by clk). Large setup violations at the end of those stages might be difficult to fix during the post-placement implementation flow and could be the result of non-optimal XDC constraints or non-optimal design architecture
Related violations: <none>

TIMING-16#54 Warning
Large setup violation  
There is a large setup violation of -2.032 ns between start (clocked by clk) and u_booth_simd_pipe_dsp/conv_blk2_reg_reg[3]/CE (clocked by clk). Large setup violations at the end of those stages might be difficult to fix during the post-placement implementation flow and could be the result of non-optimal XDC constraints or non-optimal design architecture
Related violations: <none>

TIMING-16#55 Warning
Large setup violation  
There is a large setup violation of -2.079 ns between ker_flat_s8x9[26] (clocked by clk) and u_booth_simd_pipe_dsp/conv_blk0_reg_reg[41]/D (clocked by clk). Large setup violations at the end of those stages might be difficult to fix during the post-placement implementation flow and could be the result of non-optimal XDC constraints or non-optimal design architecture
Related violations: <none>

TIMING-16#56 Warning
Large setup violation  
There is a large setup violation of -2.105 ns between start (clocked by clk) and u_booth_simd_pipe_dsp/conv_blk0_reg_reg[44]/CE (clocked by clk). Large setup violations at the end of those stages might be difficult to fix during the post-placement implementation flow and could be the result of non-optimal XDC constraints or non-optimal design architecture
Related violations: <none>

TIMING-16#57 Warning
Large setup violation  
There is a large setup violation of -2.105 ns between start (clocked by clk) and u_booth_simd_pipe_dsp/conv_blk0_reg_reg[45]/CE (clocked by clk). Large setup violations at the end of those stages might be difficult to fix during the post-placement implementation flow and could be the result of non-optimal XDC constraints or non-optimal design architecture
Related violations: <none>

TIMING-16#58 Warning
Large setup violation  
There is a large setup violation of -2.105 ns between start (clocked by clk) and u_booth_simd_pipe_dsp/conv_blk0_reg_reg[46]/CE (clocked by clk). Large setup violations at the end of those stages might be difficult to fix during the post-placement implementation flow and could be the result of non-optimal XDC constraints or non-optimal design architecture
Related violations: <none>

TIMING-16#59 Warning
Large setup violation  
There is a large setup violation of -2.105 ns between start (clocked by clk) and u_booth_simd_pipe_dsp/conv_blk0_reg_reg[47]/CE (clocked by clk). Large setup violations at the end of those stages might be difficult to fix during the post-placement implementation flow and could be the result of non-optimal XDC constraints or non-optimal design architecture
Related violations: <none>

TIMING-16#60 Warning
Large setup violation  
There is a large setup violation of -2.123 ns between img_flat_u8x25[80] (clocked by clk) and u_booth_simd_pipe_dsp/conv_blk0_reg_reg[61]/D (clocked by clk). Large setup violations at the end of those stages might be difficult to fix during the post-placement implementation flow and could be the result of non-optimal XDC constraints or non-optimal design architecture
Related violations: <none>

TIMING-16#61 Warning
Large setup violation  
There is a large setup violation of -2.150 ns between ker_flat_s8x9[4] (clocked by clk) and u_booth_simd_pipe_dsp/conv_blk1_reg_reg[42]/D (clocked by clk). Large setup violations at the end of those stages might be difficult to fix during the post-placement implementation flow and could be the result of non-optimal XDC constraints or non-optimal design architecture
Related violations: <none>

TIMING-16#62 Warning
Large setup violation  
There is a large setup violation of -2.165 ns between img_flat_u8x25[93] (clocked by clk) and u_booth_simd_pipe_dsp/conv_blk0_reg_reg[21]/D (clocked by clk). Large setup violations at the end of those stages might be difficult to fix during the post-placement implementation flow and could be the result of non-optimal XDC constraints or non-optimal design architecture
Related violations: <none>

TIMING-16#63 Warning
Large setup violation  
There is a large setup violation of -2.172 ns between start (clocked by clk) and u_booth_simd_pipe_dsp/conv_blk2_reg_reg[10]/CE (clocked by clk). Large setup violations at the end of those stages might be difficult to fix during the post-placement implementation flow and could be the result of non-optimal XDC constraints or non-optimal design architecture
Related violations: <none>

TIMING-16#64 Warning
Large setup violation  
There is a large setup violation of -2.172 ns between start (clocked by clk) and u_booth_simd_pipe_dsp/conv_blk2_reg_reg[11]/CE (clocked by clk). Large setup violations at the end of those stages might be difficult to fix during the post-placement implementation flow and could be the result of non-optimal XDC constraints or non-optimal design architecture
Related violations: <none>

TIMING-16#65 Warning
Large setup violation  
There is a large setup violation of -2.172 ns between start (clocked by clk) and u_booth_simd_pipe_dsp/conv_blk2_reg_reg[8]/CE (clocked by clk). Large setup violations at the end of those stages might be difficult to fix during the post-placement implementation flow and could be the result of non-optimal XDC constraints or non-optimal design architecture
Related violations: <none>

TIMING-16#66 Warning
Large setup violation  
There is a large setup violation of -2.172 ns between start (clocked by clk) and u_booth_simd_pipe_dsp/conv_blk2_reg_reg[9]/CE (clocked by clk). Large setup violations at the end of those stages might be difficult to fix during the post-placement implementation flow and could be the result of non-optimal XDC constraints or non-optimal design architecture
Related violations: <none>

TIMING-16#67 Warning
Large setup violation  
There is a large setup violation of -2.192 ns between ker_flat_s8x9[25] (clocked by clk) and u_booth_simd_pipe_dsp/conv_blk2_reg_reg[1]/D (clocked by clk). Large setup violations at the end of those stages might be difficult to fix during the post-placement implementation flow and could be the result of non-optimal XDC constraints or non-optimal design architecture
Related violations: <none>

TIMING-16#68 Warning
Large setup violation  
There is a large setup violation of -2.212 ns between start (clocked by clk) and u_booth_simd_pipe_dsp/conv_blk0_reg_reg[40]/CE (clocked by clk). Large setup violations at the end of those stages might be difficult to fix during the post-placement implementation flow and could be the result of non-optimal XDC constraints or non-optimal design architecture
Related violations: <none>

TIMING-16#69 Warning
Large setup violation  
There is a large setup violation of -2.212 ns between start (clocked by clk) and u_booth_simd_pipe_dsp/conv_blk0_reg_reg[41]/CE (clocked by clk). Large setup violations at the end of those stages might be difficult to fix during the post-placement implementation flow and could be the result of non-optimal XDC constraints or non-optimal design architecture
Related violations: <none>

TIMING-16#70 Warning
Large setup violation  
There is a large setup violation of -2.212 ns between start (clocked by clk) and u_booth_simd_pipe_dsp/conv_blk0_reg_reg[42]/CE (clocked by clk). Large setup violations at the end of those stages might be difficult to fix during the post-placement implementation flow and could be the result of non-optimal XDC constraints or non-optimal design architecture
Related violations: <none>

TIMING-16#71 Warning
Large setup violation  
There is a large setup violation of -2.212 ns between start (clocked by clk) and u_booth_simd_pipe_dsp/conv_blk0_reg_reg[43]/CE (clocked by clk). Large setup violations at the end of those stages might be difficult to fix during the post-placement implementation flow and could be the result of non-optimal XDC constraints or non-optimal design architecture
Related violations: <none>

TIMING-16#72 Warning
Large setup violation  
There is a large setup violation of -2.232 ns between img_flat_u8x25[0] (clocked by clk) and u_booth_simd_pipe_dsp/conv_blk0_reg_reg[2]/D (clocked by clk). Large setup violations at the end of those stages might be difficult to fix during the post-placement implementation flow and could be the result of non-optimal XDC constraints or non-optimal design architecture
Related violations: <none>

TIMING-16#73 Warning
Large setup violation  
There is a large setup violation of -2.276 ns between ker_flat_s8x9[4] (clocked by clk) and u_booth_simd_pipe_dsp/conv_blk1_reg_reg[43]/D (clocked by clk). Large setup violations at the end of those stages might be difficult to fix during the post-placement implementation flow and could be the result of non-optimal XDC constraints or non-optimal design architecture
Related violations: <none>

TIMING-16#74 Warning
Large setup violation  
There is a large setup violation of -2.286 ns between img_flat_u8x25[0] (clocked by clk) and u_booth_simd_pipe_dsp/conv_blk0_reg_reg[3]/D (clocked by clk). Large setup violations at the end of those stages might be difficult to fix during the post-placement implementation flow and could be the result of non-optimal XDC constraints or non-optimal design architecture
Related violations: <none>

TIMING-16#75 Warning
Large setup violation  
There is a large setup violation of -2.302 ns between img_flat_u8x25[147] (clocked by clk) and u_booth_simd_pipe_dsp/conv_blk1_reg_reg[62]/D (clocked by clk). Large setup violations at the end of those stages might be difficult to fix during the post-placement implementation flow and could be the result of non-optimal XDC constraints or non-optimal design architecture
Related violations: <none>

TIMING-16#76 Warning
Large setup violation  
There is a large setup violation of -2.326 ns between img_flat_u8x25[63] (clocked by clk) and u_booth_simd_pipe_dsp/conv_blk1_reg_reg[22]/D (clocked by clk). Large setup violations at the end of those stages might be difficult to fix during the post-placement implementation flow and could be the result of non-optimal XDC constraints or non-optimal design architecture
Related violations: <none>

TIMING-16#77 Warning
Large setup violation  
There is a large setup violation of -2.362 ns between img_flat_u8x25[176] (clocked by clk) and u_booth_simd_pipe_dsp/conv_blk1_reg_reg[63]/D (clocked by clk). Large setup violations at the end of those stages might be difficult to fix during the post-placement implementation flow and could be the result of non-optimal XDC constraints or non-optimal design architecture
Related violations: <none>

TIMING-16#78 Warning
Large setup violation  
There is a large setup violation of -2.368 ns between ker_flat_s8x9[26] (clocked by clk) and u_booth_simd_pipe_dsp/conv_blk0_reg_reg[42]/D (clocked by clk). Large setup violations at the end of those stages might be difficult to fix during the post-placement implementation flow and could be the result of non-optimal XDC constraints or non-optimal design architecture
Related violations: <none>

TIMING-16#79 Warning
Large setup violation  
There is a large setup violation of -2.377 ns between img_flat_u8x25[63] (clocked by clk) and u_booth_simd_pipe_dsp/conv_blk1_reg_reg[23]/D (clocked by clk). Large setup violations at the end of those stages might be difficult to fix during the post-placement implementation flow and could be the result of non-optimal XDC constraints or non-optimal design architecture
Related violations: <none>

TIMING-16#80 Warning
Large setup violation  
There is a large setup violation of -2.384 ns between img_flat_u8x25[137] (clocked by clk) and u_booth_simd_pipe_dsp/conv_blk1_reg_reg[1]/D (clocked by clk). Large setup violations at the end of those stages might be difficult to fix during the post-placement implementation flow and could be the result of non-optimal XDC constraints or non-optimal design architecture
Related violations: <none>

TIMING-16#81 Warning
Large setup violation  
There is a large setup violation of -2.416 ns between img_flat_u8x25[95] (clocked by clk) and u_booth_simd_pipe_dsp/conv_blk0_reg_reg[4]/D (clocked by clk). Large setup violations at the end of those stages might be difficult to fix during the post-placement implementation flow and could be the result of non-optimal XDC constraints or non-optimal design architecture
Related violations: <none>

TIMING-16#82 Warning
Large setup violation  
There is a large setup violation of -2.417 ns between ker_flat_s8x9[4] (clocked by clk) and u_booth_simd_pipe_dsp/conv_blk1_reg_reg[44]/D (clocked by clk). Large setup violations at the end of those stages might be difficult to fix during the post-placement implementation flow and could be the result of non-optimal XDC constraints or non-optimal design architecture
Related violations: <none>

TIMING-16#83 Warning
Large setup violation  
There is a large setup violation of -2.422 ns between ker_flat_s8x9[26] (clocked by clk) and u_booth_simd_pipe_dsp/conv_blk0_reg_reg[43]/D (clocked by clk). Large setup violations at the end of those stages might be difficult to fix during the post-placement implementation flow and could be the result of non-optimal XDC constraints or non-optimal design architecture
Related violations: <none>

TIMING-16#84 Warning
Large setup violation  
There is a large setup violation of -2.424 ns between start (clocked by clk) and u_booth_simd_pipe_dsp/conv_blk2_reg_reg[12]/CE (clocked by clk). Large setup violations at the end of those stages might be difficult to fix during the post-placement implementation flow and could be the result of non-optimal XDC constraints or non-optimal design architecture
Related violations: <none>

TIMING-16#85 Warning
Large setup violation  
There is a large setup violation of -2.424 ns between start (clocked by clk) and u_booth_simd_pipe_dsp/conv_blk2_reg_reg[13]/CE (clocked by clk). Large setup violations at the end of those stages might be difficult to fix during the post-placement implementation flow and could be the result of non-optimal XDC constraints or non-optimal design architecture
Related violations: <none>

TIMING-16#86 Warning
Large setup violation  
There is a large setup violation of -2.424 ns between start (clocked by clk) and u_booth_simd_pipe_dsp/conv_blk2_reg_reg[14]/CE (clocked by clk). Large setup violations at the end of those stages might be difficult to fix during the post-placement implementation flow and could be the result of non-optimal XDC constraints or non-optimal design architecture
Related violations: <none>

TIMING-16#87 Warning
Large setup violation  
There is a large setup violation of -2.424 ns between start (clocked by clk) and u_booth_simd_pipe_dsp/conv_blk2_reg_reg[15]/CE (clocked by clk). Large setup violations at the end of those stages might be difficult to fix during the post-placement implementation flow and could be the result of non-optimal XDC constraints or non-optimal design architecture
Related violations: <none>

TIMING-16#88 Warning
Large setup violation  
There is a large setup violation of -2.437 ns between img_flat_u8x25[95] (clocked by clk) and u_booth_simd_pipe_dsp/conv_blk0_reg_reg[6]/D (clocked by clk). Large setup violations at the end of those stages might be difficult to fix during the post-placement implementation flow and could be the result of non-optimal XDC constraints or non-optimal design architecture
Related violations: <none>

TIMING-16#89 Warning
Large setup violation  
There is a large setup violation of -2.459 ns between img_flat_u8x25[93] (clocked by clk) and u_booth_simd_pipe_dsp/conv_blk0_reg_reg[22]/D (clocked by clk). Large setup violations at the end of those stages might be difficult to fix during the post-placement implementation flow and could be the result of non-optimal XDC constraints or non-optimal design architecture
Related violations: <none>

TIMING-16#90 Warning
Large setup violation  
There is a large setup violation of -2.480 ns between img_flat_u8x25[63] (clocked by clk) and u_booth_simd_pipe_dsp/conv_blk1_reg_reg[24]/D (clocked by clk). Large setup violations at the end of those stages might be difficult to fix during the post-placement implementation flow and could be the result of non-optimal XDC constraints or non-optimal design architecture
Related violations: <none>

TIMING-16#91 Warning
Large setup violation  
There is a large setup violation of -2.486 ns between ker_flat_s8x9[25] (clocked by clk) and u_booth_simd_pipe_dsp/conv_blk2_reg_reg[2]/D (clocked by clk). Large setup violations at the end of those stages might be difficult to fix during the post-placement implementation flow and could be the result of non-optimal XDC constraints or non-optimal design architecture
Related violations: <none>

TIMING-16#92 Warning
Large setup violation  
There is a large setup violation of -2.495 ns between img_flat_u8x25[95] (clocked by clk) and u_booth_simd_pipe_dsp/conv_blk0_reg_reg[5]/D (clocked by clk). Large setup violations at the end of those stages might be difficult to fix during the post-placement implementation flow and could be the result of non-optimal XDC constraints or non-optimal design architecture
Related violations: <none>

TIMING-16#93 Warning
Large setup violation  
There is a large setup violation of -2.496 ns between ker_flat_s8x9[4] (clocked by clk) and u_booth_simd_pipe_dsp/conv_blk1_reg_reg[45]/D (clocked by clk). Large setup violations at the end of those stages might be difficult to fix during the post-placement implementation flow and could be the result of non-optimal XDC constraints or non-optimal design architecture
Related violations: <none>

TIMING-16#94 Warning
Large setup violation  
There is a large setup violation of -2.500 ns between img_flat_u8x25[95] (clocked by clk) and u_booth_simd_pipe_dsp/conv_blk0_reg_reg[7]/D (clocked by clk). Large setup violations at the end of those stages might be difficult to fix during the post-placement implementation flow and could be the result of non-optimal XDC constraints or non-optimal design architecture
Related violations: <none>

TIMING-16#95 Warning
Large setup violation  
There is a large setup violation of -2.501 ns between ker_flat_s8x9[4] (clocked by clk) and u_booth_simd_pipe_dsp/conv_blk1_reg_reg[46]/D (clocked by clk). Large setup violations at the end of those stages might be difficult to fix during the post-placement implementation flow and could be the result of non-optimal XDC constraints or non-optimal design architecture
Related violations: <none>

TIMING-16#96 Warning
Large setup violation  
There is a large setup violation of -2.508 ns between img_flat_u8x25[93] (clocked by clk) and u_booth_simd_pipe_dsp/conv_blk0_reg_reg[23]/D (clocked by clk). Large setup violations at the end of those stages might be difficult to fix during the post-placement implementation flow and could be the result of non-optimal XDC constraints or non-optimal design architecture
Related violations: <none>

TIMING-16#97 Warning
Large setup violation  
There is a large setup violation of -2.511 ns between ker_flat_s8x9[26] (clocked by clk) and u_booth_simd_pipe_dsp/conv_blk0_reg_reg[44]/D (clocked by clk). Large setup violations at the end of those stages might be difficult to fix during the post-placement implementation flow and could be the result of non-optimal XDC constraints or non-optimal design architecture
Related violations: <none>

TIMING-16#98 Warning
Large setup violation  
There is a large setup violation of -2.532 ns between ker_flat_s8x9[26] (clocked by clk) and u_booth_simd_pipe_dsp/conv_blk0_reg_reg[46]/D (clocked by clk). Large setup violations at the end of those stages might be difficult to fix during the post-placement implementation flow and could be the result of non-optimal XDC constraints or non-optimal design architecture
Related violations: <none>

TIMING-16#99 Warning
Large setup violation  
There is a large setup violation of -2.534 ns between start (clocked by clk) and u_booth_simd_pipe_dsp/conv_blk2_reg_reg[16]/CE (clocked by clk). Large setup violations at the end of those stages might be difficult to fix during the post-placement implementation flow and could be the result of non-optimal XDC constraints or non-optimal design architecture
Related violations: <none>

TIMING-16#100 Warning
Large setup violation  
There is a large setup violation of -2.534 ns between start (clocked by clk) and u_booth_simd_pipe_dsp/conv_blk2_reg_reg[17]/CE (clocked by clk). Large setup violations at the end of those stages might be difficult to fix during the post-placement implementation flow and could be the result of non-optimal XDC constraints or non-optimal design architecture
Related violations: <none>

TIMING-16#101 Warning
Large setup violation  
There is a large setup violation of -2.534 ns between start (clocked by clk) and u_booth_simd_pipe_dsp/conv_blk2_reg_reg[18]/CE (clocked by clk). Large setup violations at the end of those stages might be difficult to fix during the post-placement implementation flow and could be the result of non-optimal XDC constraints or non-optimal design architecture
Related violations: <none>

TIMING-16#102 Warning
Large setup violation  
There is a large setup violation of -2.534 ns between start (clocked by clk) and u_booth_simd_pipe_dsp/conv_blk2_reg_reg[19]/CE (clocked by clk). Large setup violations at the end of those stages might be difficult to fix during the post-placement implementation flow and could be the result of non-optimal XDC constraints or non-optimal design architecture
Related violations: <none>

TIMING-16#103 Warning
Large setup violation  
There is a large setup violation of -2.535 ns between ker_flat_s8x9[25] (clocked by clk) and u_booth_simd_pipe_dsp/conv_blk2_reg_reg[3]/D (clocked by clk). Large setup violations at the end of those stages might be difficult to fix during the post-placement implementation flow and could be the result of non-optimal XDC constraints or non-optimal design architecture
Related violations: <none>

TIMING-16#104 Warning
Large setup violation  
There is a large setup violation of -2.545 ns between start (clocked by clk) and u_booth_simd_pipe_dsp/conv_blk2_reg_reg[4]/CE (clocked by clk). Large setup violations at the end of those stages might be difficult to fix during the post-placement implementation flow and could be the result of non-optimal XDC constraints or non-optimal design architecture
Related violations: <none>

TIMING-16#105 Warning
Large setup violation  
There is a large setup violation of -2.545 ns between start (clocked by clk) and u_booth_simd_pipe_dsp/conv_blk2_reg_reg[5]/CE (clocked by clk). Large setup violations at the end of those stages might be difficult to fix during the post-placement implementation flow and could be the result of non-optimal XDC constraints or non-optimal design architecture
Related violations: <none>

TIMING-16#106 Warning
Large setup violation  
There is a large setup violation of -2.545 ns between start (clocked by clk) and u_booth_simd_pipe_dsp/conv_blk2_reg_reg[6]/CE (clocked by clk). Large setup violations at the end of those stages might be difficult to fix during the post-placement implementation flow and could be the result of non-optimal XDC constraints or non-optimal design architecture
Related violations: <none>

TIMING-16#107 Warning
Large setup violation  
There is a large setup violation of -2.545 ns between start (clocked by clk) and u_booth_simd_pipe_dsp/conv_blk2_reg_reg[7]/CE (clocked by clk). Large setup violations at the end of those stages might be difficult to fix during the post-placement implementation flow and could be the result of non-optimal XDC constraints or non-optimal design architecture
Related violations: <none>

TIMING-16#108 Warning
Large setup violation  
There is a large setup violation of -2.555 ns between ker_flat_s8x9[4] (clocked by clk) and u_booth_simd_pipe_dsp/conv_blk1_reg_reg[47]/D (clocked by clk). Large setup violations at the end of those stages might be difficult to fix during the post-placement implementation flow and could be the result of non-optimal XDC constraints or non-optimal design architecture
Related violations: <none>

TIMING-16#109 Warning
Large setup violation  
There is a large setup violation of -2.559 ns between img_flat_u8x25[63] (clocked by clk) and u_booth_simd_pipe_dsp/conv_blk1_reg_reg[25]/D (clocked by clk). Large setup violations at the end of those stages might be difficult to fix during the post-placement implementation flow and could be the result of non-optimal XDC constraints or non-optimal design architecture
Related violations: <none>

TIMING-16#110 Warning
Large setup violation  
There is a large setup violation of -2.577 ns between img_flat_u8x25[98] (clocked by clk) and u_booth_simd_pipe_dsp/conv_blk1_reg_reg[64]/D (clocked by clk). Large setup violations at the end of those stages might be difficult to fix during the post-placement implementation flow and could be the result of non-optimal XDC constraints or non-optimal design architecture
Related violations: <none>

TIMING-16#111 Warning
Large setup violation  
There is a large setup violation of -2.584 ns between img_flat_u8x25[63] (clocked by clk) and u_booth_simd_pipe_dsp/conv_blk1_reg_reg[26]/D (clocked by clk). Large setup violations at the end of those stages might be difficult to fix during the post-placement implementation flow and could be the result of non-optimal XDC constraints or non-optimal design architecture
Related violations: <none>

TIMING-16#112 Warning
Large setup violation  
There is a large setup violation of -2.586 ns between img_flat_u8x25[80] (clocked by clk) and u_booth_simd_pipe_dsp/conv_blk0_reg_reg[62]/D (clocked by clk). Large setup violations at the end of those stages might be difficult to fix during the post-placement implementation flow and could be the result of non-optimal XDC constraints or non-optimal design architecture
Related violations: <none>

TIMING-16#113 Warning
Large setup violation  
There is a large setup violation of -2.590 ns between ker_flat_s8x9[26] (clocked by clk) and u_booth_simd_pipe_dsp/conv_blk0_reg_reg[45]/D (clocked by clk). Large setup violations at the end of those stages might be difficult to fix during the post-placement implementation flow and could be the result of non-optimal XDC constraints or non-optimal design architecture
Related violations: <none>

TIMING-16#114 Warning
Large setup violation  
There is a large setup violation of -2.596 ns between img_flat_u8x25[98] (clocked by clk) and u_booth_simd_pipe_dsp/conv_blk1_reg_reg[66]/D (clocked by clk). Large setup violations at the end of those stages might be difficult to fix during the post-placement implementation flow and could be the result of non-optimal XDC constraints or non-optimal design architecture
Related violations: <none>

TIMING-16#115 Warning
Large setup violation  
There is a large setup violation of -2.603 ns between img_flat_u8x25[116] (clocked by clk) and u_booth_simd_pipe_dsp/conv_blk0_reg_reg[47]/D (clocked by clk). Large setup violations at the end of those stages might be difficult to fix during the post-placement implementation flow and could be the result of non-optimal XDC constraints or non-optimal design architecture
Related violations: <none>

TIMING-16#116 Warning
Large setup violation  
There is a large setup violation of -2.617 ns between img_flat_u8x25[93] (clocked by clk) and u_booth_simd_pipe_dsp/conv_blk0_reg_reg[24]/D (clocked by clk). Large setup violations at the end of those stages might be difficult to fix during the post-placement implementation flow and could be the result of non-optimal XDC constraints or non-optimal design architecture
Related violations: <none>

TIMING-16#117 Warning
Large setup violation  
There is a large setup violation of -2.635 ns between img_flat_u8x25[63] (clocked by clk) and u_booth_simd_pipe_dsp/conv_blk1_reg_reg[27]/D (clocked by clk). Large setup violations at the end of those stages might be difficult to fix during the post-placement implementation flow and could be the result of non-optimal XDC constraints or non-optimal design architecture
Related violations: <none>

TIMING-16#118 Warning
Large setup violation  
There is a large setup violation of -2.637 ns between img_flat_u8x25[80] (clocked by clk) and u_booth_simd_pipe_dsp/conv_blk0_reg_reg[63]/D (clocked by clk). Large setup violations at the end of those stages might be difficult to fix during the post-placement implementation flow and could be the result of non-optimal XDC constraints or non-optimal design architecture
Related violations: <none>

TIMING-16#119 Warning
Large setup violation  
There is a large setup violation of -2.642 ns between ker_flat_s8x9[25] (clocked by clk) and u_booth_simd_pipe_dsp/conv_blk2_reg_reg[4]/D (clocked by clk). Large setup violations at the end of those stages might be difficult to fix during the post-placement implementation flow and could be the result of non-optimal XDC constraints or non-optimal design architecture
Related violations: <none>

TIMING-16#120 Warning
Large setup violation  
There is a large setup violation of -2.643 ns between ker_flat_s8x9[4] (clocked by clk) and u_booth_simd_pipe_dsp/conv_blk1_reg_reg[48]/D (clocked by clk). Large setup violations at the end of those stages might be difficult to fix during the post-placement implementation flow and could be the result of non-optimal XDC constraints or non-optimal design architecture
Related violations: <none>

TIMING-16#121 Warning
Large setup violation  
There is a large setup violation of -2.661 ns between img_flat_u8x25[98] (clocked by clk) and u_booth_simd_pipe_dsp/conv_blk1_reg_reg[65]/D (clocked by clk). Large setup violations at the end of those stages might be difficult to fix during the post-placement implementation flow and could be the result of non-optimal XDC constraints or non-optimal design architecture
Related violations: <none>

TIMING-16#122 Warning
Large setup violation  
There is a large setup violation of -2.670 ns between ker_flat_s8x9[36] (clocked by clk) and u_booth_simd_pipe_dsp/conv_blk1_reg_reg[67]/D (clocked by clk). Large setup violations at the end of those stages might be difficult to fix during the post-placement implementation flow and could be the result of non-optimal XDC constraints or non-optimal design architecture
Related violations: <none>

TIMING-16#123 Warning
Large setup violation  
There is a large setup violation of -2.678 ns between img_flat_u8x25[137] (clocked by clk) and u_booth_simd_pipe_dsp/conv_blk1_reg_reg[2]/D (clocked by clk). Large setup violations at the end of those stages might be difficult to fix during the post-placement implementation flow and could be the result of non-optimal XDC constraints or non-optimal design architecture
Related violations: <none>

TIMING-16#124 Warning
Large setup violation  
There is a large setup violation of -2.678 ns between ker_flat_s8x9[15] (clocked by clk) and u_booth_simd_pipe_dsp/conv_blk0_reg_reg[26]/D (clocked by clk). Large setup violations at the end of those stages might be difficult to fix during the post-placement implementation flow and could be the result of non-optimal XDC constraints or non-optimal design architecture
Related violations: <none>

TIMING-16#125 Warning
Large setup violation  
There is a large setup violation of -2.681 ns between ker_flat_s8x9[25] (clocked by clk) and u_booth_simd_pipe_dsp/conv_blk2_reg_reg[6]/D (clocked by clk). Large setup violations at the end of those stages might be difficult to fix during the post-placement implementation flow and could be the result of non-optimal XDC constraints or non-optimal design architecture
Related violations: <none>

TIMING-16#126 Warning
Large setup violation  
There is a large setup violation of -2.686 ns between img_flat_u8x25[95] (clocked by clk) and u_booth_simd_pipe_dsp/conv_blk0_reg_reg[8]/D (clocked by clk). Large setup violations at the end of those stages might be difficult to fix during the post-placement implementation flow and could be the result of non-optimal XDC constraints or non-optimal design architecture
Related violations: <none>

TIMING-16#127 Warning
Large setup violation  
There is a large setup violation of -2.701 ns between img_flat_u8x25[93] (clocked by clk) and u_booth_simd_pipe_dsp/conv_blk0_reg_reg[25]/D (clocked by clk). Large setup violations at the end of those stages might be difficult to fix during the post-placement implementation flow and could be the result of non-optimal XDC constraints or non-optimal design architecture
Related violations: <none>

TIMING-16#128 Warning
Large setup violation  
There is a large setup violation of -2.707 ns between img_flat_u8x25[95] (clocked by clk) and u_booth_simd_pipe_dsp/conv_blk0_reg_reg[10]/D (clocked by clk). Large setup violations at the end of those stages might be difficult to fix during the post-placement implementation flow and could be the result of non-optimal XDC constraints or non-optimal design architecture
Related violations: <none>

TIMING-16#129 Warning
Large setup violation  
There is a large setup violation of -2.726 ns between ker_flat_s8x9[25] (clocked by clk) and u_booth_simd_pipe_dsp/conv_blk2_reg_reg[5]/D (clocked by clk). Large setup violations at the end of those stages might be difficult to fix during the post-placement implementation flow and could be the result of non-optimal XDC constraints or non-optimal design architecture
Related violations: <none>

TIMING-16#130 Warning
Large setup violation  
There is a large setup violation of -2.727 ns between img_flat_u8x25[137] (clocked by clk) and u_booth_simd_pipe_dsp/conv_blk1_reg_reg[3]/D (clocked by clk). Large setup violations at the end of those stages might be difficult to fix during the post-placement implementation flow and could be the result of non-optimal XDC constraints or non-optimal design architecture
Related violations: <none>

TIMING-16#131 Warning
Large setup violation  
There is a large setup violation of -2.727 ns between ker_flat_s8x9[15] (clocked by clk) and u_booth_simd_pipe_dsp/conv_blk0_reg_reg[27]/D (clocked by clk). Large setup violations at the end of those stages might be difficult to fix during the post-placement implementation flow and could be the result of non-optimal XDC constraints or non-optimal design architecture
Related violations: <none>

TIMING-16#132 Warning
Large setup violation  
There is a large setup violation of -2.730 ns between ker_flat_s8x9[25] (clocked by clk) and u_booth_simd_pipe_dsp/conv_blk2_reg_reg[7]/D (clocked by clk). Large setup violations at the end of those stages might be difficult to fix during the post-placement implementation flow and could be the result of non-optimal XDC constraints or non-optimal design architecture
Related violations: <none>

TIMING-16#133 Warning
Large setup violation  
There is a large setup violation of -2.739 ns between img_flat_u8x25[63] (clocked by clk) and u_booth_simd_pipe_dsp/conv_blk1_reg_reg[28]/D (clocked by clk). Large setup violations at the end of those stages might be difficult to fix during the post-placement implementation flow and could be the result of non-optimal XDC constraints or non-optimal design architecture
Related violations: <none>

TIMING-16#134 Warning
Large setup violation  
There is a large setup violation of -2.742 ns between img_flat_u8x25[80] (clocked by clk) and u_booth_simd_pipe_dsp/conv_blk0_reg_reg[64]/D (clocked by clk). Large setup violations at the end of those stages might be difficult to fix during the post-placement implementation flow and could be the result of non-optimal XDC constraints or non-optimal design architecture
Related violations: <none>

TIMING-16#135 Warning
Large setup violation  
There is a large setup violation of -2.746 ns between img_flat_u8x25[116] (clocked by clk) and u_booth_simd_pipe_dsp/conv_blk0_reg_reg[48]/D (clocked by clk). Large setup violations at the end of those stages might be difficult to fix during the post-placement implementation flow and could be the result of non-optimal XDC constraints or non-optimal design architecture
Related violations: <none>

TIMING-16#136 Warning
Large setup violation  
There is a large setup violation of -2.756 ns between img_flat_u8x25[93] (clocked by clk) and u_booth_simd_pipe_dsp/conv_blk1_reg_reg[49]/D (clocked by clk). Large setup violations at the end of those stages might be difficult to fix during the post-placement implementation flow and could be the result of non-optimal XDC constraints or non-optimal design architecture
Related violations: <none>

TIMING-16#137 Warning
Large setup violation  
There is a large setup violation of -2.763 ns between img_flat_u8x25[80] (clocked by clk) and u_booth_simd_pipe_dsp/conv_blk0_reg_reg[66]/D (clocked by clk). Large setup violations at the end of those stages might be difficult to fix during the post-placement implementation flow and could be the result of non-optimal XDC constraints or non-optimal design architecture
Related violations: <none>

TIMING-16#138 Warning
Large setup violation  
There is a large setup violation of -2.765 ns between img_flat_u8x25[95] (clocked by clk) and u_booth_simd_pipe_dsp/conv_blk0_reg_reg[9]/D (clocked by clk). Large setup violations at the end of those stages might be difficult to fix during the post-placement implementation flow and could be the result of non-optimal XDC constraints or non-optimal design architecture
Related violations: <none>

TIMING-16#139 Warning
Large setup violation  
There is a large setup violation of -2.767 ns between img_flat_u8x25[116] (clocked by clk) and u_booth_simd_pipe_dsp/conv_blk0_reg_reg[50]/D (clocked by clk). Large setup violations at the end of those stages might be difficult to fix during the post-placement implementation flow and could be the result of non-optimal XDC constraints or non-optimal design architecture
Related violations: <none>

TIMING-16#140 Warning
Large setup violation  
There is a large setup violation of -2.770 ns between img_flat_u8x25[95] (clocked by clk) and u_booth_simd_pipe_dsp/conv_blk0_reg_reg[11]/D (clocked by clk). Large setup violations at the end of those stages might be difficult to fix during the post-placement implementation flow and could be the result of non-optimal XDC constraints or non-optimal design architecture
Related violations: <none>

TIMING-16#141 Warning
Large setup violation  
There is a large setup violation of -2.817 ns between ker_flat_s8x9[36] (clocked by clk) and u_booth_simd_pipe_dsp/conv_blk1_reg_reg[68]/D (clocked by clk). Large setup violations at the end of those stages might be difficult to fix during the post-placement implementation flow and could be the result of non-optimal XDC constraints or non-optimal design architecture
Related violations: <none>

TIMING-16#142 Warning
Large setup violation  
There is a large setup violation of -2.818 ns between img_flat_u8x25[63] (clocked by clk) and u_booth_simd_pipe_dsp/conv_blk1_reg_reg[29]/D (clocked by clk). Large setup violations at the end of those stages might be difficult to fix during the post-placement implementation flow and could be the result of non-optimal XDC constraints or non-optimal design architecture
Related violations: <none>

TIMING-16#143 Warning
Large setup violation  
There is a large setup violation of -2.821 ns between img_flat_u8x25[80] (clocked by clk) and u_booth_simd_pipe_dsp/conv_blk0_reg_reg[65]/D (clocked by clk). Large setup violations at the end of those stages might be difficult to fix during the post-placement implementation flow and could be the result of non-optimal XDC constraints or non-optimal design architecture
Related violations: <none>

TIMING-16#144 Warning
Large setup violation  
There is a large setup violation of -2.825 ns between img_flat_u8x25[116] (clocked by clk) and u_booth_simd_pipe_dsp/conv_blk0_reg_reg[49]/D (clocked by clk). Large setup violations at the end of those stages might be difficult to fix during the post-placement implementation flow and could be the result of non-optimal XDC constraints or non-optimal design architecture
Related violations: <none>

TIMING-16#145 Warning
Large setup violation  
There is a large setup violation of -2.826 ns between img_flat_u8x25[80] (clocked by clk) and u_booth_simd_pipe_dsp/conv_blk0_reg_reg[67]/D (clocked by clk). Large setup violations at the end of those stages might be difficult to fix during the post-placement implementation flow and could be the result of non-optimal XDC constraints or non-optimal design architecture
Related violations: <none>

TIMING-16#146 Warning
Large setup violation  
There is a large setup violation of -2.830 ns between img_flat_u8x25[116] (clocked by clk) and u_booth_simd_pipe_dsp/conv_blk0_reg_reg[51]/D (clocked by clk). Large setup violations at the end of those stages might be difficult to fix during the post-placement implementation flow and could be the result of non-optimal XDC constraints or non-optimal design architecture
Related violations: <none>

TIMING-16#147 Warning
Large setup violation  
There is a large setup violation of -2.836 ns between img_flat_u8x25[137] (clocked by clk) and u_booth_simd_pipe_dsp/conv_blk1_reg_reg[4]/D (clocked by clk). Large setup violations at the end of those stages might be difficult to fix during the post-placement implementation flow and could be the result of non-optimal XDC constraints or non-optimal design architecture
Related violations: <none>

TIMING-16#148 Warning
Large setup violation  
There is a large setup violation of -2.836 ns between ker_flat_s8x9[36] (clocked by clk) and u_booth_simd_pipe_dsp/conv_blk1_reg_reg[70]/D (clocked by clk). Large setup violations at the end of those stages might be difficult to fix during the post-placement implementation flow and could be the result of non-optimal XDC constraints or non-optimal design architecture
Related violations: <none>

TIMING-16#149 Warning
Large setup violation  
There is a large setup violation of -2.838 ns between ker_flat_s8x9[25] (clocked by clk) and u_booth_simd_pipe_dsp/conv_blk2_reg_reg[8]/D (clocked by clk). Large setup violations at the end of those stages might be difficult to fix during the post-placement implementation flow and could be the result of non-optimal XDC constraints or non-optimal design architecture
Related violations: <none>

TIMING-16#150 Warning
Large setup violation  
There is a large setup violation of -2.842 ns between img_flat_u8x25[80] (clocked by clk) and u_booth_simd_pipe_dsp/conv_blk0_reg_reg[68]/D (clocked by clk). Large setup violations at the end of those stages might be difficult to fix during the post-placement implementation flow and could be the result of non-optimal XDC constraints or non-optimal design architecture
Related violations: <none>

TIMING-16#151 Warning
Large setup violation  
There is a large setup violation of -2.846 ns between img_flat_u8x25[116] (clocked by clk) and u_booth_simd_pipe_dsp/conv_blk0_reg_reg[52]/D (clocked by clk). Large setup violations at the end of those stages might be difficult to fix during the post-placement implementation flow and could be the result of non-optimal XDC constraints or non-optimal design architecture
Related violations: <none>

TIMING-16#152 Warning
Large setup violation  
There is a large setup violation of -2.847 ns between img_flat_u8x25[13] (clocked by clk) and u_booth_simd_pipe_dsp/conv_blk0_reg_reg[28]/D (clocked by clk). Large setup violations at the end of those stages might be difficult to fix during the post-placement implementation flow and could be the result of non-optimal XDC constraints or non-optimal design architecture
Related violations: <none>

TIMING-16#153 Warning
Large setup violation  
There is a large setup violation of -2.855 ns between img_flat_u8x25[137] (clocked by clk) and u_booth_simd_pipe_dsp/conv_blk1_reg_reg[6]/D (clocked by clk). Large setup violations at the end of those stages might be difficult to fix during the post-placement implementation flow and could be the result of non-optimal XDC constraints or non-optimal design architecture
Related violations: <none>

TIMING-16#154 Warning
Large setup violation  
There is a large setup violation of -2.857 ns between ker_flat_s8x9[25] (clocked by clk) and u_booth_simd_pipe_dsp/conv_blk2_reg_reg[10]/D (clocked by clk). Large setup violations at the end of those stages might be difficult to fix during the post-placement implementation flow and could be the result of non-optimal XDC constraints or non-optimal design architecture
Related violations: <none>

TIMING-16#155 Warning
Large setup violation  
There is a large setup violation of -2.863 ns between img_flat_u8x25[80] (clocked by clk) and u_booth_simd_pipe_dsp/conv_blk0_reg_reg[70]/D (clocked by clk). Large setup violations at the end of those stages might be difficult to fix during the post-placement implementation flow and could be the result of non-optimal XDC constraints or non-optimal design architecture
Related violations: <none>

TIMING-16#156 Warning
Large setup violation  
There is a large setup violation of -2.866 ns between img_flat_u8x25[13] (clocked by clk) and u_booth_simd_pipe_dsp/conv_blk0_reg_reg[30]/D (clocked by clk). Large setup violations at the end of those stages might be difficult to fix during the post-placement implementation flow and could be the result of non-optimal XDC constraints or non-optimal design architecture
Related violations: <none>

TIMING-16#157 Warning
Large setup violation  
There is a large setup violation of -2.867 ns between img_flat_u8x25[116] (clocked by clk) and u_booth_simd_pipe_dsp/conv_blk0_reg_reg[54]/D (clocked by clk). Large setup violations at the end of those stages might be difficult to fix during the post-placement implementation flow and could be the result of non-optimal XDC constraints or non-optimal design architecture
Related violations: <none>

TIMING-16#158 Warning
Large setup violation  
There is a large setup violation of -2.885 ns between img_flat_u8x25[93] (clocked by clk) and u_booth_simd_pipe_dsp/conv_blk1_reg_reg[50]/D (clocked by clk). Large setup violations at the end of those stages might be difficult to fix during the post-placement implementation flow and could be the result of non-optimal XDC constraints or non-optimal design architecture
Related violations: <none>

TIMING-16#159 Warning
Large setup violation  
There is a large setup violation of -2.896 ns between ker_flat_s8x9[36] (clocked by clk) and u_booth_simd_pipe_dsp/conv_blk1_reg_reg[71]/D (clocked by clk). Large setup violations at the end of those stages might be difficult to fix during the post-placement implementation flow and could be the result of non-optimal XDC constraints or non-optimal design architecture
Related violations: <none>

TIMING-16#160 Warning
Large setup violation  
There is a large setup violation of -2.901 ns between ker_flat_s8x9[36] (clocked by clk) and u_booth_simd_pipe_dsp/conv_blk1_reg_reg[69]/D (clocked by clk). Large setup violations at the end of those stages might be difficult to fix during the post-placement implementation flow and could be the result of non-optimal XDC constraints or non-optimal design architecture
Related violations: <none>

TIMING-16#161 Warning
Large setup violation  
There is a large setup violation of -2.904 ns between img_flat_u8x25[107] (clocked by clk) and u_booth_simd_pipe_dsp/conv_blk1_reg_reg[30]/D (clocked by clk). Large setup violations at the end of those stages might be difficult to fix during the post-placement implementation flow and could be the result of non-optimal XDC constraints or non-optimal design architecture
Related violations: <none>

TIMING-16#162 Warning
Large setup violation  
There is a large setup violation of -2.905 ns between img_flat_u8x25[95] (clocked by clk) and u_booth_simd_pipe_dsp/conv_blk0_reg_reg[12]/D (clocked by clk). Large setup violations at the end of those stages might be difficult to fix during the post-placement implementation flow and could be the result of non-optimal XDC constraints or non-optimal design architecture
Related violations: <none>

TIMING-16#163 Warning
Large setup violation  
There is a large setup violation of -2.915 ns between img_flat_u8x25[137] (clocked by clk) and u_booth_simd_pipe_dsp/conv_blk1_reg_reg[7]/D (clocked by clk). Large setup violations at the end of those stages might be difficult to fix during the post-placement implementation flow and could be the result of non-optimal XDC constraints or non-optimal design architecture
Related violations: <none>

TIMING-16#164 Warning
Large setup violation  
There is a large setup violation of -2.917 ns between ker_flat_s8x9[25] (clocked by clk) and u_booth_simd_pipe_dsp/conv_blk2_reg_reg[11]/D (clocked by clk). Large setup violations at the end of those stages might be difficult to fix during the post-placement implementation flow and could be the result of non-optimal XDC constraints or non-optimal design architecture
Related violations: <none>

TIMING-16#165 Warning
Large setup violation  
There is a large setup violation of -2.920 ns between img_flat_u8x25[137] (clocked by clk) and u_booth_simd_pipe_dsp/conv_blk1_reg_reg[5]/D (clocked by clk). Large setup violations at the end of those stages might be difficult to fix during the post-placement implementation flow and could be the result of non-optimal XDC constraints or non-optimal design architecture
Related violations: <none>

TIMING-16#166 Warning
Large setup violation  
There is a large setup violation of -2.921 ns between img_flat_u8x25[80] (clocked by clk) and u_booth_simd_pipe_dsp/conv_blk0_reg_reg[69]/D (clocked by clk). Large setup violations at the end of those stages might be difficult to fix during the post-placement implementation flow and could be the result of non-optimal XDC constraints or non-optimal design architecture
Related violations: <none>

TIMING-16#167 Warning
Large setup violation  
There is a large setup violation of -2.922 ns between ker_flat_s8x9[25] (clocked by clk) and u_booth_simd_pipe_dsp/conv_blk2_reg_reg[9]/D (clocked by clk). Large setup violations at the end of those stages might be difficult to fix during the post-placement implementation flow and could be the result of non-optimal XDC constraints or non-optimal design architecture
Related violations: <none>

TIMING-16#168 Warning
Large setup violation  
There is a large setup violation of -2.925 ns between img_flat_u8x25[116] (clocked by clk) and u_booth_simd_pipe_dsp/conv_blk0_reg_reg[53]/D (clocked by clk). Large setup violations at the end of those stages might be difficult to fix during the post-placement implementation flow and could be the result of non-optimal XDC constraints or non-optimal design architecture
Related violations: <none>

TIMING-16#169 Warning
Large setup violation  
There is a large setup violation of -2.926 ns between img_flat_u8x25[13] (clocked by clk) and u_booth_simd_pipe_dsp/conv_blk0_reg_reg[31]/D (clocked by clk). Large setup violations at the end of those stages might be difficult to fix during the post-placement implementation flow and could be the result of non-optimal XDC constraints or non-optimal design architecture
Related violations: <none>

TIMING-16#170 Warning
Large setup violation  
There is a large setup violation of -2.926 ns between img_flat_u8x25[80] (clocked by clk) and u_booth_simd_pipe_dsp/conv_blk0_reg_reg[71]/D (clocked by clk). Large setup violations at the end of those stages might be difficult to fix during the post-placement implementation flow and could be the result of non-optimal XDC constraints or non-optimal design architecture
Related violations: <none>

TIMING-16#171 Warning
Large setup violation  
There is a large setup violation of -2.926 ns between img_flat_u8x25[95] (clocked by clk) and u_booth_simd_pipe_dsp/conv_blk0_reg_reg[14]/D (clocked by clk). Large setup violations at the end of those stages might be difficult to fix during the post-placement implementation flow and could be the result of non-optimal XDC constraints or non-optimal design architecture
Related violations: <none>

TIMING-16#172 Warning
Large setup violation  
There is a large setup violation of -2.930 ns between img_flat_u8x25[116] (clocked by clk) and u_booth_simd_pipe_dsp/conv_blk0_reg_reg[55]/D (clocked by clk). Large setup violations at the end of those stages might be difficult to fix during the post-placement implementation flow and could be the result of non-optimal XDC constraints or non-optimal design architecture
Related violations: <none>

TIMING-16#173 Warning
Large setup violation  
There is a large setup violation of -2.931 ns between img_flat_u8x25[13] (clocked by clk) and u_booth_simd_pipe_dsp/conv_blk0_reg_reg[29]/D (clocked by clk). Large setup violations at the end of those stages might be difficult to fix during the post-placement implementation flow and could be the result of non-optimal XDC constraints or non-optimal design architecture
Related violations: <none>

TIMING-16#174 Warning
Large setup violation  
There is a large setup violation of -2.938 ns between img_flat_u8x25[93] (clocked by clk) and u_booth_simd_pipe_dsp/conv_blk1_reg_reg[51]/D (clocked by clk). Large setup violations at the end of those stages might be difficult to fix during the post-placement implementation flow and could be the result of non-optimal XDC constraints or non-optimal design architecture
Related violations: <none>

TIMING-16#175 Warning
Large setup violation  
There is a large setup violation of -2.947 ns between img_flat_u8x25[116] (clocked by clk) and u_booth_simd_pipe_dsp/conv_blk0_reg_reg[56]/D (clocked by clk). Large setup violations at the end of those stages might be difficult to fix during the post-placement implementation flow and could be the result of non-optimal XDC constraints or non-optimal design architecture
Related violations: <none>

TIMING-16#176 Warning
Large setup violation  
There is a large setup violation of -2.958 ns between img_flat_u8x25[107] (clocked by clk) and u_booth_simd_pipe_dsp/conv_blk1_reg_reg[31]/D (clocked by clk). Large setup violations at the end of those stages might be difficult to fix during the post-placement implementation flow and could be the result of non-optimal XDC constraints or non-optimal design architecture
Related violations: <none>

TIMING-16#177 Warning
Large setup violation  
There is a large setup violation of -2.968 ns between img_flat_u8x25[116] (clocked by clk) and u_booth_simd_pipe_dsp/conv_blk0_reg_reg[58]/D (clocked by clk). Large setup violations at the end of those stages might be difficult to fix during the post-placement implementation flow and could be the result of non-optimal XDC constraints or non-optimal design architecture
Related violations: <none>

TIMING-16#178 Warning
Large setup violation  
There is a large setup violation of -2.974 ns between ker_flat_s8x9[36] (clocked by clk) and u_booth_simd_pipe_dsp/conv_blk1_reg_reg[72]/D (clocked by clk). Large setup violations at the end of those stages might be difficult to fix during the post-placement implementation flow and could be the result of non-optimal XDC constraints or non-optimal design architecture
Related violations: <none>

TIMING-16#179 Warning
Large setup violation  
There is a large setup violation of -2.976 ns between ker_flat_s8x9[39] (clocked by clk) and u_booth_simd_pipe_dsp/conv_blk1_reg_reg[8]/D (clocked by clk). Large setup violations at the end of those stages might be difficult to fix during the post-placement implementation flow and could be the result of non-optimal XDC constraints or non-optimal design architecture
Related violations: <none>

TIMING-16#180 Warning
Large setup violation  
There is a large setup violation of -2.978 ns between ker_flat_s8x9[3] (clocked by clk) and u_booth_simd_pipe_dsp/conv_blk2_reg_reg[12]/D (clocked by clk). Large setup violations at the end of those stages might be difficult to fix during the post-placement implementation flow and could be the result of non-optimal XDC constraints or non-optimal design architecture
Related violations: <none>

TIMING-16#181 Warning
Large setup violation  
There is a large setup violation of -2.984 ns between img_flat_u8x25[95] (clocked by clk) and u_booth_simd_pipe_dsp/conv_blk0_reg_reg[13]/D (clocked by clk). Large setup violations at the end of those stages might be difficult to fix during the post-placement implementation flow and could be the result of non-optimal XDC constraints or non-optimal design architecture
Related violations: <none>

TIMING-16#182 Warning
Large setup violation  
There is a large setup violation of -2.989 ns between img_flat_u8x25[95] (clocked by clk) and u_booth_simd_pipe_dsp/conv_blk0_reg_reg[15]/D (clocked by clk). Large setup violations at the end of those stages might be difficult to fix during the post-placement implementation flow and could be the result of non-optimal XDC constraints or non-optimal design architecture
Related violations: <none>

TIMING-16#183 Warning
Large setup violation  
There is a large setup violation of -2.993 ns between ker_flat_s8x9[36] (clocked by clk) and u_booth_simd_pipe_dsp/conv_blk1_reg_reg[74]/D (clocked by clk). Large setup violations at the end of those stages might be difficult to fix during the post-placement implementation flow and could be the result of non-optimal XDC constraints or non-optimal design architecture
Related violations: <none>

TIMING-16#184 Warning
Large setup violation  
There is a large setup violation of -2.995 ns between ker_flat_s8x9[39] (clocked by clk) and u_booth_simd_pipe_dsp/conv_blk1_reg_reg[10]/D (clocked by clk). Large setup violations at the end of those stages might be difficult to fix during the post-placement implementation flow and could be the result of non-optimal XDC constraints or non-optimal design architecture
Related violations: <none>

TIMING-16#185 Warning
Large setup violation  
There is a large setup violation of -2.997 ns between ker_flat_s8x9[3] (clocked by clk) and u_booth_simd_pipe_dsp/conv_blk2_reg_reg[14]/D (clocked by clk). Large setup violations at the end of those stages might be difficult to fix during the post-placement implementation flow and could be the result of non-optimal XDC constraints or non-optimal design architecture
Related violations: <none>

TIMING-16#186 Warning
Large setup violation  
There is a large setup violation of -3.006 ns between img_flat_u8x25[95] (clocked by clk) and u_booth_simd_pipe_dsp/conv_blk0_reg_reg[16]/D (clocked by clk). Large setup violations at the end of those stages might be difficult to fix during the post-placement implementation flow and could be the result of non-optimal XDC constraints or non-optimal design architecture
Related violations: <none>

TIMING-16#187 Warning
Large setup violation  
There is a large setup violation of -3.019 ns between ker_flat_s8x9[15] (clocked by clk) and u_booth_simd_pipe_dsp/conv_blk0_reg_reg[32]/D (clocked by clk). Large setup violations at the end of those stages might be difficult to fix during the post-placement implementation flow and could be the result of non-optimal XDC constraints or non-optimal design architecture
Related violations: <none>

TIMING-16#188 Warning
Large setup violation  
There is a large setup violation of -3.026 ns between img_flat_u8x25[116] (clocked by clk) and u_booth_simd_pipe_dsp/conv_blk0_reg_reg[57]/D (clocked by clk). Large setup violations at the end of those stages might be difficult to fix during the post-placement implementation flow and could be the result of non-optimal XDC constraints or non-optimal design architecture
Related violations: <none>

TIMING-16#189 Warning
Large setup violation  
There is a large setup violation of -3.027 ns between img_flat_u8x25[95] (clocked by clk) and u_booth_simd_pipe_dsp/conv_blk0_reg_reg[18]/D (clocked by clk). Large setup violations at the end of those stages might be difficult to fix during the post-placement implementation flow and could be the result of non-optimal XDC constraints or non-optimal design architecture
Related violations: <none>

TIMING-16#190 Warning
Large setup violation  
There is a large setup violation of -3.038 ns between ker_flat_s8x9[15] (clocked by clk) and u_booth_simd_pipe_dsp/conv_blk0_reg_reg[34]/D (clocked by clk). Large setup violations at the end of those stages might be difficult to fix during the post-placement implementation flow and could be the result of non-optimal XDC constraints or non-optimal design architecture
Related violations: <none>

TIMING-16#191 Warning
Large setup violation  
There is a large setup violation of -3.041 ns between img_flat_u8x25[93] (clocked by clk) and u_booth_simd_pipe_dsp/conv_blk1_reg_reg[52]/D (clocked by clk). Large setup violations at the end of those stages might be difficult to fix during the post-placement implementation flow and could be the result of non-optimal XDC constraints or non-optimal design architecture
Related violations: <none>

TIMING-16#192 Warning
Large setup violation  
There is a large setup violation of -3.051 ns between img_flat_u8x25[63] (clocked by clk) and u_booth_simd_pipe_dsp/conv_blk1_reg_reg[32]/D (clocked by clk). Large setup violations at the end of those stages might be difficult to fix during the post-placement implementation flow and could be the result of non-optimal XDC constraints or non-optimal design architecture
Related violations: <none>

TIMING-16#193 Warning
Large setup violation  
There is a large setup violation of -3.053 ns between ker_flat_s8x9[36] (clocked by clk) and u_booth_simd_pipe_dsp/conv_blk1_reg_reg[75]/D (clocked by clk). Large setup violations at the end of those stages might be difficult to fix during the post-placement implementation flow and could be the result of non-optimal XDC constraints or non-optimal design architecture
Related violations: <none>

TIMING-16#194 Warning
Large setup violation  
There is a large setup violation of -3.055 ns between ker_flat_s8x9[39] (clocked by clk) and u_booth_simd_pipe_dsp/conv_blk1_reg_reg[11]/D (clocked by clk). Large setup violations at the end of those stages might be difficult to fix during the post-placement implementation flow and could be the result of non-optimal XDC constraints or non-optimal design architecture
Related violations: <none>

TIMING-16#195 Warning
Large setup violation  
There is a large setup violation of -3.057 ns between ker_flat_s8x9[3] (clocked by clk) and u_booth_simd_pipe_dsp/conv_blk2_reg_reg[15]/D (clocked by clk). Large setup violations at the end of those stages might be difficult to fix during the post-placement implementation flow and could be the result of non-optimal XDC constraints or non-optimal design architecture
Related violations: <none>

TIMING-16#196 Warning
Large setup violation  
There is a large setup violation of -3.058 ns between ker_flat_s8x9[36] (clocked by clk) and u_booth_simd_pipe_dsp/conv_blk1_reg_reg[73]/D (clocked by clk). Large setup violations at the end of those stages might be difficult to fix during the post-placement implementation flow and could be the result of non-optimal XDC constraints or non-optimal design architecture
Related violations: <none>

TIMING-16#197 Warning
Large setup violation  
There is a large setup violation of -3.060 ns between ker_flat_s8x9[39] (clocked by clk) and u_booth_simd_pipe_dsp/conv_blk1_reg_reg[9]/D (clocked by clk). Large setup violations at the end of those stages might be difficult to fix during the post-placement implementation flow and could be the result of non-optimal XDC constraints or non-optimal design architecture
Related violations: <none>

TIMING-16#198 Warning
Large setup violation  
There is a large setup violation of -3.062 ns between img_flat_u8x25[93] (clocked by clk) and u_booth_simd_pipe_dsp/conv_blk1_reg_reg[54]/D (clocked by clk). Large setup violations at the end of those stages might be difficult to fix during the post-placement implementation flow and could be the result of non-optimal XDC constraints or non-optimal design architecture
Related violations: <none>

TIMING-16#199 Warning
Large setup violation  
There is a large setup violation of -3.062 ns between ker_flat_s8x9[3] (clocked by clk) and u_booth_simd_pipe_dsp/conv_blk2_reg_reg[13]/D (clocked by clk). Large setup violations at the end of those stages might be difficult to fix during the post-placement implementation flow and could be the result of non-optimal XDC constraints or non-optimal design architecture
Related violations: <none>

TIMING-16#200 Warning
Large setup violation  
There is a large setup violation of -3.072 ns between img_flat_u8x25[63] (clocked by clk) and u_booth_simd_pipe_dsp/conv_blk1_reg_reg[34]/D (clocked by clk). Large setup violations at the end of those stages might be difficult to fix during the post-placement implementation flow and could be the result of non-optimal XDC constraints or non-optimal design architecture
Related violations: <none>

TIMING-16#201 Warning
Large setup violation  
There is a large setup violation of -3.075 ns between ker_flat_s8x9[3] (clocked by clk) and u_booth_simd_pipe_dsp/conv_blk2_reg_reg[16]/D (clocked by clk). Large setup violations at the end of those stages might be difficult to fix during the post-placement implementation flow and could be the result of non-optimal XDC constraints or non-optimal design architecture
Related violations: <none>

TIMING-16#202 Warning
Large setup violation  
There is a large setup violation of -3.076 ns between img_flat_u8x25[52] (clocked by clk) and u_booth_simd_pipe_dsp/conv_blk0_reg_reg[72]/D (clocked by clk). Large setup violations at the end of those stages might be difficult to fix during the post-placement implementation flow and could be the result of non-optimal XDC constraints or non-optimal design architecture
Related violations: <none>

TIMING-16#203 Warning
Large setup violation  
There is a large setup violation of -3.083 ns between ker_flat_s8x9[39] (clocked by clk) and u_booth_simd_pipe_dsp/conv_blk1_reg_reg[12]/D (clocked by clk). Large setup violations at the end of those stages might be difficult to fix during the post-placement implementation flow and could be the result of non-optimal XDC constraints or non-optimal design architecture
Related violations: <none>

TIMING-16#204 Warning
Large setup violation  
There is a large setup violation of -3.085 ns between img_flat_u8x25[95] (clocked by clk) and u_booth_simd_pipe_dsp/conv_blk0_reg_reg[17]/D (clocked by clk). Large setup violations at the end of those stages might be difficult to fix during the post-placement implementation flow and could be the result of non-optimal XDC constraints or non-optimal design architecture
Related violations: <none>

TIMING-16#205 Warning
Large setup violation  
There is a large setup violation of -3.090 ns between img_flat_u8x25[95] (clocked by clk) and u_booth_simd_pipe_dsp/conv_blk0_reg_reg[19]/D (clocked by clk). Large setup violations at the end of those stages might be difficult to fix during the post-placement implementation flow and could be the result of non-optimal XDC constraints or non-optimal design architecture
Related violations: <none>

TIMING-16#206 Warning
Large setup violation  
There is a large setup violation of -3.094 ns between ker_flat_s8x9[3] (clocked by clk) and u_booth_simd_pipe_dsp/conv_blk2_reg_reg[18]/D (clocked by clk). Large setup violations at the end of those stages might be difficult to fix during the post-placement implementation flow and could be the result of non-optimal XDC constraints or non-optimal design architecture
Related violations: <none>

TIMING-16#207 Warning
Large setup violation  
There is a large setup violation of -3.097 ns between img_flat_u8x25[52] (clocked by clk) and u_booth_simd_pipe_dsp/conv_blk0_reg_reg[74]/D (clocked by clk). Large setup violations at the end of those stages might be difficult to fix during the post-placement implementation flow and could be the result of non-optimal XDC constraints or non-optimal design architecture
Related violations: <none>

TIMING-16#208 Warning
Large setup violation  
There is a large setup violation of -3.098 ns between ker_flat_s8x9[15] (clocked by clk) and u_booth_simd_pipe_dsp/conv_blk0_reg_reg[35]/D (clocked by clk). Large setup violations at the end of those stages might be difficult to fix during the post-placement implementation flow and could be the result of non-optimal XDC constraints or non-optimal design architecture
Related violations: <none>

TIMING-16#209 Warning
Large setup violation  
There is a large setup violation of -3.102 ns between ker_flat_s8x9[39] (clocked by clk) and u_booth_simd_pipe_dsp/conv_blk1_reg_reg[14]/D (clocked by clk). Large setup violations at the end of those stages might be difficult to fix during the post-placement implementation flow and could be the result of non-optimal XDC constraints or non-optimal design architecture
Related violations: <none>

TIMING-16#210 Warning
Large setup violation  
There is a large setup violation of -3.103 ns between ker_flat_s8x9[15] (clocked by clk) and u_booth_simd_pipe_dsp/conv_blk0_reg_reg[33]/D (clocked by clk). Large setup violations at the end of those stages might be difficult to fix during the post-placement implementation flow and could be the result of non-optimal XDC constraints or non-optimal design architecture
Related violations: <none>

TIMING-16#211 Warning
Large setup violation  
There is a large setup violation of -3.117 ns between img_flat_u8x25[98] (clocked by clk) and u_booth_simd_pipe_dsp/conv_blk1_reg_reg[76]/D (clocked by clk). Large setup violations at the end of those stages might be difficult to fix during the post-placement implementation flow and could be the result of non-optimal XDC constraints or non-optimal design architecture
Related violations: <none>

TIMING-16#212 Warning
Large setup violation  
There is a large setup violation of -3.118 ns between ker_flat_s8x9[15] (clocked by clk) and u_booth_simd_pipe_dsp/conv_blk0_reg_reg[36]/D (clocked by clk). Large setup violations at the end of those stages might be difficult to fix during the post-placement implementation flow and could be the result of non-optimal XDC constraints or non-optimal design architecture
Related violations: <none>

TIMING-16#213 Warning
Large setup violation  
There is a large setup violation of -3.120 ns between img_flat_u8x25[93] (clocked by clk) and u_booth_simd_pipe_dsp/conv_blk1_reg_reg[53]/D (clocked by clk). Large setup violations at the end of those stages might be difficult to fix during the post-placement implementation flow and could be the result of non-optimal XDC constraints or non-optimal design architecture
Related violations: <none>

TIMING-16#214 Warning
Large setup violation  
There is a large setup violation of -3.125 ns between img_flat_u8x25[93] (clocked by clk) and u_booth_simd_pipe_dsp/conv_blk1_reg_reg[55]/D (clocked by clk). Large setup violations at the end of those stages might be difficult to fix during the post-placement implementation flow and could be the result of non-optimal XDC constraints or non-optimal design architecture
Related violations: <none>

TIMING-16#215 Warning
Large setup violation  
There is a large setup violation of -3.130 ns between img_flat_u8x25[63] (clocked by clk) and u_booth_simd_pipe_dsp/conv_blk1_reg_reg[33]/D (clocked by clk). Large setup violations at the end of those stages might be difficult to fix during the post-placement implementation flow and could be the result of non-optimal XDC constraints or non-optimal design architecture
Related violations: <none>

TIMING-16#216 Warning
Large setup violation  
There is a large setup violation of -3.135 ns between img_flat_u8x25[63] (clocked by clk) and u_booth_simd_pipe_dsp/conv_blk1_reg_reg[35]/D (clocked by clk). Large setup violations at the end of those stages might be difficult to fix during the post-placement implementation flow and could be the result of non-optimal XDC constraints or non-optimal design architecture
Related violations: <none>

TIMING-16#217 Warning
Large setup violation  
There is a large setup violation of -3.136 ns between img_flat_u8x25[98] (clocked by clk) and u_booth_simd_pipe_dsp/conv_blk1_reg_reg[78]/D (clocked by clk). Large setup violations at the end of those stages might be difficult to fix during the post-placement implementation flow and could be the result of non-optimal XDC constraints or non-optimal design architecture
Related violations: <none>

TIMING-16#218 Warning
Large setup violation  
There is a large setup violation of -3.137 ns between ker_flat_s8x9[15] (clocked by clk) and u_booth_simd_pipe_dsp/conv_blk0_reg_reg[38]/D (clocked by clk). Large setup violations at the end of those stages might be difficult to fix during the post-placement implementation flow and could be the result of non-optimal XDC constraints or non-optimal design architecture
Related violations: <none>

TIMING-16#219 Warning
Large setup violation  
There is a large setup violation of -3.140 ns between img_flat_u8x25[93] (clocked by clk) and u_booth_simd_pipe_dsp/conv_blk1_reg_reg[56]/D (clocked by clk). Large setup violations at the end of those stages might be difficult to fix during the post-placement implementation flow and could be the result of non-optimal XDC constraints or non-optimal design architecture
Related violations: <none>

TIMING-16#220 Warning
Large setup violation  
There is a large setup violation of -3.150 ns between img_flat_u8x25[63] (clocked by clk) and u_booth_simd_pipe_dsp/conv_blk1_reg_reg[36]/D (clocked by clk). Large setup violations at the end of those stages might be difficult to fix during the post-placement implementation flow and could be the result of non-optimal XDC constraints or non-optimal design architecture
Related violations: <none>

TIMING-16#221 Warning
Large setup violation  
There is a large setup violation of -3.154 ns between ker_flat_s8x9[3] (clocked by clk) and u_booth_simd_pipe_dsp/conv_blk2_reg_reg[19]/D (clocked by clk). Large setup violations at the end of those stages might be difficult to fix during the post-placement implementation flow and could be the result of non-optimal XDC constraints or non-optimal design architecture
Related violations: <none>

TIMING-16#222 Warning
Large setup violation  
There is a large setup violation of -3.155 ns between img_flat_u8x25[52] (clocked by clk) and u_booth_simd_pipe_dsp/conv_blk0_reg_reg[73]/D (clocked by clk). Large setup violations at the end of those stages might be difficult to fix during the post-placement implementation flow and could be the result of non-optimal XDC constraints or non-optimal design architecture
Related violations: <none>

TIMING-16#223 Warning
Large setup violation  
There is a large setup violation of -3.159 ns between ker_flat_s8x9[3] (clocked by clk) and u_booth_simd_pipe_dsp/conv_blk2_reg_reg[17]/D (clocked by clk). Large setup violations at the end of those stages might be difficult to fix during the post-placement implementation flow and could be the result of non-optimal XDC constraints or non-optimal design architecture
Related violations: <none>

TIMING-16#224 Warning
Large setup violation  
There is a large setup violation of -3.160 ns between img_flat_u8x25[52] (clocked by clk) and u_booth_simd_pipe_dsp/conv_blk0_reg_reg[75]/D (clocked by clk). Large setup violations at the end of those stages might be difficult to fix during the post-placement implementation flow and could be the result of non-optimal XDC constraints or non-optimal design architecture
Related violations: <none>

TIMING-16#225 Warning
Large setup violation  
There is a large setup violation of -3.161 ns between img_flat_u8x25[93] (clocked by clk) and u_booth_simd_pipe_dsp/conv_blk1_reg_reg[58]/D (clocked by clk). Large setup violations at the end of those stages might be difficult to fix during the post-placement implementation flow and could be the result of non-optimal XDC constraints or non-optimal design architecture
Related violations: <none>

TIMING-16#226 Warning
Large setup violation  
There is a large setup violation of -3.162 ns between ker_flat_s8x9[39] (clocked by clk) and u_booth_simd_pipe_dsp/conv_blk1_reg_reg[15]/D (clocked by clk). Large setup violations at the end of those stages might be difficult to fix during the post-placement implementation flow and could be the result of non-optimal XDC constraints or non-optimal design architecture
Related violations: <none>

TIMING-16#227 Warning
Large setup violation  
There is a large setup violation of -3.167 ns between ker_flat_s8x9[39] (clocked by clk) and u_booth_simd_pipe_dsp/conv_blk1_reg_reg[13]/D (clocked by clk). Large setup violations at the end of those stages might be difficult to fix during the post-placement implementation flow and could be the result of non-optimal XDC constraints or non-optimal design architecture
Related violations: <none>

TIMING-16#228 Warning
Large setup violation  
There is a large setup violation of -3.171 ns between img_flat_u8x25[63] (clocked by clk) and u_booth_simd_pipe_dsp/conv_blk1_reg_reg[38]/D (clocked by clk). Large setup violations at the end of those stages might be difficult to fix during the post-placement implementation flow and could be the result of non-optimal XDC constraints or non-optimal design architecture
Related violations: <none>

TIMING-16#229 Warning
Large setup violation  
There is a large setup violation of -3.177 ns between img_flat_u8x25[52] (clocked by clk) and u_booth_simd_pipe_dsp/conv_blk0_reg_reg[76]/D (clocked by clk). Large setup violations at the end of those stages might be difficult to fix during the post-placement implementation flow and could be the result of non-optimal XDC constraints or non-optimal design architecture
Related violations: <none>

TIMING-16#230 Warning
Large setup violation  
There is a large setup violation of -3.178 ns between ker_flat_s8x9[36] (clocked by clk) and u_booth_simd_pipe_dsp/conv_blk0_reg_reg[59]/D (clocked by clk). Large setup violations at the end of those stages might be difficult to fix during the post-placement implementation flow and could be the result of non-optimal XDC constraints or non-optimal design architecture
Related violations: <none>

TIMING-16#231 Warning
Large setup violation  
There is a large setup violation of -3.196 ns between img_flat_u8x25[98] (clocked by clk) and u_booth_simd_pipe_dsp/conv_blk1_reg_reg[79]/D (clocked by clk). Large setup violations at the end of those stages might be difficult to fix during the post-placement implementation flow and could be the result of non-optimal XDC constraints or non-optimal design architecture
Related violations: <none>

TIMING-16#232 Warning
Large setup violation  
There is a large setup violation of -3.197 ns between ker_flat_s8x9[15] (clocked by clk) and u_booth_simd_pipe_dsp/conv_blk0_reg_reg[39]/D (clocked by clk). Large setup violations at the end of those stages might be difficult to fix during the post-placement implementation flow and could be the result of non-optimal XDC constraints or non-optimal design architecture
Related violations: <none>

TIMING-16#233 Warning
Large setup violation  
There is a large setup violation of -3.198 ns between img_flat_u8x25[52] (clocked by clk) and u_booth_simd_pipe_dsp/conv_blk0_reg_reg[78]/D (clocked by clk). Large setup violations at the end of those stages might be difficult to fix during the post-placement implementation flow and could be the result of non-optimal XDC constraints or non-optimal design architecture
Related violations: <none>

TIMING-16#234 Warning
Large setup violation  
There is a large setup violation of -3.201 ns between img_flat_u8x25[98] (clocked by clk) and u_booth_simd_pipe_dsp/conv_blk1_reg_reg[77]/D (clocked by clk). Large setup violations at the end of those stages might be difficult to fix during the post-placement implementation flow and could be the result of non-optimal XDC constraints or non-optimal design architecture
Related violations: <none>

TIMING-16#235 Warning
Large setup violation  
There is a large setup violation of -3.202 ns between ker_flat_s8x9[15] (clocked by clk) and u_booth_simd_pipe_dsp/conv_blk0_reg_reg[37]/D (clocked by clk). Large setup violations at the end of those stages might be difficult to fix during the post-placement implementation flow and could be the result of non-optimal XDC constraints or non-optimal design architecture
Related violations: <none>

TIMING-16#236 Warning
Large setup violation  
There is a large setup violation of -3.219 ns between img_flat_u8x25[93] (clocked by clk) and u_booth_simd_pipe_dsp/conv_blk1_reg_reg[57]/D (clocked by clk). Large setup violations at the end of those stages might be difficult to fix during the post-placement implementation flow and could be the result of non-optimal XDC constraints or non-optimal design architecture
Related violations: <none>

TIMING-16#237 Warning
Large setup violation  
There is a large setup violation of -3.224 ns between img_flat_u8x25[93] (clocked by clk) and u_booth_simd_pipe_dsp/conv_blk1_reg_reg[59]/D (clocked by clk). Large setup violations at the end of those stages might be difficult to fix during the post-placement implementation flow and could be the result of non-optimal XDC constraints or non-optimal design architecture
Related violations: <none>

TIMING-16#238 Warning
Large setup violation  
There is a large setup violation of -3.229 ns between img_flat_u8x25[63] (clocked by clk) and u_booth_simd_pipe_dsp/conv_blk1_reg_reg[37]/D (clocked by clk). Large setup violations at the end of those stages might be difficult to fix during the post-placement implementation flow and could be the result of non-optimal XDC constraints or non-optimal design architecture
Related violations: <none>

TIMING-16#239 Warning
Large setup violation  
There is a large setup violation of -3.234 ns between img_flat_u8x25[63] (clocked by clk) and u_booth_simd_pipe_dsp/conv_blk1_reg_reg[39]/D (clocked by clk). Large setup violations at the end of those stages might be difficult to fix during the post-placement implementation flow and could be the result of non-optimal XDC constraints or non-optimal design architecture
Related violations: <none>

TIMING-16#240 Warning
Large setup violation  
There is a large setup violation of -3.237 ns between ker_flat_s8x9[39] (clocked by clk) and u_booth_simd_pipe_dsp/conv_blk1_reg_reg[16]/D (clocked by clk). Large setup violations at the end of those stages might be difficult to fix during the post-placement implementation flow and could be the result of non-optimal XDC constraints or non-optimal design architecture
Related violations: <none>

TIMING-16#241 Warning
Large setup violation  
There is a large setup violation of -3.256 ns between img_flat_u8x25[52] (clocked by clk) and u_booth_simd_pipe_dsp/conv_blk0_reg_reg[77]/D (clocked by clk). Large setup violations at the end of those stages might be difficult to fix during the post-placement implementation flow and could be the result of non-optimal XDC constraints or non-optimal design architecture
Related violations: <none>

TIMING-16#242 Warning
Large setup violation  
There is a large setup violation of -3.256 ns between ker_flat_s8x9[39] (clocked by clk) and u_booth_simd_pipe_dsp/conv_blk1_reg_reg[18]/D (clocked by clk). Large setup violations at the end of those stages might be difficult to fix during the post-placement implementation flow and could be the result of non-optimal XDC constraints or non-optimal design architecture
Related violations: <none>

TIMING-16#243 Warning
Large setup violation  
There is a large setup violation of -3.261 ns between img_flat_u8x25[52] (clocked by clk) and u_booth_simd_pipe_dsp/conv_blk0_reg_reg[79]/D (clocked by clk). Large setup violations at the end of those stages might be difficult to fix during the post-placement implementation flow and could be the result of non-optimal XDC constraints or non-optimal design architecture
Related violations: <none>

TIMING-16#244 Warning
Large setup violation  
There is a large setup violation of -3.316 ns between ker_flat_s8x9[39] (clocked by clk) and u_booth_simd_pipe_dsp/conv_blk1_reg_reg[19]/D (clocked by clk). Large setup violations at the end of those stages might be difficult to fix during the post-placement implementation flow and could be the result of non-optimal XDC constraints or non-optimal design architecture
Related violations: <none>

TIMING-16#245 Warning
Large setup violation  
There is a large setup violation of -3.321 ns between ker_flat_s8x9[39] (clocked by clk) and u_booth_simd_pipe_dsp/conv_blk1_reg_reg[17]/D (clocked by clk). Large setup violations at the end of those stages might be difficult to fix during the post-placement implementation flow and could be the result of non-optimal XDC constraints or non-optimal design architecture
Related violations: <none>

TIMING-16#246 Warning
Large setup violation  
There is a large setup violation of -3.353 ns between u_booth_simd_pipe_dsp/out_flat_u8x4_reg[6]/C (clocked by clk) and out_flat_u8x4[6] (clocked by clk). Large setup violations at the end of those stages might be difficult to fix during the post-placement implementation flow and could be the result of non-optimal XDC constraints or non-optimal design architecture
Related violations: <none>

TIMING-16#247 Warning
Large setup violation  
There is a large setup violation of -3.357 ns between u_booth_simd_pipe_dsp/out_flat_u8x4_reg[4]/C (clocked by clk) and out_flat_u8x4[4] (clocked by clk). Large setup violations at the end of those stages might be difficult to fix during the post-placement implementation flow and could be the result of non-optimal XDC constraints or non-optimal design architecture
Related violations: <none>

TIMING-16#248 Warning
Large setup violation  
There is a large setup violation of -3.359 ns between u_booth_simd_pipe_dsp/out_flat_u8x4_reg[3]/C (clocked by clk) and out_flat_u8x4[3] (clocked by clk). Large setup violations at the end of those stages might be difficult to fix during the post-placement implementation flow and could be the result of non-optimal XDC constraints or non-optimal design architecture
Related violations: <none>

TIMING-16#249 Warning
Large setup violation  
There is a large setup violation of -3.362 ns between u_booth_simd_pipe_dsp/out_flat_u8x4_reg[11]/C (clocked by clk) and out_flat_u8x4[11] (clocked by clk). Large setup violations at the end of those stages might be difficult to fix during the post-placement implementation flow and could be the result of non-optimal XDC constraints or non-optimal design architecture
Related violations: <none>

TIMING-16#250 Warning
Large setup violation  
There is a large setup violation of -3.364 ns between u_booth_simd_pipe_dsp/out_flat_u8x4_reg[2]/C (clocked by clk) and out_flat_u8x4[2] (clocked by clk). Large setup violations at the end of those stages might be difficult to fix during the post-placement implementation flow and could be the result of non-optimal XDC constraints or non-optimal design architecture
Related violations: <none>

TIMING-16#251 Warning
Large setup violation  
There is a large setup violation of -3.368 ns between u_booth_simd_pipe_dsp/out_flat_u8x4_reg[23]/C (clocked by clk) and out_flat_u8x4[23] (clocked by clk). Large setup violations at the end of those stages might be difficult to fix during the post-placement implementation flow and could be the result of non-optimal XDC constraints or non-optimal design architecture
Related violations: <none>

TIMING-16#252 Warning
Large setup violation  
There is a large setup violation of -3.372 ns between u_booth_simd_pipe_dsp/out_flat_u8x4_reg[22]/C (clocked by clk) and out_flat_u8x4[22] (clocked by clk). Large setup violations at the end of those stages might be difficult to fix during the post-placement implementation flow and could be the result of non-optimal XDC constraints or non-optimal design architecture
Related violations: <none>

TIMING-16#253 Warning
Large setup violation  
There is a large setup violation of -3.375 ns between u_booth_simd_pipe_dsp/out_flat_u8x4_reg[10]/C (clocked by clk) and out_flat_u8x4[10] (clocked by clk). Large setup violations at the end of those stages might be difficult to fix during the post-placement implementation flow and could be the result of non-optimal XDC constraints or non-optimal design architecture
Related violations: <none>

TIMING-16#254 Warning
Large setup violation  
There is a large setup violation of -3.375 ns between u_booth_simd_pipe_dsp/out_flat_u8x4_reg[21]/C (clocked by clk) and out_flat_u8x4[21] (clocked by clk). Large setup violations at the end of those stages might be difficult to fix during the post-placement implementation flow and could be the result of non-optimal XDC constraints or non-optimal design architecture
Related violations: <none>

TIMING-16#255 Warning
Large setup violation  
There is a large setup violation of -3.379 ns between u_booth_simd_pipe_dsp/out_flat_u8x4_reg[7]/C (clocked by clk) and out_flat_u8x4[7] (clocked by clk). Large setup violations at the end of those stages might be difficult to fix during the post-placement implementation flow and could be the result of non-optimal XDC constraints or non-optimal design architecture
Related violations: <none>

TIMING-16#256 Warning
Large setup violation  
There is a large setup violation of -3.379 ns between u_booth_simd_pipe_dsp/out_flat_u8x4_reg[8]/C (clocked by clk) and out_flat_u8x4[8] (clocked by clk). Large setup violations at the end of those stages might be difficult to fix during the post-placement implementation flow and could be the result of non-optimal XDC constraints or non-optimal design architecture
Related violations: <none>

TIMING-16#257 Warning
Large setup violation  
There is a large setup violation of -3.381 ns between u_booth_simd_pipe_dsp/out_flat_u8x4_reg[25]/C (clocked by clk) and out_flat_u8x4[25] (clocked by clk). Large setup violations at the end of those stages might be difficult to fix during the post-placement implementation flow and could be the result of non-optimal XDC constraints or non-optimal design architecture
Related violations: <none>

TIMING-16#258 Warning
Large setup violation  
There is a large setup violation of -3.384 ns between u_booth_simd_pipe_dsp/out_flat_u8x4_reg[0]/C (clocked by clk) and out_flat_u8x4[0] (clocked by clk). Large setup violations at the end of those stages might be difficult to fix during the post-placement implementation flow and could be the result of non-optimal XDC constraints or non-optimal design architecture
Related violations: <none>

TIMING-16#259 Warning
Large setup violation  
There is a large setup violation of -3.385 ns between u_booth_simd_pipe_dsp/out_flat_u8x4_reg[15]/C (clocked by clk) and out_flat_u8x4[15] (clocked by clk). Large setup violations at the end of those stages might be difficult to fix during the post-placement implementation flow and could be the result of non-optimal XDC constraints or non-optimal design architecture
Related violations: <none>

TIMING-16#260 Warning
Large setup violation  
There is a large setup violation of -3.385 ns between u_booth_simd_pipe_dsp/out_flat_u8x4_reg[17]/C (clocked by clk) and out_flat_u8x4[17] (clocked by clk). Large setup violations at the end of those stages might be difficult to fix during the post-placement implementation flow and could be the result of non-optimal XDC constraints or non-optimal design architecture
Related violations: <none>

TIMING-16#261 Warning
Large setup violation  
There is a large setup violation of -3.389 ns between u_booth_simd_pipe_dsp/out_flat_u8x4_reg[16]/C (clocked by clk) and out_flat_u8x4[16] (clocked by clk). Large setup violations at the end of those stages might be difficult to fix during the post-placement implementation flow and could be the result of non-optimal XDC constraints or non-optimal design architecture
Related violations: <none>

TIMING-16#262 Warning
Large setup violation  
There is a large setup violation of -3.391 ns between u_booth_simd_pipe_dsp/out_flat_u8x4_reg[20]/C (clocked by clk) and out_flat_u8x4[20] (clocked by clk). Large setup violations at the end of those stages might be difficult to fix during the post-placement implementation flow and could be the result of non-optimal XDC constraints or non-optimal design architecture
Related violations: <none>

TIMING-16#263 Warning
Large setup violation  
There is a large setup violation of -3.392 ns between u_booth_simd_pipe_dsp/out_flat_u8x4_reg[19]/C (clocked by clk) and out_flat_u8x4[19] (clocked by clk). Large setup violations at the end of those stages might be difficult to fix during the post-placement implementation flow and could be the result of non-optimal XDC constraints or non-optimal design architecture
Related violations: <none>

TIMING-16#264 Warning
Large setup violation  
There is a large setup violation of -3.398 ns between u_booth_simd_pipe_dsp/out_flat_u8x4_reg[18]/C (clocked by clk) and out_flat_u8x4[18] (clocked by clk). Large setup violations at the end of those stages might be difficult to fix during the post-placement implementation flow and could be the result of non-optimal XDC constraints or non-optimal design architecture
Related violations: <none>

TIMING-16#265 Warning
Large setup violation  
There is a large setup violation of -3.405 ns between u_booth_simd_pipe_dsp/out_flat_u8x4_reg[14]/C (clocked by clk) and out_flat_u8x4[14] (clocked by clk). Large setup violations at the end of those stages might be difficult to fix during the post-placement implementation flow and could be the result of non-optimal XDC constraints or non-optimal design architecture
Related violations: <none>

TIMING-16#266 Warning
Large setup violation  
There is a large setup violation of -3.406 ns between u_booth_simd_pipe_dsp/out_flat_u8x4_reg[27]/C (clocked by clk) and out_flat_u8x4[27] (clocked by clk). Large setup violations at the end of those stages might be difficult to fix during the post-placement implementation flow and could be the result of non-optimal XDC constraints or non-optimal design architecture
Related violations: <none>

TIMING-16#267 Warning
Large setup violation  
There is a large setup violation of -3.409 ns between u_booth_simd_pipe_dsp/out_flat_u8x4_reg[5]/C (clocked by clk) and out_flat_u8x4[5] (clocked by clk). Large setup violations at the end of those stages might be difficult to fix during the post-placement implementation flow and could be the result of non-optimal XDC constraints or non-optimal design architecture
Related violations: <none>

TIMING-16#268 Warning
Large setup violation  
There is a large setup violation of -3.410 ns between u_booth_simd_pipe_dsp/out_flat_u8x4_reg[26]/C (clocked by clk) and out_flat_u8x4[26] (clocked by clk). Large setup violations at the end of those stages might be difficult to fix during the post-placement implementation flow and could be the result of non-optimal XDC constraints or non-optimal design architecture
Related violations: <none>

TIMING-16#269 Warning
Large setup violation  
There is a large setup violation of -3.410 ns between u_booth_simd_pipe_dsp/out_flat_u8x4_reg[31]/C (clocked by clk) and out_flat_u8x4[31] (clocked by clk). Large setup violations at the end of those stages might be difficult to fix during the post-placement implementation flow and could be the result of non-optimal XDC constraints or non-optimal design architecture
Related violations: <none>

TIMING-16#270 Warning
Large setup violation  
There is a large setup violation of -3.411 ns between u_booth_simd_pipe_dsp/out_flat_u8x4_reg[1]/C (clocked by clk) and out_flat_u8x4[1] (clocked by clk). Large setup violations at the end of those stages might be difficult to fix during the post-placement implementation flow and could be the result of non-optimal XDC constraints or non-optimal design architecture
Related violations: <none>

TIMING-16#271 Warning
Large setup violation  
There is a large setup violation of -3.411 ns between u_booth_simd_pipe_dsp/out_flat_u8x4_reg[30]/C (clocked by clk) and out_flat_u8x4[30] (clocked by clk). Large setup violations at the end of those stages might be difficult to fix during the post-placement implementation flow and could be the result of non-optimal XDC constraints or non-optimal design architecture
Related violations: <none>

TIMING-16#272 Warning
Large setup violation  
There is a large setup violation of -3.412 ns between u_booth_simd_pipe_dsp/out_flat_u8x4_reg[12]/C (clocked by clk) and out_flat_u8x4[12] (clocked by clk). Large setup violations at the end of those stages might be difficult to fix during the post-placement implementation flow and could be the result of non-optimal XDC constraints or non-optimal design architecture
Related violations: <none>

TIMING-16#273 Warning
Large setup violation  
There is a large setup violation of -3.413 ns between u_booth_simd_pipe_dsp/out_flat_u8x4_reg[13]/C (clocked by clk) and out_flat_u8x4[13] (clocked by clk). Large setup violations at the end of those stages might be difficult to fix during the post-placement implementation flow and could be the result of non-optimal XDC constraints or non-optimal design architecture
Related violations: <none>

TIMING-16#274 Warning
Large setup violation  
There is a large setup violation of -3.419 ns between u_booth_simd_pipe_dsp/out_flat_u8x4_reg[28]/C (clocked by clk) and out_flat_u8x4[28] (clocked by clk). Large setup violations at the end of those stages might be difficult to fix during the post-placement implementation flow and could be the result of non-optimal XDC constraints or non-optimal design architecture
Related violations: <none>

TIMING-16#275 Warning
Large setup violation  
There is a large setup violation of -3.419 ns between u_booth_simd_pipe_dsp/out_flat_u8x4_reg[29]/C (clocked by clk) and out_flat_u8x4[29] (clocked by clk). Large setup violations at the end of those stages might be difficult to fix during the post-placement implementation flow and could be the result of non-optimal XDC constraints or non-optimal design architecture
Related violations: <none>

TIMING-16#276 Warning
Large setup violation  
There is a large setup violation of -3.419 ns between u_booth_simd_pipe_dsp/out_flat_u8x4_reg[9]/C (clocked by clk) and out_flat_u8x4[9] (clocked by clk). Large setup violations at the end of those stages might be difficult to fix during the post-placement implementation flow and could be the result of non-optimal XDC constraints or non-optimal design architecture
Related violations: <none>

TIMING-16#277 Warning
Large setup violation  
There is a large setup violation of -3.424 ns between u_booth_simd_pipe_dsp/out_flat_u8x4_reg[24]/C (clocked by clk) and out_flat_u8x4[24] (clocked by clk). Large setup violations at the end of those stages might be difficult to fix during the post-placement implementation flow and could be the result of non-optimal XDC constraints or non-optimal design architecture
Related violations: <none>

TIMING-16#278 Warning
Large setup violation  
There is a large setup violation of -3.427 ns between u_booth_simd_pipe_dsp/done_reg/C (clocked by clk) and done (clocked by clk). Large setup violations at the end of those stages might be difficult to fix during the post-placement implementation flow and could be the result of non-optimal XDC constraints or non-optimal design architecture
Related violations: <none>

XDCH-2#1 Warning
Same min and max delay values on IO port  
The same input delay of 0.000 ns has been defined on port 'img_flat_u8x25[0]' relative to clock clk for both max and min. Make sure this reflects the design intent.
set_input_delay -clock clk 0.000 [get_ports {rst_n start {img_flat_u8x25[*]} {ker_flat_s8x9[*]}}]
D:/1012/project1/constraints/project1.xdc (Line: 3)
Related violations: <none>

XDCH-2#2 Warning
Same min and max delay values on IO port  
The same input delay of 0.000 ns has been defined on port 'img_flat_u8x25[100]' relative to clock clk for both max and min. Make sure this reflects the design intent.
set_input_delay -clock clk 0.000 [get_ports {rst_n start {img_flat_u8x25[*]} {ker_flat_s8x9[*]}}]
D:/1012/project1/constraints/project1.xdc (Line: 3)
Related violations: <none>

XDCH-2#3 Warning
Same min and max delay values on IO port  
The same input delay of 0.000 ns has been defined on port 'img_flat_u8x25[101]' relative to clock clk for both max and min. Make sure this reflects the design intent.
set_input_delay -clock clk 0.000 [get_ports {rst_n start {img_flat_u8x25[*]} {ker_flat_s8x9[*]}}]
D:/1012/project1/constraints/project1.xdc (Line: 3)
Related violations: <none>

XDCH-2#4 Warning
Same min and max delay values on IO port  
The same input delay of 0.000 ns has been defined on port 'img_flat_u8x25[102]' relative to clock clk for both max and min. Make sure this reflects the design intent.
set_input_delay -clock clk 0.000 [get_ports {rst_n start {img_flat_u8x25[*]} {ker_flat_s8x9[*]}}]
D:/1012/project1/constraints/project1.xdc (Line: 3)
Related violations: <none>

XDCH-2#5 Warning
Same min and max delay values on IO port  
The same input delay of 0.000 ns has been defined on port 'img_flat_u8x25[103]' relative to clock clk for both max and min. Make sure this reflects the design intent.
set_input_delay -clock clk 0.000 [get_ports {rst_n start {img_flat_u8x25[*]} {ker_flat_s8x9[*]}}]
D:/1012/project1/constraints/project1.xdc (Line: 3)
Related violations: <none>

XDCH-2#6 Warning
Same min and max delay values on IO port  
The same input delay of 0.000 ns has been defined on port 'img_flat_u8x25[104]' relative to clock clk for both max and min. Make sure this reflects the design intent.
set_input_delay -clock clk 0.000 [get_ports {rst_n start {img_flat_u8x25[*]} {ker_flat_s8x9[*]}}]
D:/1012/project1/constraints/project1.xdc (Line: 3)
Related violations: <none>

XDCH-2#7 Warning
Same min and max delay values on IO port  
The same input delay of 0.000 ns has been defined on port 'img_flat_u8x25[105]' relative to clock clk for both max and min. Make sure this reflects the design intent.
set_input_delay -clock clk 0.000 [get_ports {rst_n start {img_flat_u8x25[*]} {ker_flat_s8x9[*]}}]
D:/1012/project1/constraints/project1.xdc (Line: 3)
Related violations: <none>

XDCH-2#8 Warning
Same min and max delay values on IO port  
The same input delay of 0.000 ns has been defined on port 'img_flat_u8x25[106]' relative to clock clk for both max and min. Make sure this reflects the design intent.
set_input_delay -clock clk 0.000 [get_ports {rst_n start {img_flat_u8x25[*]} {ker_flat_s8x9[*]}}]
D:/1012/project1/constraints/project1.xdc (Line: 3)
Related violations: <none>

XDCH-2#9 Warning
Same min and max delay values on IO port  
The same input delay of 0.000 ns has been defined on port 'img_flat_u8x25[107]' relative to clock clk for both max and min. Make sure this reflects the design intent.
set_input_delay -clock clk 0.000 [get_ports {rst_n start {img_flat_u8x25[*]} {ker_flat_s8x9[*]}}]
D:/1012/project1/constraints/project1.xdc (Line: 3)
Related violations: <none>

XDCH-2#10 Warning
Same min and max delay values on IO port  
The same input delay of 0.000 ns has been defined on port 'img_flat_u8x25[108]' relative to clock clk for both max and min. Make sure this reflects the design intent.
set_input_delay -clock clk 0.000 [get_ports {rst_n start {img_flat_u8x25[*]} {ker_flat_s8x9[*]}}]
D:/1012/project1/constraints/project1.xdc (Line: 3)
Related violations: <none>

XDCH-2#11 Warning
Same min and max delay values on IO port  
The same input delay of 0.000 ns has been defined on port 'img_flat_u8x25[109]' relative to clock clk for both max and min. Make sure this reflects the design intent.
set_input_delay -clock clk 0.000 [get_ports {rst_n start {img_flat_u8x25[*]} {ker_flat_s8x9[*]}}]
D:/1012/project1/constraints/project1.xdc (Line: 3)
Related violations: <none>

XDCH-2#12 Warning
Same min and max delay values on IO port  
The same input delay of 0.000 ns has been defined on port 'img_flat_u8x25[10]' relative to clock clk for both max and min. Make sure this reflects the design intent.
set_input_delay -clock clk 0.000 [get_ports {rst_n start {img_flat_u8x25[*]} {ker_flat_s8x9[*]}}]
D:/1012/project1/constraints/project1.xdc (Line: 3)
Related violations: <none>

XDCH-2#13 Warning
Same min and max delay values on IO port  
The same input delay of 0.000 ns has been defined on port 'img_flat_u8x25[110]' relative to clock clk for both max and min. Make sure this reflects the design intent.
set_input_delay -clock clk 0.000 [get_ports {rst_n start {img_flat_u8x25[*]} {ker_flat_s8x9[*]}}]
D:/1012/project1/constraints/project1.xdc (Line: 3)
Related violations: <none>

XDCH-2#14 Warning
Same min and max delay values on IO port  
The same input delay of 0.000 ns has been defined on port 'img_flat_u8x25[111]' relative to clock clk for both max and min. Make sure this reflects the design intent.
set_input_delay -clock clk 0.000 [get_ports {rst_n start {img_flat_u8x25[*]} {ker_flat_s8x9[*]}}]
D:/1012/project1/constraints/project1.xdc (Line: 3)
Related violations: <none>

XDCH-2#15 Warning
Same min and max delay values on IO port  
The same input delay of 0.000 ns has been defined on port 'img_flat_u8x25[112]' relative to clock clk for both max and min. Make sure this reflects the design intent.
set_input_delay -clock clk 0.000 [get_ports {rst_n start {img_flat_u8x25[*]} {ker_flat_s8x9[*]}}]
D:/1012/project1/constraints/project1.xdc (Line: 3)
Related violations: <none>

XDCH-2#16 Warning
Same min and max delay values on IO port  
The same input delay of 0.000 ns has been defined on port 'img_flat_u8x25[113]' relative to clock clk for both max and min. Make sure this reflects the design intent.
set_input_delay -clock clk 0.000 [get_ports {rst_n start {img_flat_u8x25[*]} {ker_flat_s8x9[*]}}]
D:/1012/project1/constraints/project1.xdc (Line: 3)
Related violations: <none>

XDCH-2#17 Warning
Same min and max delay values on IO port  
The same input delay of 0.000 ns has been defined on port 'img_flat_u8x25[114]' relative to clock clk for both max and min. Make sure this reflects the design intent.
set_input_delay -clock clk 0.000 [get_ports {rst_n start {img_flat_u8x25[*]} {ker_flat_s8x9[*]}}]
D:/1012/project1/constraints/project1.xdc (Line: 3)
Related violations: <none>

XDCH-2#18 Warning
Same min and max delay values on IO port  
The same input delay of 0.000 ns has been defined on port 'img_flat_u8x25[115]' relative to clock clk for both max and min. Make sure this reflects the design intent.
set_input_delay -clock clk 0.000 [get_ports {rst_n start {img_flat_u8x25[*]} {ker_flat_s8x9[*]}}]
D:/1012/project1/constraints/project1.xdc (Line: 3)
Related violations: <none>

XDCH-2#19 Warning
Same min and max delay values on IO port  
The same input delay of 0.000 ns has been defined on port 'img_flat_u8x25[116]' relative to clock clk for both max and min. Make sure this reflects the design intent.
set_input_delay -clock clk 0.000 [get_ports {rst_n start {img_flat_u8x25[*]} {ker_flat_s8x9[*]}}]
D:/1012/project1/constraints/project1.xdc (Line: 3)
Related violations: <none>

XDCH-2#20 Warning
Same min and max delay values on IO port  
The same input delay of 0.000 ns has been defined on port 'img_flat_u8x25[117]' relative to clock clk for both max and min. Make sure this reflects the design intent.
set_input_delay -clock clk 0.000 [get_ports {rst_n start {img_flat_u8x25[*]} {ker_flat_s8x9[*]}}]
D:/1012/project1/constraints/project1.xdc (Line: 3)
Related violations: <none>

XDCH-2#21 Warning
Same min and max delay values on IO port  
The same input delay of 0.000 ns has been defined on port 'img_flat_u8x25[118]' relative to clock clk for both max and min. Make sure this reflects the design intent.
set_input_delay -clock clk 0.000 [get_ports {rst_n start {img_flat_u8x25[*]} {ker_flat_s8x9[*]}}]
D:/1012/project1/constraints/project1.xdc (Line: 3)
Related violations: <none>

XDCH-2#22 Warning
Same min and max delay values on IO port  
The same input delay of 0.000 ns has been defined on port 'img_flat_u8x25[119]' relative to clock clk for both max and min. Make sure this reflects the design intent.
set_input_delay -clock clk 0.000 [get_ports {rst_n start {img_flat_u8x25[*]} {ker_flat_s8x9[*]}}]
D:/1012/project1/constraints/project1.xdc (Line: 3)
Related violations: <none>

XDCH-2#23 Warning
Same min and max delay values on IO port  
The same input delay of 0.000 ns has been defined on port 'img_flat_u8x25[11]' relative to clock clk for both max and min. Make sure this reflects the design intent.
set_input_delay -clock clk 0.000 [get_ports {rst_n start {img_flat_u8x25[*]} {ker_flat_s8x9[*]}}]
D:/1012/project1/constraints/project1.xdc (Line: 3)
Related violations: <none>

XDCH-2#24 Warning
Same min and max delay values on IO port  
The same input delay of 0.000 ns has been defined on port 'img_flat_u8x25[120]' relative to clock clk for both max and min. Make sure this reflects the design intent.
set_input_delay -clock clk 0.000 [get_ports {rst_n start {img_flat_u8x25[*]} {ker_flat_s8x9[*]}}]
D:/1012/project1/constraints/project1.xdc (Line: 3)
Related violations: <none>

XDCH-2#25 Warning
Same min and max delay values on IO port  
The same input delay of 0.000 ns has been defined on port 'img_flat_u8x25[121]' relative to clock clk for both max and min. Make sure this reflects the design intent.
set_input_delay -clock clk 0.000 [get_ports {rst_n start {img_flat_u8x25[*]} {ker_flat_s8x9[*]}}]
D:/1012/project1/constraints/project1.xdc (Line: 3)
Related violations: <none>

XDCH-2#26 Warning
Same min and max delay values on IO port  
The same input delay of 0.000 ns has been defined on port 'img_flat_u8x25[122]' relative to clock clk for both max and min. Make sure this reflects the design intent.
set_input_delay -clock clk 0.000 [get_ports {rst_n start {img_flat_u8x25[*]} {ker_flat_s8x9[*]}}]
D:/1012/project1/constraints/project1.xdc (Line: 3)
Related violations: <none>

XDCH-2#27 Warning
Same min and max delay values on IO port  
The same input delay of 0.000 ns has been defined on port 'img_flat_u8x25[123]' relative to clock clk for both max and min. Make sure this reflects the design intent.
set_input_delay -clock clk 0.000 [get_ports {rst_n start {img_flat_u8x25[*]} {ker_flat_s8x9[*]}}]
D:/1012/project1/constraints/project1.xdc (Line: 3)
Related violations: <none>

XDCH-2#28 Warning
Same min and max delay values on IO port  
The same input delay of 0.000 ns has been defined on port 'img_flat_u8x25[124]' relative to clock clk for both max and min. Make sure this reflects the design intent.
set_input_delay -clock clk 0.000 [get_ports {rst_n start {img_flat_u8x25[*]} {ker_flat_s8x9[*]}}]
D:/1012/project1/constraints/project1.xdc (Line: 3)
Related violations: <none>

XDCH-2#29 Warning
Same min and max delay values on IO port  
The same input delay of 0.000 ns has been defined on port 'img_flat_u8x25[125]' relative to clock clk for both max and min. Make sure this reflects the design intent.
set_input_delay -clock clk 0.000 [get_ports {rst_n start {img_flat_u8x25[*]} {ker_flat_s8x9[*]}}]
D:/1012/project1/constraints/project1.xdc (Line: 3)
Related violations: <none>

XDCH-2#30 Warning
Same min and max delay values on IO port  
The same input delay of 0.000 ns has been defined on port 'img_flat_u8x25[126]' relative to clock clk for both max and min. Make sure this reflects the design intent.
set_input_delay -clock clk 0.000 [get_ports {rst_n start {img_flat_u8x25[*]} {ker_flat_s8x9[*]}}]
D:/1012/project1/constraints/project1.xdc (Line: 3)
Related violations: <none>

XDCH-2#31 Warning
Same min and max delay values on IO port  
The same input delay of 0.000 ns has been defined on port 'img_flat_u8x25[127]' relative to clock clk for both max and min. Make sure this reflects the design intent.
set_input_delay -clock clk 0.000 [get_ports {rst_n start {img_flat_u8x25[*]} {ker_flat_s8x9[*]}}]
D:/1012/project1/constraints/project1.xdc (Line: 3)
Related violations: <none>

XDCH-2#32 Warning
Same min and max delay values on IO port  
The same input delay of 0.000 ns has been defined on port 'img_flat_u8x25[128]' relative to clock clk for both max and min. Make sure this reflects the design intent.
set_input_delay -clock clk 0.000 [get_ports {rst_n start {img_flat_u8x25[*]} {ker_flat_s8x9[*]}}]
D:/1012/project1/constraints/project1.xdc (Line: 3)
Related violations: <none>

XDCH-2#33 Warning
Same min and max delay values on IO port  
The same input delay of 0.000 ns has been defined on port 'img_flat_u8x25[129]' relative to clock clk for both max and min. Make sure this reflects the design intent.
set_input_delay -clock clk 0.000 [get_ports {rst_n start {img_flat_u8x25[*]} {ker_flat_s8x9[*]}}]
D:/1012/project1/constraints/project1.xdc (Line: 3)
Related violations: <none>

XDCH-2#34 Warning
Same min and max delay values on IO port  
The same input delay of 0.000 ns has been defined on port 'img_flat_u8x25[12]' relative to clock clk for both max and min. Make sure this reflects the design intent.
set_input_delay -clock clk 0.000 [get_ports {rst_n start {img_flat_u8x25[*]} {ker_flat_s8x9[*]}}]
D:/1012/project1/constraints/project1.xdc (Line: 3)
Related violations: <none>

XDCH-2#35 Warning
Same min and max delay values on IO port  
The same input delay of 0.000 ns has been defined on port 'img_flat_u8x25[130]' relative to clock clk for both max and min. Make sure this reflects the design intent.
set_input_delay -clock clk 0.000 [get_ports {rst_n start {img_flat_u8x25[*]} {ker_flat_s8x9[*]}}]
D:/1012/project1/constraints/project1.xdc (Line: 3)
Related violations: <none>

XDCH-2#36 Warning
Same min and max delay values on IO port  
The same input delay of 0.000 ns has been defined on port 'img_flat_u8x25[131]' relative to clock clk for both max and min. Make sure this reflects the design intent.
set_input_delay -clock clk 0.000 [get_ports {rst_n start {img_flat_u8x25[*]} {ker_flat_s8x9[*]}}]
D:/1012/project1/constraints/project1.xdc (Line: 3)
Related violations: <none>

XDCH-2#37 Warning
Same min and max delay values on IO port  
The same input delay of 0.000 ns has been defined on port 'img_flat_u8x25[132]' relative to clock clk for both max and min. Make sure this reflects the design intent.
set_input_delay -clock clk 0.000 [get_ports {rst_n start {img_flat_u8x25[*]} {ker_flat_s8x9[*]}}]
D:/1012/project1/constraints/project1.xdc (Line: 3)
Related violations: <none>

XDCH-2#38 Warning
Same min and max delay values on IO port  
The same input delay of 0.000 ns has been defined on port 'img_flat_u8x25[133]' relative to clock clk for both max and min. Make sure this reflects the design intent.
set_input_delay -clock clk 0.000 [get_ports {rst_n start {img_flat_u8x25[*]} {ker_flat_s8x9[*]}}]
D:/1012/project1/constraints/project1.xdc (Line: 3)
Related violations: <none>

XDCH-2#39 Warning
Same min and max delay values on IO port  
The same input delay of 0.000 ns has been defined on port 'img_flat_u8x25[134]' relative to clock clk for both max and min. Make sure this reflects the design intent.
set_input_delay -clock clk 0.000 [get_ports {rst_n start {img_flat_u8x25[*]} {ker_flat_s8x9[*]}}]
D:/1012/project1/constraints/project1.xdc (Line: 3)
Related violations: <none>

XDCH-2#40 Warning
Same min and max delay values on IO port  
The same input delay of 0.000 ns has been defined on port 'img_flat_u8x25[135]' relative to clock clk for both max and min. Make sure this reflects the design intent.
set_input_delay -clock clk 0.000 [get_ports {rst_n start {img_flat_u8x25[*]} {ker_flat_s8x9[*]}}]
D:/1012/project1/constraints/project1.xdc (Line: 3)
Related violations: <none>

XDCH-2#41 Warning
Same min and max delay values on IO port  
The same input delay of 0.000 ns has been defined on port 'img_flat_u8x25[136]' relative to clock clk for both max and min. Make sure this reflects the design intent.
set_input_delay -clock clk 0.000 [get_ports {rst_n start {img_flat_u8x25[*]} {ker_flat_s8x9[*]}}]
D:/1012/project1/constraints/project1.xdc (Line: 3)
Related violations: <none>

XDCH-2#42 Warning
Same min and max delay values on IO port  
The same input delay of 0.000 ns has been defined on port 'img_flat_u8x25[137]' relative to clock clk for both max and min. Make sure this reflects the design intent.
set_input_delay -clock clk 0.000 [get_ports {rst_n start {img_flat_u8x25[*]} {ker_flat_s8x9[*]}}]
D:/1012/project1/constraints/project1.xdc (Line: 3)
Related violations: <none>

XDCH-2#43 Warning
Same min and max delay values on IO port  
The same input delay of 0.000 ns has been defined on port 'img_flat_u8x25[138]' relative to clock clk for both max and min. Make sure this reflects the design intent.
set_input_delay -clock clk 0.000 [get_ports {rst_n start {img_flat_u8x25[*]} {ker_flat_s8x9[*]}}]
D:/1012/project1/constraints/project1.xdc (Line: 3)
Related violations: <none>

XDCH-2#44 Warning
Same min and max delay values on IO port  
The same input delay of 0.000 ns has been defined on port 'img_flat_u8x25[139]' relative to clock clk for both max and min. Make sure this reflects the design intent.
set_input_delay -clock clk 0.000 [get_ports {rst_n start {img_flat_u8x25[*]} {ker_flat_s8x9[*]}}]
D:/1012/project1/constraints/project1.xdc (Line: 3)
Related violations: <none>

XDCH-2#45 Warning
Same min and max delay values on IO port  
The same input delay of 0.000 ns has been defined on port 'img_flat_u8x25[13]' relative to clock clk for both max and min. Make sure this reflects the design intent.
set_input_delay -clock clk 0.000 [get_ports {rst_n start {img_flat_u8x25[*]} {ker_flat_s8x9[*]}}]
D:/1012/project1/constraints/project1.xdc (Line: 3)
Related violations: <none>

XDCH-2#46 Warning
Same min and max delay values on IO port  
The same input delay of 0.000 ns has been defined on port 'img_flat_u8x25[140]' relative to clock clk for both max and min. Make sure this reflects the design intent.
set_input_delay -clock clk 0.000 [get_ports {rst_n start {img_flat_u8x25[*]} {ker_flat_s8x9[*]}}]
D:/1012/project1/constraints/project1.xdc (Line: 3)
Related violations: <none>

XDCH-2#47 Warning
Same min and max delay values on IO port  
The same input delay of 0.000 ns has been defined on port 'img_flat_u8x25[141]' relative to clock clk for both max and min. Make sure this reflects the design intent.
set_input_delay -clock clk 0.000 [get_ports {rst_n start {img_flat_u8x25[*]} {ker_flat_s8x9[*]}}]
D:/1012/project1/constraints/project1.xdc (Line: 3)
Related violations: <none>

XDCH-2#48 Warning
Same min and max delay values on IO port  
The same input delay of 0.000 ns has been defined on port 'img_flat_u8x25[142]' relative to clock clk for both max and min. Make sure this reflects the design intent.
set_input_delay -clock clk 0.000 [get_ports {rst_n start {img_flat_u8x25[*]} {ker_flat_s8x9[*]}}]
D:/1012/project1/constraints/project1.xdc (Line: 3)
Related violations: <none>

XDCH-2#49 Warning
Same min and max delay values on IO port  
The same input delay of 0.000 ns has been defined on port 'img_flat_u8x25[143]' relative to clock clk for both max and min. Make sure this reflects the design intent.
set_input_delay -clock clk 0.000 [get_ports {rst_n start {img_flat_u8x25[*]} {ker_flat_s8x9[*]}}]
D:/1012/project1/constraints/project1.xdc (Line: 3)
Related violations: <none>

XDCH-2#50 Warning
Same min and max delay values on IO port  
The same input delay of 0.000 ns has been defined on port 'img_flat_u8x25[144]' relative to clock clk for both max and min. Make sure this reflects the design intent.
set_input_delay -clock clk 0.000 [get_ports {rst_n start {img_flat_u8x25[*]} {ker_flat_s8x9[*]}}]
D:/1012/project1/constraints/project1.xdc (Line: 3)
Related violations: <none>

XDCH-2#51 Warning
Same min and max delay values on IO port  
The same input delay of 0.000 ns has been defined on port 'img_flat_u8x25[145]' relative to clock clk for both max and min. Make sure this reflects the design intent.
set_input_delay -clock clk 0.000 [get_ports {rst_n start {img_flat_u8x25[*]} {ker_flat_s8x9[*]}}]
D:/1012/project1/constraints/project1.xdc (Line: 3)
Related violations: <none>

XDCH-2#52 Warning
Same min and max delay values on IO port  
The same input delay of 0.000 ns has been defined on port 'img_flat_u8x25[146]' relative to clock clk for both max and min. Make sure this reflects the design intent.
set_input_delay -clock clk 0.000 [get_ports {rst_n start {img_flat_u8x25[*]} {ker_flat_s8x9[*]}}]
D:/1012/project1/constraints/project1.xdc (Line: 3)
Related violations: <none>

XDCH-2#53 Warning
Same min and max delay values on IO port  
The same input delay of 0.000 ns has been defined on port 'img_flat_u8x25[147]' relative to clock clk for both max and min. Make sure this reflects the design intent.
set_input_delay -clock clk 0.000 [get_ports {rst_n start {img_flat_u8x25[*]} {ker_flat_s8x9[*]}}]
D:/1012/project1/constraints/project1.xdc (Line: 3)
Related violations: <none>

XDCH-2#54 Warning
Same min and max delay values on IO port  
The same input delay of 0.000 ns has been defined on port 'img_flat_u8x25[148]' relative to clock clk for both max and min. Make sure this reflects the design intent.
set_input_delay -clock clk 0.000 [get_ports {rst_n start {img_flat_u8x25[*]} {ker_flat_s8x9[*]}}]
D:/1012/project1/constraints/project1.xdc (Line: 3)
Related violations: <none>

XDCH-2#55 Warning
Same min and max delay values on IO port  
The same input delay of 0.000 ns has been defined on port 'img_flat_u8x25[149]' relative to clock clk for both max and min. Make sure this reflects the design intent.
set_input_delay -clock clk 0.000 [get_ports {rst_n start {img_flat_u8x25[*]} {ker_flat_s8x9[*]}}]
D:/1012/project1/constraints/project1.xdc (Line: 3)
Related violations: <none>

XDCH-2#56 Warning
Same min and max delay values on IO port  
The same input delay of 0.000 ns has been defined on port 'img_flat_u8x25[14]' relative to clock clk for both max and min. Make sure this reflects the design intent.
set_input_delay -clock clk 0.000 [get_ports {rst_n start {img_flat_u8x25[*]} {ker_flat_s8x9[*]}}]
D:/1012/project1/constraints/project1.xdc (Line: 3)
Related violations: <none>

XDCH-2#57 Warning
Same min and max delay values on IO port  
The same input delay of 0.000 ns has been defined on port 'img_flat_u8x25[150]' relative to clock clk for both max and min. Make sure this reflects the design intent.
set_input_delay -clock clk 0.000 [get_ports {rst_n start {img_flat_u8x25[*]} {ker_flat_s8x9[*]}}]
D:/1012/project1/constraints/project1.xdc (Line: 3)
Related violations: <none>

XDCH-2#58 Warning
Same min and max delay values on IO port  
The same input delay of 0.000 ns has been defined on port 'img_flat_u8x25[151]' relative to clock clk for both max and min. Make sure this reflects the design intent.
set_input_delay -clock clk 0.000 [get_ports {rst_n start {img_flat_u8x25[*]} {ker_flat_s8x9[*]}}]
D:/1012/project1/constraints/project1.xdc (Line: 3)
Related violations: <none>

XDCH-2#59 Warning
Same min and max delay values on IO port  
The same input delay of 0.000 ns has been defined on port 'img_flat_u8x25[152]' relative to clock clk for both max and min. Make sure this reflects the design intent.
set_input_delay -clock clk 0.000 [get_ports {rst_n start {img_flat_u8x25[*]} {ker_flat_s8x9[*]}}]
D:/1012/project1/constraints/project1.xdc (Line: 3)
Related violations: <none>

XDCH-2#60 Warning
Same min and max delay values on IO port  
The same input delay of 0.000 ns has been defined on port 'img_flat_u8x25[153]' relative to clock clk for both max and min. Make sure this reflects the design intent.
set_input_delay -clock clk 0.000 [get_ports {rst_n start {img_flat_u8x25[*]} {ker_flat_s8x9[*]}}]
D:/1012/project1/constraints/project1.xdc (Line: 3)
Related violations: <none>

XDCH-2#61 Warning
Same min and max delay values on IO port  
The same input delay of 0.000 ns has been defined on port 'img_flat_u8x25[154]' relative to clock clk for both max and min. Make sure this reflects the design intent.
set_input_delay -clock clk 0.000 [get_ports {rst_n start {img_flat_u8x25[*]} {ker_flat_s8x9[*]}}]
D:/1012/project1/constraints/project1.xdc (Line: 3)
Related violations: <none>

XDCH-2#62 Warning
Same min and max delay values on IO port  
The same input delay of 0.000 ns has been defined on port 'img_flat_u8x25[155]' relative to clock clk for both max and min. Make sure this reflects the design intent.
set_input_delay -clock clk 0.000 [get_ports {rst_n start {img_flat_u8x25[*]} {ker_flat_s8x9[*]}}]
D:/1012/project1/constraints/project1.xdc (Line: 3)
Related violations: <none>

XDCH-2#63 Warning
Same min and max delay values on IO port  
The same input delay of 0.000 ns has been defined on port 'img_flat_u8x25[156]' relative to clock clk for both max and min. Make sure this reflects the design intent.
set_input_delay -clock clk 0.000 [get_ports {rst_n start {img_flat_u8x25[*]} {ker_flat_s8x9[*]}}]
D:/1012/project1/constraints/project1.xdc (Line: 3)
Related violations: <none>

XDCH-2#64 Warning
Same min and max delay values on IO port  
The same input delay of 0.000 ns has been defined on port 'img_flat_u8x25[157]' relative to clock clk for both max and min. Make sure this reflects the design intent.
set_input_delay -clock clk 0.000 [get_ports {rst_n start {img_flat_u8x25[*]} {ker_flat_s8x9[*]}}]
D:/1012/project1/constraints/project1.xdc (Line: 3)
Related violations: <none>

XDCH-2#65 Warning
Same min and max delay values on IO port  
The same input delay of 0.000 ns has been defined on port 'img_flat_u8x25[158]' relative to clock clk for both max and min. Make sure this reflects the design intent.
set_input_delay -clock clk 0.000 [get_ports {rst_n start {img_flat_u8x25[*]} {ker_flat_s8x9[*]}}]
D:/1012/project1/constraints/project1.xdc (Line: 3)
Related violations: <none>

XDCH-2#66 Warning
Same min and max delay values on IO port  
The same input delay of 0.000 ns has been defined on port 'img_flat_u8x25[159]' relative to clock clk for both max and min. Make sure this reflects the design intent.
set_input_delay -clock clk 0.000 [get_ports {rst_n start {img_flat_u8x25[*]} {ker_flat_s8x9[*]}}]
D:/1012/project1/constraints/project1.xdc (Line: 3)
Related violations: <none>

XDCH-2#67 Warning
Same min and max delay values on IO port  
The same input delay of 0.000 ns has been defined on port 'img_flat_u8x25[15]' relative to clock clk for both max and min. Make sure this reflects the design intent.
set_input_delay -clock clk 0.000 [get_ports {rst_n start {img_flat_u8x25[*]} {ker_flat_s8x9[*]}}]
D:/1012/project1/constraints/project1.xdc (Line: 3)
Related violations: <none>

XDCH-2#68 Warning
Same min and max delay values on IO port  
The same input delay of 0.000 ns has been defined on port 'img_flat_u8x25[160]' relative to clock clk for both max and min. Make sure this reflects the design intent.
set_input_delay -clock clk 0.000 [get_ports {rst_n start {img_flat_u8x25[*]} {ker_flat_s8x9[*]}}]
D:/1012/project1/constraints/project1.xdc (Line: 3)
Related violations: <none>

XDCH-2#69 Warning
Same min and max delay values on IO port  
The same input delay of 0.000 ns has been defined on port 'img_flat_u8x25[161]' relative to clock clk for both max and min. Make sure this reflects the design intent.
set_input_delay -clock clk 0.000 [get_ports {rst_n start {img_flat_u8x25[*]} {ker_flat_s8x9[*]}}]
D:/1012/project1/constraints/project1.xdc (Line: 3)
Related violations: <none>

XDCH-2#70 Warning
Same min and max delay values on IO port  
The same input delay of 0.000 ns has been defined on port 'img_flat_u8x25[162]' relative to clock clk for both max and min. Make sure this reflects the design intent.
set_input_delay -clock clk 0.000 [get_ports {rst_n start {img_flat_u8x25[*]} {ker_flat_s8x9[*]}}]
D:/1012/project1/constraints/project1.xdc (Line: 3)
Related violations: <none>

XDCH-2#71 Warning
Same min and max delay values on IO port  
The same input delay of 0.000 ns has been defined on port 'img_flat_u8x25[163]' relative to clock clk for both max and min. Make sure this reflects the design intent.
set_input_delay -clock clk 0.000 [get_ports {rst_n start {img_flat_u8x25[*]} {ker_flat_s8x9[*]}}]
D:/1012/project1/constraints/project1.xdc (Line: 3)
Related violations: <none>

XDCH-2#72 Warning
Same min and max delay values on IO port  
The same input delay of 0.000 ns has been defined on port 'img_flat_u8x25[164]' relative to clock clk for both max and min. Make sure this reflects the design intent.
set_input_delay -clock clk 0.000 [get_ports {rst_n start {img_flat_u8x25[*]} {ker_flat_s8x9[*]}}]
D:/1012/project1/constraints/project1.xdc (Line: 3)
Related violations: <none>

XDCH-2#73 Warning
Same min and max delay values on IO port  
The same input delay of 0.000 ns has been defined on port 'img_flat_u8x25[165]' relative to clock clk for both max and min. Make sure this reflects the design intent.
set_input_delay -clock clk 0.000 [get_ports {rst_n start {img_flat_u8x25[*]} {ker_flat_s8x9[*]}}]
D:/1012/project1/constraints/project1.xdc (Line: 3)
Related violations: <none>

XDCH-2#74 Warning
Same min and max delay values on IO port  
The same input delay of 0.000 ns has been defined on port 'img_flat_u8x25[166]' relative to clock clk for both max and min. Make sure this reflects the design intent.
set_input_delay -clock clk 0.000 [get_ports {rst_n start {img_flat_u8x25[*]} {ker_flat_s8x9[*]}}]
D:/1012/project1/constraints/project1.xdc (Line: 3)
Related violations: <none>

XDCH-2#75 Warning
Same min and max delay values on IO port  
The same input delay of 0.000 ns has been defined on port 'img_flat_u8x25[167]' relative to clock clk for both max and min. Make sure this reflects the design intent.
set_input_delay -clock clk 0.000 [get_ports {rst_n start {img_flat_u8x25[*]} {ker_flat_s8x9[*]}}]
D:/1012/project1/constraints/project1.xdc (Line: 3)
Related violations: <none>

XDCH-2#76 Warning
Same min and max delay values on IO port  
The same input delay of 0.000 ns has been defined on port 'img_flat_u8x25[168]' relative to clock clk for both max and min. Make sure this reflects the design intent.
set_input_delay -clock clk 0.000 [get_ports {rst_n start {img_flat_u8x25[*]} {ker_flat_s8x9[*]}}]
D:/1012/project1/constraints/project1.xdc (Line: 3)
Related violations: <none>

XDCH-2#77 Warning
Same min and max delay values on IO port  
The same input delay of 0.000 ns has been defined on port 'img_flat_u8x25[169]' relative to clock clk for both max and min. Make sure this reflects the design intent.
set_input_delay -clock clk 0.000 [get_ports {rst_n start {img_flat_u8x25[*]} {ker_flat_s8x9[*]}}]
D:/1012/project1/constraints/project1.xdc (Line: 3)
Related violations: <none>

XDCH-2#78 Warning
Same min and max delay values on IO port  
The same input delay of 0.000 ns has been defined on port 'img_flat_u8x25[16]' relative to clock clk for both max and min. Make sure this reflects the design intent.
set_input_delay -clock clk 0.000 [get_ports {rst_n start {img_flat_u8x25[*]} {ker_flat_s8x9[*]}}]
D:/1012/project1/constraints/project1.xdc (Line: 3)
Related violations: <none>

XDCH-2#79 Warning
Same min and max delay values on IO port  
The same input delay of 0.000 ns has been defined on port 'img_flat_u8x25[170]' relative to clock clk for both max and min. Make sure this reflects the design intent.
set_input_delay -clock clk 0.000 [get_ports {rst_n start {img_flat_u8x25[*]} {ker_flat_s8x9[*]}}]
D:/1012/project1/constraints/project1.xdc (Line: 3)
Related violations: <none>

XDCH-2#80 Warning
Same min and max delay values on IO port  
The same input delay of 0.000 ns has been defined on port 'img_flat_u8x25[171]' relative to clock clk for both max and min. Make sure this reflects the design intent.
set_input_delay -clock clk 0.000 [get_ports {rst_n start {img_flat_u8x25[*]} {ker_flat_s8x9[*]}}]
D:/1012/project1/constraints/project1.xdc (Line: 3)
Related violations: <none>

XDCH-2#81 Warning
Same min and max delay values on IO port  
The same input delay of 0.000 ns has been defined on port 'img_flat_u8x25[172]' relative to clock clk for both max and min. Make sure this reflects the design intent.
set_input_delay -clock clk 0.000 [get_ports {rst_n start {img_flat_u8x25[*]} {ker_flat_s8x9[*]}}]
D:/1012/project1/constraints/project1.xdc (Line: 3)
Related violations: <none>

XDCH-2#82 Warning
Same min and max delay values on IO port  
The same input delay of 0.000 ns has been defined on port 'img_flat_u8x25[173]' relative to clock clk for both max and min. Make sure this reflects the design intent.
set_input_delay -clock clk 0.000 [get_ports {rst_n start {img_flat_u8x25[*]} {ker_flat_s8x9[*]}}]
D:/1012/project1/constraints/project1.xdc (Line: 3)
Related violations: <none>

XDCH-2#83 Warning
Same min and max delay values on IO port  
The same input delay of 0.000 ns has been defined on port 'img_flat_u8x25[174]' relative to clock clk for both max and min. Make sure this reflects the design intent.
set_input_delay -clock clk 0.000 [get_ports {rst_n start {img_flat_u8x25[*]} {ker_flat_s8x9[*]}}]
D:/1012/project1/constraints/project1.xdc (Line: 3)
Related violations: <none>

XDCH-2#84 Warning
Same min and max delay values on IO port  
The same input delay of 0.000 ns has been defined on port 'img_flat_u8x25[175]' relative to clock clk for both max and min. Make sure this reflects the design intent.
set_input_delay -clock clk 0.000 [get_ports {rst_n start {img_flat_u8x25[*]} {ker_flat_s8x9[*]}}]
D:/1012/project1/constraints/project1.xdc (Line: 3)
Related violations: <none>

XDCH-2#85 Warning
Same min and max delay values on IO port  
The same input delay of 0.000 ns has been defined on port 'img_flat_u8x25[176]' relative to clock clk for both max and min. Make sure this reflects the design intent.
set_input_delay -clock clk 0.000 [get_ports {rst_n start {img_flat_u8x25[*]} {ker_flat_s8x9[*]}}]
D:/1012/project1/constraints/project1.xdc (Line: 3)
Related violations: <none>

XDCH-2#86 Warning
Same min and max delay values on IO port  
The same input delay of 0.000 ns has been defined on port 'img_flat_u8x25[177]' relative to clock clk for both max and min. Make sure this reflects the design intent.
set_input_delay -clock clk 0.000 [get_ports {rst_n start {img_flat_u8x25[*]} {ker_flat_s8x9[*]}}]
D:/1012/project1/constraints/project1.xdc (Line: 3)
Related violations: <none>

XDCH-2#87 Warning
Same min and max delay values on IO port  
The same input delay of 0.000 ns has been defined on port 'img_flat_u8x25[178]' relative to clock clk for both max and min. Make sure this reflects the design intent.
set_input_delay -clock clk 0.000 [get_ports {rst_n start {img_flat_u8x25[*]} {ker_flat_s8x9[*]}}]
D:/1012/project1/constraints/project1.xdc (Line: 3)
Related violations: <none>

XDCH-2#88 Warning
Same min and max delay values on IO port  
The same input delay of 0.000 ns has been defined on port 'img_flat_u8x25[179]' relative to clock clk for both max and min. Make sure this reflects the design intent.
set_input_delay -clock clk 0.000 [get_ports {rst_n start {img_flat_u8x25[*]} {ker_flat_s8x9[*]}}]
D:/1012/project1/constraints/project1.xdc (Line: 3)
Related violations: <none>

XDCH-2#89 Warning
Same min and max delay values on IO port  
The same input delay of 0.000 ns has been defined on port 'img_flat_u8x25[17]' relative to clock clk for both max and min. Make sure this reflects the design intent.
set_input_delay -clock clk 0.000 [get_ports {rst_n start {img_flat_u8x25[*]} {ker_flat_s8x9[*]}}]
D:/1012/project1/constraints/project1.xdc (Line: 3)
Related violations: <none>

XDCH-2#90 Warning
Same min and max delay values on IO port  
The same input delay of 0.000 ns has been defined on port 'img_flat_u8x25[180]' relative to clock clk for both max and min. Make sure this reflects the design intent.
set_input_delay -clock clk 0.000 [get_ports {rst_n start {img_flat_u8x25[*]} {ker_flat_s8x9[*]}}]
D:/1012/project1/constraints/project1.xdc (Line: 3)
Related violations: <none>

XDCH-2#91 Warning
Same min and max delay values on IO port  
The same input delay of 0.000 ns has been defined on port 'img_flat_u8x25[181]' relative to clock clk for both max and min. Make sure this reflects the design intent.
set_input_delay -clock clk 0.000 [get_ports {rst_n start {img_flat_u8x25[*]} {ker_flat_s8x9[*]}}]
D:/1012/project1/constraints/project1.xdc (Line: 3)
Related violations: <none>

XDCH-2#92 Warning
Same min and max delay values on IO port  
The same input delay of 0.000 ns has been defined on port 'img_flat_u8x25[182]' relative to clock clk for both max and min. Make sure this reflects the design intent.
set_input_delay -clock clk 0.000 [get_ports {rst_n start {img_flat_u8x25[*]} {ker_flat_s8x9[*]}}]
D:/1012/project1/constraints/project1.xdc (Line: 3)
Related violations: <none>

XDCH-2#93 Warning
Same min and max delay values on IO port  
The same input delay of 0.000 ns has been defined on port 'img_flat_u8x25[183]' relative to clock clk for both max and min. Make sure this reflects the design intent.
set_input_delay -clock clk 0.000 [get_ports {rst_n start {img_flat_u8x25[*]} {ker_flat_s8x9[*]}}]
D:/1012/project1/constraints/project1.xdc (Line: 3)
Related violations: <none>

XDCH-2#94 Warning
Same min and max delay values on IO port  
The same input delay of 0.000 ns has been defined on port 'img_flat_u8x25[184]' relative to clock clk for both max and min. Make sure this reflects the design intent.
set_input_delay -clock clk 0.000 [get_ports {rst_n start {img_flat_u8x25[*]} {ker_flat_s8x9[*]}}]
D:/1012/project1/constraints/project1.xdc (Line: 3)
Related violations: <none>

XDCH-2#95 Warning
Same min and max delay values on IO port  
The same input delay of 0.000 ns has been defined on port 'img_flat_u8x25[185]' relative to clock clk for both max and min. Make sure this reflects the design intent.
set_input_delay -clock clk 0.000 [get_ports {rst_n start {img_flat_u8x25[*]} {ker_flat_s8x9[*]}}]
D:/1012/project1/constraints/project1.xdc (Line: 3)
Related violations: <none>

XDCH-2#96 Warning
Same min and max delay values on IO port  
The same input delay of 0.000 ns has been defined on port 'img_flat_u8x25[186]' relative to clock clk for both max and min. Make sure this reflects the design intent.
set_input_delay -clock clk 0.000 [get_ports {rst_n start {img_flat_u8x25[*]} {ker_flat_s8x9[*]}}]
D:/1012/project1/constraints/project1.xdc (Line: 3)
Related violations: <none>

XDCH-2#97 Warning
Same min and max delay values on IO port  
The same input delay of 0.000 ns has been defined on port 'img_flat_u8x25[187]' relative to clock clk for both max and min. Make sure this reflects the design intent.
set_input_delay -clock clk 0.000 [get_ports {rst_n start {img_flat_u8x25[*]} {ker_flat_s8x9[*]}}]
D:/1012/project1/constraints/project1.xdc (Line: 3)
Related violations: <none>

XDCH-2#98 Warning
Same min and max delay values on IO port  
The same input delay of 0.000 ns has been defined on port 'img_flat_u8x25[188]' relative to clock clk for both max and min. Make sure this reflects the design intent.
set_input_delay -clock clk 0.000 [get_ports {rst_n start {img_flat_u8x25[*]} {ker_flat_s8x9[*]}}]
D:/1012/project1/constraints/project1.xdc (Line: 3)
Related violations: <none>

XDCH-2#99 Warning
Same min and max delay values on IO port  
The same input delay of 0.000 ns has been defined on port 'img_flat_u8x25[189]' relative to clock clk for both max and min. Make sure this reflects the design intent.
set_input_delay -clock clk 0.000 [get_ports {rst_n start {img_flat_u8x25[*]} {ker_flat_s8x9[*]}}]
D:/1012/project1/constraints/project1.xdc (Line: 3)
Related violations: <none>

XDCH-2#100 Warning
Same min and max delay values on IO port  
The same input delay of 0.000 ns has been defined on port 'img_flat_u8x25[18]' relative to clock clk for both max and min. Make sure this reflects the design intent.
set_input_delay -clock clk 0.000 [get_ports {rst_n start {img_flat_u8x25[*]} {ker_flat_s8x9[*]}}]
D:/1012/project1/constraints/project1.xdc (Line: 3)
Related violations: <none>

XDCH-2#101 Warning
Same min and max delay values on IO port  
The same input delay of 0.000 ns has been defined on port 'img_flat_u8x25[190]' relative to clock clk for both max and min. Make sure this reflects the design intent.
set_input_delay -clock clk 0.000 [get_ports {rst_n start {img_flat_u8x25[*]} {ker_flat_s8x9[*]}}]
D:/1012/project1/constraints/project1.xdc (Line: 3)
Related violations: <none>

XDCH-2#102 Warning
Same min and max delay values on IO port  
The same input delay of 0.000 ns has been defined on port 'img_flat_u8x25[191]' relative to clock clk for both max and min. Make sure this reflects the design intent.
set_input_delay -clock clk 0.000 [get_ports {rst_n start {img_flat_u8x25[*]} {ker_flat_s8x9[*]}}]
D:/1012/project1/constraints/project1.xdc (Line: 3)
Related violations: <none>

XDCH-2#103 Warning
Same min and max delay values on IO port  
The same input delay of 0.000 ns has been defined on port 'img_flat_u8x25[192]' relative to clock clk for both max and min. Make sure this reflects the design intent.
set_input_delay -clock clk 0.000 [get_ports {rst_n start {img_flat_u8x25[*]} {ker_flat_s8x9[*]}}]
D:/1012/project1/constraints/project1.xdc (Line: 3)
Related violations: <none>

XDCH-2#104 Warning
Same min and max delay values on IO port  
The same input delay of 0.000 ns has been defined on port 'img_flat_u8x25[193]' relative to clock clk for both max and min. Make sure this reflects the design intent.
set_input_delay -clock clk 0.000 [get_ports {rst_n start {img_flat_u8x25[*]} {ker_flat_s8x9[*]}}]
D:/1012/project1/constraints/project1.xdc (Line: 3)
Related violations: <none>

XDCH-2#105 Warning
Same min and max delay values on IO port  
The same input delay of 0.000 ns has been defined on port 'img_flat_u8x25[194]' relative to clock clk for both max and min. Make sure this reflects the design intent.
set_input_delay -clock clk 0.000 [get_ports {rst_n start {img_flat_u8x25[*]} {ker_flat_s8x9[*]}}]
D:/1012/project1/constraints/project1.xdc (Line: 3)
Related violations: <none>

XDCH-2#106 Warning
Same min and max delay values on IO port  
The same input delay of 0.000 ns has been defined on port 'img_flat_u8x25[195]' relative to clock clk for both max and min. Make sure this reflects the design intent.
set_input_delay -clock clk 0.000 [get_ports {rst_n start {img_flat_u8x25[*]} {ker_flat_s8x9[*]}}]
D:/1012/project1/constraints/project1.xdc (Line: 3)
Related violations: <none>

XDCH-2#107 Warning
Same min and max delay values on IO port  
The same input delay of 0.000 ns has been defined on port 'img_flat_u8x25[196]' relative to clock clk for both max and min. Make sure this reflects the design intent.
set_input_delay -clock clk 0.000 [get_ports {rst_n start {img_flat_u8x25[*]} {ker_flat_s8x9[*]}}]
D:/1012/project1/constraints/project1.xdc (Line: 3)
Related violations: <none>

XDCH-2#108 Warning
Same min and max delay values on IO port  
The same input delay of 0.000 ns has been defined on port 'img_flat_u8x25[197]' relative to clock clk for both max and min. Make sure this reflects the design intent.
set_input_delay -clock clk 0.000 [get_ports {rst_n start {img_flat_u8x25[*]} {ker_flat_s8x9[*]}}]
D:/1012/project1/constraints/project1.xdc (Line: 3)
Related violations: <none>

XDCH-2#109 Warning
Same min and max delay values on IO port  
The same input delay of 0.000 ns has been defined on port 'img_flat_u8x25[198]' relative to clock clk for both max and min. Make sure this reflects the design intent.
set_input_delay -clock clk 0.000 [get_ports {rst_n start {img_flat_u8x25[*]} {ker_flat_s8x9[*]}}]
D:/1012/project1/constraints/project1.xdc (Line: 3)
Related violations: <none>

XDCH-2#110 Warning
Same min and max delay values on IO port  
The same input delay of 0.000 ns has been defined on port 'img_flat_u8x25[199]' relative to clock clk for both max and min. Make sure this reflects the design intent.
set_input_delay -clock clk 0.000 [get_ports {rst_n start {img_flat_u8x25[*]} {ker_flat_s8x9[*]}}]
D:/1012/project1/constraints/project1.xdc (Line: 3)
Related violations: <none>

XDCH-2#111 Warning
Same min and max delay values on IO port  
The same input delay of 0.000 ns has been defined on port 'img_flat_u8x25[19]' relative to clock clk for both max and min. Make sure this reflects the design intent.
set_input_delay -clock clk 0.000 [get_ports {rst_n start {img_flat_u8x25[*]} {ker_flat_s8x9[*]}}]
D:/1012/project1/constraints/project1.xdc (Line: 3)
Related violations: <none>

XDCH-2#112 Warning
Same min and max delay values on IO port  
The same input delay of 0.000 ns has been defined on port 'img_flat_u8x25[1]' relative to clock clk for both max and min. Make sure this reflects the design intent.
set_input_delay -clock clk 0.000 [get_ports {rst_n start {img_flat_u8x25[*]} {ker_flat_s8x9[*]}}]
D:/1012/project1/constraints/project1.xdc (Line: 3)
Related violations: <none>

XDCH-2#113 Warning
Same min and max delay values on IO port  
The same input delay of 0.000 ns has been defined on port 'img_flat_u8x25[20]' relative to clock clk for both max and min. Make sure this reflects the design intent.
set_input_delay -clock clk 0.000 [get_ports {rst_n start {img_flat_u8x25[*]} {ker_flat_s8x9[*]}}]
D:/1012/project1/constraints/project1.xdc (Line: 3)
Related violations: <none>

XDCH-2#114 Warning
Same min and max delay values on IO port  
The same input delay of 0.000 ns has been defined on port 'img_flat_u8x25[21]' relative to clock clk for both max and min. Make sure this reflects the design intent.
set_input_delay -clock clk 0.000 [get_ports {rst_n start {img_flat_u8x25[*]} {ker_flat_s8x9[*]}}]
D:/1012/project1/constraints/project1.xdc (Line: 3)
Related violations: <none>

XDCH-2#115 Warning
Same min and max delay values on IO port  
The same input delay of 0.000 ns has been defined on port 'img_flat_u8x25[22]' relative to clock clk for both max and min. Make sure this reflects the design intent.
set_input_delay -clock clk 0.000 [get_ports {rst_n start {img_flat_u8x25[*]} {ker_flat_s8x9[*]}}]
D:/1012/project1/constraints/project1.xdc (Line: 3)
Related violations: <none>

XDCH-2#116 Warning
Same min and max delay values on IO port  
The same input delay of 0.000 ns has been defined on port 'img_flat_u8x25[23]' relative to clock clk for both max and min. Make sure this reflects the design intent.
set_input_delay -clock clk 0.000 [get_ports {rst_n start {img_flat_u8x25[*]} {ker_flat_s8x9[*]}}]
D:/1012/project1/constraints/project1.xdc (Line: 3)
Related violations: <none>

XDCH-2#117 Warning
Same min and max delay values on IO port  
The same input delay of 0.000 ns has been defined on port 'img_flat_u8x25[24]' relative to clock clk for both max and min. Make sure this reflects the design intent.
set_input_delay -clock clk 0.000 [get_ports {rst_n start {img_flat_u8x25[*]} {ker_flat_s8x9[*]}}]
D:/1012/project1/constraints/project1.xdc (Line: 3)
Related violations: <none>

XDCH-2#118 Warning
Same min and max delay values on IO port  
The same input delay of 0.000 ns has been defined on port 'img_flat_u8x25[25]' relative to clock clk for both max and min. Make sure this reflects the design intent.
set_input_delay -clock clk 0.000 [get_ports {rst_n start {img_flat_u8x25[*]} {ker_flat_s8x9[*]}}]
D:/1012/project1/constraints/project1.xdc (Line: 3)
Related violations: <none>

XDCH-2#119 Warning
Same min and max delay values on IO port  
The same input delay of 0.000 ns has been defined on port 'img_flat_u8x25[26]' relative to clock clk for both max and min. Make sure this reflects the design intent.
set_input_delay -clock clk 0.000 [get_ports {rst_n start {img_flat_u8x25[*]} {ker_flat_s8x9[*]}}]
D:/1012/project1/constraints/project1.xdc (Line: 3)
Related violations: <none>

XDCH-2#120 Warning
Same min and max delay values on IO port  
The same input delay of 0.000 ns has been defined on port 'img_flat_u8x25[27]' relative to clock clk for both max and min. Make sure this reflects the design intent.
set_input_delay -clock clk 0.000 [get_ports {rst_n start {img_flat_u8x25[*]} {ker_flat_s8x9[*]}}]
D:/1012/project1/constraints/project1.xdc (Line: 3)
Related violations: <none>

XDCH-2#121 Warning
Same min and max delay values on IO port  
The same input delay of 0.000 ns has been defined on port 'img_flat_u8x25[28]' relative to clock clk for both max and min. Make sure this reflects the design intent.
set_input_delay -clock clk 0.000 [get_ports {rst_n start {img_flat_u8x25[*]} {ker_flat_s8x9[*]}}]
D:/1012/project1/constraints/project1.xdc (Line: 3)
Related violations: <none>

XDCH-2#122 Warning
Same min and max delay values on IO port  
The same input delay of 0.000 ns has been defined on port 'img_flat_u8x25[29]' relative to clock clk for both max and min. Make sure this reflects the design intent.
set_input_delay -clock clk 0.000 [get_ports {rst_n start {img_flat_u8x25[*]} {ker_flat_s8x9[*]}}]
D:/1012/project1/constraints/project1.xdc (Line: 3)
Related violations: <none>

XDCH-2#123 Warning
Same min and max delay values on IO port  
The same input delay of 0.000 ns has been defined on port 'img_flat_u8x25[2]' relative to clock clk for both max and min. Make sure this reflects the design intent.
set_input_delay -clock clk 0.000 [get_ports {rst_n start {img_flat_u8x25[*]} {ker_flat_s8x9[*]}}]
D:/1012/project1/constraints/project1.xdc (Line: 3)
Related violations: <none>

XDCH-2#124 Warning
Same min and max delay values on IO port  
The same input delay of 0.000 ns has been defined on port 'img_flat_u8x25[30]' relative to clock clk for both max and min. Make sure this reflects the design intent.
set_input_delay -clock clk 0.000 [get_ports {rst_n start {img_flat_u8x25[*]} {ker_flat_s8x9[*]}}]
D:/1012/project1/constraints/project1.xdc (Line: 3)
Related violations: <none>

XDCH-2#125 Warning
Same min and max delay values on IO port  
The same input delay of 0.000 ns has been defined on port 'img_flat_u8x25[31]' relative to clock clk for both max and min. Make sure this reflects the design intent.
set_input_delay -clock clk 0.000 [get_ports {rst_n start {img_flat_u8x25[*]} {ker_flat_s8x9[*]}}]
D:/1012/project1/constraints/project1.xdc (Line: 3)
Related violations: <none>

XDCH-2#126 Warning
Same min and max delay values on IO port  
The same input delay of 0.000 ns has been defined on port 'img_flat_u8x25[32]' relative to clock clk for both max and min. Make sure this reflects the design intent.
set_input_delay -clock clk 0.000 [get_ports {rst_n start {img_flat_u8x25[*]} {ker_flat_s8x9[*]}}]
D:/1012/project1/constraints/project1.xdc (Line: 3)
Related violations: <none>

XDCH-2#127 Warning
Same min and max delay values on IO port  
The same input delay of 0.000 ns has been defined on port 'img_flat_u8x25[33]' relative to clock clk for both max and min. Make sure this reflects the design intent.
set_input_delay -clock clk 0.000 [get_ports {rst_n start {img_flat_u8x25[*]} {ker_flat_s8x9[*]}}]
D:/1012/project1/constraints/project1.xdc (Line: 3)
Related violations: <none>

XDCH-2#128 Warning
Same min and max delay values on IO port  
The same input delay of 0.000 ns has been defined on port 'img_flat_u8x25[34]' relative to clock clk for both max and min. Make sure this reflects the design intent.
set_input_delay -clock clk 0.000 [get_ports {rst_n start {img_flat_u8x25[*]} {ker_flat_s8x9[*]}}]
D:/1012/project1/constraints/project1.xdc (Line: 3)
Related violations: <none>

XDCH-2#129 Warning
Same min and max delay values on IO port  
The same input delay of 0.000 ns has been defined on port 'img_flat_u8x25[35]' relative to clock clk for both max and min. Make sure this reflects the design intent.
set_input_delay -clock clk 0.000 [get_ports {rst_n start {img_flat_u8x25[*]} {ker_flat_s8x9[*]}}]
D:/1012/project1/constraints/project1.xdc (Line: 3)
Related violations: <none>

XDCH-2#130 Warning
Same min and max delay values on IO port  
The same input delay of 0.000 ns has been defined on port 'img_flat_u8x25[36]' relative to clock clk for both max and min. Make sure this reflects the design intent.
set_input_delay -clock clk 0.000 [get_ports {rst_n start {img_flat_u8x25[*]} {ker_flat_s8x9[*]}}]
D:/1012/project1/constraints/project1.xdc (Line: 3)
Related violations: <none>

XDCH-2#131 Warning
Same min and max delay values on IO port  
The same input delay of 0.000 ns has been defined on port 'img_flat_u8x25[37]' relative to clock clk for both max and min. Make sure this reflects the design intent.
set_input_delay -clock clk 0.000 [get_ports {rst_n start {img_flat_u8x25[*]} {ker_flat_s8x9[*]}}]
D:/1012/project1/constraints/project1.xdc (Line: 3)
Related violations: <none>

XDCH-2#132 Warning
Same min and max delay values on IO port  
The same input delay of 0.000 ns has been defined on port 'img_flat_u8x25[38]' relative to clock clk for both max and min. Make sure this reflects the design intent.
set_input_delay -clock clk 0.000 [get_ports {rst_n start {img_flat_u8x25[*]} {ker_flat_s8x9[*]}}]
D:/1012/project1/constraints/project1.xdc (Line: 3)
Related violations: <none>

XDCH-2#133 Warning
Same min and max delay values on IO port  
The same input delay of 0.000 ns has been defined on port 'img_flat_u8x25[39]' relative to clock clk for both max and min. Make sure this reflects the design intent.
set_input_delay -clock clk 0.000 [get_ports {rst_n start {img_flat_u8x25[*]} {ker_flat_s8x9[*]}}]
D:/1012/project1/constraints/project1.xdc (Line: 3)
Related violations: <none>

XDCH-2#134 Warning
Same min and max delay values on IO port  
The same input delay of 0.000 ns has been defined on port 'img_flat_u8x25[3]' relative to clock clk for both max and min. Make sure this reflects the design intent.
set_input_delay -clock clk 0.000 [get_ports {rst_n start {img_flat_u8x25[*]} {ker_flat_s8x9[*]}}]
D:/1012/project1/constraints/project1.xdc (Line: 3)
Related violations: <none>

XDCH-2#135 Warning
Same min and max delay values on IO port  
The same input delay of 0.000 ns has been defined on port 'img_flat_u8x25[40]' relative to clock clk for both max and min. Make sure this reflects the design intent.
set_input_delay -clock clk 0.000 [get_ports {rst_n start {img_flat_u8x25[*]} {ker_flat_s8x9[*]}}]
D:/1012/project1/constraints/project1.xdc (Line: 3)
Related violations: <none>

XDCH-2#136 Warning
Same min and max delay values on IO port  
The same input delay of 0.000 ns has been defined on port 'img_flat_u8x25[41]' relative to clock clk for both max and min. Make sure this reflects the design intent.
set_input_delay -clock clk 0.000 [get_ports {rst_n start {img_flat_u8x25[*]} {ker_flat_s8x9[*]}}]
D:/1012/project1/constraints/project1.xdc (Line: 3)
Related violations: <none>

XDCH-2#137 Warning
Same min and max delay values on IO port  
The same input delay of 0.000 ns has been defined on port 'img_flat_u8x25[42]' relative to clock clk for both max and min. Make sure this reflects the design intent.
set_input_delay -clock clk 0.000 [get_ports {rst_n start {img_flat_u8x25[*]} {ker_flat_s8x9[*]}}]
D:/1012/project1/constraints/project1.xdc (Line: 3)
Related violations: <none>

XDCH-2#138 Warning
Same min and max delay values on IO port  
The same input delay of 0.000 ns has been defined on port 'img_flat_u8x25[43]' relative to clock clk for both max and min. Make sure this reflects the design intent.
set_input_delay -clock clk 0.000 [get_ports {rst_n start {img_flat_u8x25[*]} {ker_flat_s8x9[*]}}]
D:/1012/project1/constraints/project1.xdc (Line: 3)
Related violations: <none>

XDCH-2#139 Warning
Same min and max delay values on IO port  
The same input delay of 0.000 ns has been defined on port 'img_flat_u8x25[44]' relative to clock clk for both max and min. Make sure this reflects the design intent.
set_input_delay -clock clk 0.000 [get_ports {rst_n start {img_flat_u8x25[*]} {ker_flat_s8x9[*]}}]
D:/1012/project1/constraints/project1.xdc (Line: 3)
Related violations: <none>

XDCH-2#140 Warning
Same min and max delay values on IO port  
The same input delay of 0.000 ns has been defined on port 'img_flat_u8x25[45]' relative to clock clk for both max and min. Make sure this reflects the design intent.
set_input_delay -clock clk 0.000 [get_ports {rst_n start {img_flat_u8x25[*]} {ker_flat_s8x9[*]}}]
D:/1012/project1/constraints/project1.xdc (Line: 3)
Related violations: <none>

XDCH-2#141 Warning
Same min and max delay values on IO port  
The same input delay of 0.000 ns has been defined on port 'img_flat_u8x25[46]' relative to clock clk for both max and min. Make sure this reflects the design intent.
set_input_delay -clock clk 0.000 [get_ports {rst_n start {img_flat_u8x25[*]} {ker_flat_s8x9[*]}}]
D:/1012/project1/constraints/project1.xdc (Line: 3)
Related violations: <none>

XDCH-2#142 Warning
Same min and max delay values on IO port  
The same input delay of 0.000 ns has been defined on port 'img_flat_u8x25[47]' relative to clock clk for both max and min. Make sure this reflects the design intent.
set_input_delay -clock clk 0.000 [get_ports {rst_n start {img_flat_u8x25[*]} {ker_flat_s8x9[*]}}]
D:/1012/project1/constraints/project1.xdc (Line: 3)
Related violations: <none>

XDCH-2#143 Warning
Same min and max delay values on IO port  
The same input delay of 0.000 ns has been defined on port 'img_flat_u8x25[48]' relative to clock clk for both max and min. Make sure this reflects the design intent.
set_input_delay -clock clk 0.000 [get_ports {rst_n start {img_flat_u8x25[*]} {ker_flat_s8x9[*]}}]
D:/1012/project1/constraints/project1.xdc (Line: 3)
Related violations: <none>

XDCH-2#144 Warning
Same min and max delay values on IO port  
The same input delay of 0.000 ns has been defined on port 'img_flat_u8x25[49]' relative to clock clk for both max and min. Make sure this reflects the design intent.
set_input_delay -clock clk 0.000 [get_ports {rst_n start {img_flat_u8x25[*]} {ker_flat_s8x9[*]}}]
D:/1012/project1/constraints/project1.xdc (Line: 3)
Related violations: <none>

XDCH-2#145 Warning
Same min and max delay values on IO port  
The same input delay of 0.000 ns has been defined on port 'img_flat_u8x25[4]' relative to clock clk for both max and min. Make sure this reflects the design intent.
set_input_delay -clock clk 0.000 [get_ports {rst_n start {img_flat_u8x25[*]} {ker_flat_s8x9[*]}}]
D:/1012/project1/constraints/project1.xdc (Line: 3)
Related violations: <none>

XDCH-2#146 Warning
Same min and max delay values on IO port  
The same input delay of 0.000 ns has been defined on port 'img_flat_u8x25[50]' relative to clock clk for both max and min. Make sure this reflects the design intent.
set_input_delay -clock clk 0.000 [get_ports {rst_n start {img_flat_u8x25[*]} {ker_flat_s8x9[*]}}]
D:/1012/project1/constraints/project1.xdc (Line: 3)
Related violations: <none>

XDCH-2#147 Warning
Same min and max delay values on IO port  
The same input delay of 0.000 ns has been defined on port 'img_flat_u8x25[51]' relative to clock clk for both max and min. Make sure this reflects the design intent.
set_input_delay -clock clk 0.000 [get_ports {rst_n start {img_flat_u8x25[*]} {ker_flat_s8x9[*]}}]
D:/1012/project1/constraints/project1.xdc (Line: 3)
Related violations: <none>

XDCH-2#148 Warning
Same min and max delay values on IO port  
The same input delay of 0.000 ns has been defined on port 'img_flat_u8x25[52]' relative to clock clk for both max and min. Make sure this reflects the design intent.
set_input_delay -clock clk 0.000 [get_ports {rst_n start {img_flat_u8x25[*]} {ker_flat_s8x9[*]}}]
D:/1012/project1/constraints/project1.xdc (Line: 3)
Related violations: <none>

XDCH-2#149 Warning
Same min and max delay values on IO port  
The same input delay of 0.000 ns has been defined on port 'img_flat_u8x25[53]' relative to clock clk for both max and min. Make sure this reflects the design intent.
set_input_delay -clock clk 0.000 [get_ports {rst_n start {img_flat_u8x25[*]} {ker_flat_s8x9[*]}}]
D:/1012/project1/constraints/project1.xdc (Line: 3)
Related violations: <none>

XDCH-2#150 Warning
Same min and max delay values on IO port  
The same input delay of 0.000 ns has been defined on port 'img_flat_u8x25[54]' relative to clock clk for both max and min. Make sure this reflects the design intent.
set_input_delay -clock clk 0.000 [get_ports {rst_n start {img_flat_u8x25[*]} {ker_flat_s8x9[*]}}]
D:/1012/project1/constraints/project1.xdc (Line: 3)
Related violations: <none>

XDCH-2#151 Warning
Same min and max delay values on IO port  
The same input delay of 0.000 ns has been defined on port 'img_flat_u8x25[55]' relative to clock clk for both max and min. Make sure this reflects the design intent.
set_input_delay -clock clk 0.000 [get_ports {rst_n start {img_flat_u8x25[*]} {ker_flat_s8x9[*]}}]
D:/1012/project1/constraints/project1.xdc (Line: 3)
Related violations: <none>

XDCH-2#152 Warning
Same min and max delay values on IO port  
The same input delay of 0.000 ns has been defined on port 'img_flat_u8x25[56]' relative to clock clk for both max and min. Make sure this reflects the design intent.
set_input_delay -clock clk 0.000 [get_ports {rst_n start {img_flat_u8x25[*]} {ker_flat_s8x9[*]}}]
D:/1012/project1/constraints/project1.xdc (Line: 3)
Related violations: <none>

XDCH-2#153 Warning
Same min and max delay values on IO port  
The same input delay of 0.000 ns has been defined on port 'img_flat_u8x25[57]' relative to clock clk for both max and min. Make sure this reflects the design intent.
set_input_delay -clock clk 0.000 [get_ports {rst_n start {img_flat_u8x25[*]} {ker_flat_s8x9[*]}}]
D:/1012/project1/constraints/project1.xdc (Line: 3)
Related violations: <none>

XDCH-2#154 Warning
Same min and max delay values on IO port  
The same input delay of 0.000 ns has been defined on port 'img_flat_u8x25[58]' relative to clock clk for both max and min. Make sure this reflects the design intent.
set_input_delay -clock clk 0.000 [get_ports {rst_n start {img_flat_u8x25[*]} {ker_flat_s8x9[*]}}]
D:/1012/project1/constraints/project1.xdc (Line: 3)
Related violations: <none>

XDCH-2#155 Warning
Same min and max delay values on IO port  
The same input delay of 0.000 ns has been defined on port 'img_flat_u8x25[59]' relative to clock clk for both max and min. Make sure this reflects the design intent.
set_input_delay -clock clk 0.000 [get_ports {rst_n start {img_flat_u8x25[*]} {ker_flat_s8x9[*]}}]
D:/1012/project1/constraints/project1.xdc (Line: 3)
Related violations: <none>

XDCH-2#156 Warning
Same min and max delay values on IO port  
The same input delay of 0.000 ns has been defined on port 'img_flat_u8x25[5]' relative to clock clk for both max and min. Make sure this reflects the design intent.
set_input_delay -clock clk 0.000 [get_ports {rst_n start {img_flat_u8x25[*]} {ker_flat_s8x9[*]}}]
D:/1012/project1/constraints/project1.xdc (Line: 3)
Related violations: <none>

XDCH-2#157 Warning
Same min and max delay values on IO port  
The same input delay of 0.000 ns has been defined on port 'img_flat_u8x25[60]' relative to clock clk for both max and min. Make sure this reflects the design intent.
set_input_delay -clock clk 0.000 [get_ports {rst_n start {img_flat_u8x25[*]} {ker_flat_s8x9[*]}}]
D:/1012/project1/constraints/project1.xdc (Line: 3)
Related violations: <none>

XDCH-2#158 Warning
Same min and max delay values on IO port  
The same input delay of 0.000 ns has been defined on port 'img_flat_u8x25[61]' relative to clock clk for both max and min. Make sure this reflects the design intent.
set_input_delay -clock clk 0.000 [get_ports {rst_n start {img_flat_u8x25[*]} {ker_flat_s8x9[*]}}]
D:/1012/project1/constraints/project1.xdc (Line: 3)
Related violations: <none>

XDCH-2#159 Warning
Same min and max delay values on IO port  
The same input delay of 0.000 ns has been defined on port 'img_flat_u8x25[62]' relative to clock clk for both max and min. Make sure this reflects the design intent.
set_input_delay -clock clk 0.000 [get_ports {rst_n start {img_flat_u8x25[*]} {ker_flat_s8x9[*]}}]
D:/1012/project1/constraints/project1.xdc (Line: 3)
Related violations: <none>

XDCH-2#160 Warning
Same min and max delay values on IO port  
The same input delay of 0.000 ns has been defined on port 'img_flat_u8x25[63]' relative to clock clk for both max and min. Make sure this reflects the design intent.
set_input_delay -clock clk 0.000 [get_ports {rst_n start {img_flat_u8x25[*]} {ker_flat_s8x9[*]}}]
D:/1012/project1/constraints/project1.xdc (Line: 3)
Related violations: <none>

XDCH-2#161 Warning
Same min and max delay values on IO port  
The same input delay of 0.000 ns has been defined on port 'img_flat_u8x25[64]' relative to clock clk for both max and min. Make sure this reflects the design intent.
set_input_delay -clock clk 0.000 [get_ports {rst_n start {img_flat_u8x25[*]} {ker_flat_s8x9[*]}}]
D:/1012/project1/constraints/project1.xdc (Line: 3)
Related violations: <none>

XDCH-2#162 Warning
Same min and max delay values on IO port  
The same input delay of 0.000 ns has been defined on port 'img_flat_u8x25[65]' relative to clock clk for both max and min. Make sure this reflects the design intent.
set_input_delay -clock clk 0.000 [get_ports {rst_n start {img_flat_u8x25[*]} {ker_flat_s8x9[*]}}]
D:/1012/project1/constraints/project1.xdc (Line: 3)
Related violations: <none>

XDCH-2#163 Warning
Same min and max delay values on IO port  
The same input delay of 0.000 ns has been defined on port 'img_flat_u8x25[66]' relative to clock clk for both max and min. Make sure this reflects the design intent.
set_input_delay -clock clk 0.000 [get_ports {rst_n start {img_flat_u8x25[*]} {ker_flat_s8x9[*]}}]
D:/1012/project1/constraints/project1.xdc (Line: 3)
Related violations: <none>

XDCH-2#164 Warning
Same min and max delay values on IO port  
The same input delay of 0.000 ns has been defined on port 'img_flat_u8x25[67]' relative to clock clk for both max and min. Make sure this reflects the design intent.
set_input_delay -clock clk 0.000 [get_ports {rst_n start {img_flat_u8x25[*]} {ker_flat_s8x9[*]}}]
D:/1012/project1/constraints/project1.xdc (Line: 3)
Related violations: <none>

XDCH-2#165 Warning
Same min and max delay values on IO port  
The same input delay of 0.000 ns has been defined on port 'img_flat_u8x25[68]' relative to clock clk for both max and min. Make sure this reflects the design intent.
set_input_delay -clock clk 0.000 [get_ports {rst_n start {img_flat_u8x25[*]} {ker_flat_s8x9[*]}}]
D:/1012/project1/constraints/project1.xdc (Line: 3)
Related violations: <none>

XDCH-2#166 Warning
Same min and max delay values on IO port  
The same input delay of 0.000 ns has been defined on port 'img_flat_u8x25[69]' relative to clock clk for both max and min. Make sure this reflects the design intent.
set_input_delay -clock clk 0.000 [get_ports {rst_n start {img_flat_u8x25[*]} {ker_flat_s8x9[*]}}]
D:/1012/project1/constraints/project1.xdc (Line: 3)
Related violations: <none>

XDCH-2#167 Warning
Same min and max delay values on IO port  
The same input delay of 0.000 ns has been defined on port 'img_flat_u8x25[6]' relative to clock clk for both max and min. Make sure this reflects the design intent.
set_input_delay -clock clk 0.000 [get_ports {rst_n start {img_flat_u8x25[*]} {ker_flat_s8x9[*]}}]
D:/1012/project1/constraints/project1.xdc (Line: 3)
Related violations: <none>

XDCH-2#168 Warning
Same min and max delay values on IO port  
The same input delay of 0.000 ns has been defined on port 'img_flat_u8x25[70]' relative to clock clk for both max and min. Make sure this reflects the design intent.
set_input_delay -clock clk 0.000 [get_ports {rst_n start {img_flat_u8x25[*]} {ker_flat_s8x9[*]}}]
D:/1012/project1/constraints/project1.xdc (Line: 3)
Related violations: <none>

XDCH-2#169 Warning
Same min and max delay values on IO port  
The same input delay of 0.000 ns has been defined on port 'img_flat_u8x25[71]' relative to clock clk for both max and min. Make sure this reflects the design intent.
set_input_delay -clock clk 0.000 [get_ports {rst_n start {img_flat_u8x25[*]} {ker_flat_s8x9[*]}}]
D:/1012/project1/constraints/project1.xdc (Line: 3)
Related violations: <none>

XDCH-2#170 Warning
Same min and max delay values on IO port  
The same input delay of 0.000 ns has been defined on port 'img_flat_u8x25[72]' relative to clock clk for both max and min. Make sure this reflects the design intent.
set_input_delay -clock clk 0.000 [get_ports {rst_n start {img_flat_u8x25[*]} {ker_flat_s8x9[*]}}]
D:/1012/project1/constraints/project1.xdc (Line: 3)
Related violations: <none>

XDCH-2#171 Warning
Same min and max delay values on IO port  
The same input delay of 0.000 ns has been defined on port 'img_flat_u8x25[73]' relative to clock clk for both max and min. Make sure this reflects the design intent.
set_input_delay -clock clk 0.000 [get_ports {rst_n start {img_flat_u8x25[*]} {ker_flat_s8x9[*]}}]
D:/1012/project1/constraints/project1.xdc (Line: 3)
Related violations: <none>

XDCH-2#172 Warning
Same min and max delay values on IO port  
The same input delay of 0.000 ns has been defined on port 'img_flat_u8x25[74]' relative to clock clk for both max and min. Make sure this reflects the design intent.
set_input_delay -clock clk 0.000 [get_ports {rst_n start {img_flat_u8x25[*]} {ker_flat_s8x9[*]}}]
D:/1012/project1/constraints/project1.xdc (Line: 3)
Related violations: <none>

XDCH-2#173 Warning
Same min and max delay values on IO port  
The same input delay of 0.000 ns has been defined on port 'img_flat_u8x25[75]' relative to clock clk for both max and min. Make sure this reflects the design intent.
set_input_delay -clock clk 0.000 [get_ports {rst_n start {img_flat_u8x25[*]} {ker_flat_s8x9[*]}}]
D:/1012/project1/constraints/project1.xdc (Line: 3)
Related violations: <none>

XDCH-2#174 Warning
Same min and max delay values on IO port  
The same input delay of 0.000 ns has been defined on port 'img_flat_u8x25[76]' relative to clock clk for both max and min. Make sure this reflects the design intent.
set_input_delay -clock clk 0.000 [get_ports {rst_n start {img_flat_u8x25[*]} {ker_flat_s8x9[*]}}]
D:/1012/project1/constraints/project1.xdc (Line: 3)
Related violations: <none>

XDCH-2#175 Warning
Same min and max delay values on IO port  
The same input delay of 0.000 ns has been defined on port 'img_flat_u8x25[77]' relative to clock clk for both max and min. Make sure this reflects the design intent.
set_input_delay -clock clk 0.000 [get_ports {rst_n start {img_flat_u8x25[*]} {ker_flat_s8x9[*]}}]
D:/1012/project1/constraints/project1.xdc (Line: 3)
Related violations: <none>

XDCH-2#176 Warning
Same min and max delay values on IO port  
The same input delay of 0.000 ns has been defined on port 'img_flat_u8x25[78]' relative to clock clk for both max and min. Make sure this reflects the design intent.
set_input_delay -clock clk 0.000 [get_ports {rst_n start {img_flat_u8x25[*]} {ker_flat_s8x9[*]}}]
D:/1012/project1/constraints/project1.xdc (Line: 3)
Related violations: <none>

XDCH-2#177 Warning
Same min and max delay values on IO port  
The same input delay of 0.000 ns has been defined on port 'img_flat_u8x25[79]' relative to clock clk for both max and min. Make sure this reflects the design intent.
set_input_delay -clock clk 0.000 [get_ports {rst_n start {img_flat_u8x25[*]} {ker_flat_s8x9[*]}}]
D:/1012/project1/constraints/project1.xdc (Line: 3)
Related violations: <none>

XDCH-2#178 Warning
Same min and max delay values on IO port  
The same input delay of 0.000 ns has been defined on port 'img_flat_u8x25[7]' relative to clock clk for both max and min. Make sure this reflects the design intent.
set_input_delay -clock clk 0.000 [get_ports {rst_n start {img_flat_u8x25[*]} {ker_flat_s8x9[*]}}]
D:/1012/project1/constraints/project1.xdc (Line: 3)
Related violations: <none>

XDCH-2#179 Warning
Same min and max delay values on IO port  
The same input delay of 0.000 ns has been defined on port 'img_flat_u8x25[80]' relative to clock clk for both max and min. Make sure this reflects the design intent.
set_input_delay -clock clk 0.000 [get_ports {rst_n start {img_flat_u8x25[*]} {ker_flat_s8x9[*]}}]
D:/1012/project1/constraints/project1.xdc (Line: 3)
Related violations: <none>

XDCH-2#180 Warning
Same min and max delay values on IO port  
The same input delay of 0.000 ns has been defined on port 'img_flat_u8x25[81]' relative to clock clk for both max and min. Make sure this reflects the design intent.
set_input_delay -clock clk 0.000 [get_ports {rst_n start {img_flat_u8x25[*]} {ker_flat_s8x9[*]}}]
D:/1012/project1/constraints/project1.xdc (Line: 3)
Related violations: <none>

XDCH-2#181 Warning
Same min and max delay values on IO port  
The same input delay of 0.000 ns has been defined on port 'img_flat_u8x25[82]' relative to clock clk for both max and min. Make sure this reflects the design intent.
set_input_delay -clock clk 0.000 [get_ports {rst_n start {img_flat_u8x25[*]} {ker_flat_s8x9[*]}}]
D:/1012/project1/constraints/project1.xdc (Line: 3)
Related violations: <none>

XDCH-2#182 Warning
Same min and max delay values on IO port  
The same input delay of 0.000 ns has been defined on port 'img_flat_u8x25[83]' relative to clock clk for both max and min. Make sure this reflects the design intent.
set_input_delay -clock clk 0.000 [get_ports {rst_n start {img_flat_u8x25[*]} {ker_flat_s8x9[*]}}]
D:/1012/project1/constraints/project1.xdc (Line: 3)
Related violations: <none>

XDCH-2#183 Warning
Same min and max delay values on IO port  
The same input delay of 0.000 ns has been defined on port 'img_flat_u8x25[84]' relative to clock clk for both max and min. Make sure this reflects the design intent.
set_input_delay -clock clk 0.000 [get_ports {rst_n start {img_flat_u8x25[*]} {ker_flat_s8x9[*]}}]
D:/1012/project1/constraints/project1.xdc (Line: 3)
Related violations: <none>

XDCH-2#184 Warning
Same min and max delay values on IO port  
The same input delay of 0.000 ns has been defined on port 'img_flat_u8x25[85]' relative to clock clk for both max and min. Make sure this reflects the design intent.
set_input_delay -clock clk 0.000 [get_ports {rst_n start {img_flat_u8x25[*]} {ker_flat_s8x9[*]}}]
D:/1012/project1/constraints/project1.xdc (Line: 3)
Related violations: <none>

XDCH-2#185 Warning
Same min and max delay values on IO port  
The same input delay of 0.000 ns has been defined on port 'img_flat_u8x25[86]' relative to clock clk for both max and min. Make sure this reflects the design intent.
set_input_delay -clock clk 0.000 [get_ports {rst_n start {img_flat_u8x25[*]} {ker_flat_s8x9[*]}}]
D:/1012/project1/constraints/project1.xdc (Line: 3)
Related violations: <none>

XDCH-2#186 Warning
Same min and max delay values on IO port  
The same input delay of 0.000 ns has been defined on port 'img_flat_u8x25[87]' relative to clock clk for both max and min. Make sure this reflects the design intent.
set_input_delay -clock clk 0.000 [get_ports {rst_n start {img_flat_u8x25[*]} {ker_flat_s8x9[*]}}]
D:/1012/project1/constraints/project1.xdc (Line: 3)
Related violations: <none>

XDCH-2#187 Warning
Same min and max delay values on IO port  
The same input delay of 0.000 ns has been defined on port 'img_flat_u8x25[88]' relative to clock clk for both max and min. Make sure this reflects the design intent.
set_input_delay -clock clk 0.000 [get_ports {rst_n start {img_flat_u8x25[*]} {ker_flat_s8x9[*]}}]
D:/1012/project1/constraints/project1.xdc (Line: 3)
Related violations: <none>

XDCH-2#188 Warning
Same min and max delay values on IO port  
The same input delay of 0.000 ns has been defined on port 'img_flat_u8x25[89]' relative to clock clk for both max and min. Make sure this reflects the design intent.
set_input_delay -clock clk 0.000 [get_ports {rst_n start {img_flat_u8x25[*]} {ker_flat_s8x9[*]}}]
D:/1012/project1/constraints/project1.xdc (Line: 3)
Related violations: <none>

XDCH-2#189 Warning
Same min and max delay values on IO port  
The same input delay of 0.000 ns has been defined on port 'img_flat_u8x25[8]' relative to clock clk for both max and min. Make sure this reflects the design intent.
set_input_delay -clock clk 0.000 [get_ports {rst_n start {img_flat_u8x25[*]} {ker_flat_s8x9[*]}}]
D:/1012/project1/constraints/project1.xdc (Line: 3)
Related violations: <none>

XDCH-2#190 Warning
Same min and max delay values on IO port  
The same input delay of 0.000 ns has been defined on port 'img_flat_u8x25[90]' relative to clock clk for both max and min. Make sure this reflects the design intent.
set_input_delay -clock clk 0.000 [get_ports {rst_n start {img_flat_u8x25[*]} {ker_flat_s8x9[*]}}]
D:/1012/project1/constraints/project1.xdc (Line: 3)
Related violations: <none>

XDCH-2#191 Warning
Same min and max delay values on IO port  
The same input delay of 0.000 ns has been defined on port 'img_flat_u8x25[91]' relative to clock clk for both max and min. Make sure this reflects the design intent.
set_input_delay -clock clk 0.000 [get_ports {rst_n start {img_flat_u8x25[*]} {ker_flat_s8x9[*]}}]
D:/1012/project1/constraints/project1.xdc (Line: 3)
Related violations: <none>

XDCH-2#192 Warning
Same min and max delay values on IO port  
The same input delay of 0.000 ns has been defined on port 'img_flat_u8x25[92]' relative to clock clk for both max and min. Make sure this reflects the design intent.
set_input_delay -clock clk 0.000 [get_ports {rst_n start {img_flat_u8x25[*]} {ker_flat_s8x9[*]}}]
D:/1012/project1/constraints/project1.xdc (Line: 3)
Related violations: <none>

XDCH-2#193 Warning
Same min and max delay values on IO port  
The same input delay of 0.000 ns has been defined on port 'img_flat_u8x25[93]' relative to clock clk for both max and min. Make sure this reflects the design intent.
set_input_delay -clock clk 0.000 [get_ports {rst_n start {img_flat_u8x25[*]} {ker_flat_s8x9[*]}}]
D:/1012/project1/constraints/project1.xdc (Line: 3)
Related violations: <none>

XDCH-2#194 Warning
Same min and max delay values on IO port  
The same input delay of 0.000 ns has been defined on port 'img_flat_u8x25[94]' relative to clock clk for both max and min. Make sure this reflects the design intent.
set_input_delay -clock clk 0.000 [get_ports {rst_n start {img_flat_u8x25[*]} {ker_flat_s8x9[*]}}]
D:/1012/project1/constraints/project1.xdc (Line: 3)
Related violations: <none>

XDCH-2#195 Warning
Same min and max delay values on IO port  
The same input delay of 0.000 ns has been defined on port 'img_flat_u8x25[95]' relative to clock clk for both max and min. Make sure this reflects the design intent.
set_input_delay -clock clk 0.000 [get_ports {rst_n start {img_flat_u8x25[*]} {ker_flat_s8x9[*]}}]
D:/1012/project1/constraints/project1.xdc (Line: 3)
Related violations: <none>

XDCH-2#196 Warning
Same min and max delay values on IO port  
The same input delay of 0.000 ns has been defined on port 'img_flat_u8x25[96]' relative to clock clk for both max and min. Make sure this reflects the design intent.
set_input_delay -clock clk 0.000 [get_ports {rst_n start {img_flat_u8x25[*]} {ker_flat_s8x9[*]}}]
D:/1012/project1/constraints/project1.xdc (Line: 3)
Related violations: <none>

XDCH-2#197 Warning
Same min and max delay values on IO port  
The same input delay of 0.000 ns has been defined on port 'img_flat_u8x25[97]' relative to clock clk for both max and min. Make sure this reflects the design intent.
set_input_delay -clock clk 0.000 [get_ports {rst_n start {img_flat_u8x25[*]} {ker_flat_s8x9[*]}}]
D:/1012/project1/constraints/project1.xdc (Line: 3)
Related violations: <none>

XDCH-2#198 Warning
Same min and max delay values on IO port  
The same input delay of 0.000 ns has been defined on port 'img_flat_u8x25[98]' relative to clock clk for both max and min. Make sure this reflects the design intent.
set_input_delay -clock clk 0.000 [get_ports {rst_n start {img_flat_u8x25[*]} {ker_flat_s8x9[*]}}]
D:/1012/project1/constraints/project1.xdc (Line: 3)
Related violations: <none>

XDCH-2#199 Warning
Same min and max delay values on IO port  
The same input delay of 0.000 ns has been defined on port 'img_flat_u8x25[99]' relative to clock clk for both max and min. Make sure this reflects the design intent.
set_input_delay -clock clk 0.000 [get_ports {rst_n start {img_flat_u8x25[*]} {ker_flat_s8x9[*]}}]
D:/1012/project1/constraints/project1.xdc (Line: 3)
Related violations: <none>

XDCH-2#200 Warning
Same min and max delay values on IO port  
The same input delay of 0.000 ns has been defined on port 'img_flat_u8x25[9]' relative to clock clk for both max and min. Make sure this reflects the design intent.
set_input_delay -clock clk 0.000 [get_ports {rst_n start {img_flat_u8x25[*]} {ker_flat_s8x9[*]}}]
D:/1012/project1/constraints/project1.xdc (Line: 3)
Related violations: <none>

XDCH-2#201 Warning
Same min and max delay values on IO port  
The same input delay of 0.000 ns has been defined on port 'ker_flat_s8x9[0]' relative to clock clk for both max and min. Make sure this reflects the design intent.
set_input_delay -clock clk 0.000 [get_ports {rst_n start {img_flat_u8x25[*]} {ker_flat_s8x9[*]}}]
D:/1012/project1/constraints/project1.xdc (Line: 3)
Related violations: <none>

XDCH-2#202 Warning
Same min and max delay values on IO port  
The same input delay of 0.000 ns has been defined on port 'ker_flat_s8x9[10]' relative to clock clk for both max and min. Make sure this reflects the design intent.
set_input_delay -clock clk 0.000 [get_ports {rst_n start {img_flat_u8x25[*]} {ker_flat_s8x9[*]}}]
D:/1012/project1/constraints/project1.xdc (Line: 3)
Related violations: <none>

XDCH-2#203 Warning
Same min and max delay values on IO port  
The same input delay of 0.000 ns has been defined on port 'ker_flat_s8x9[11]' relative to clock clk for both max and min. Make sure this reflects the design intent.
set_input_delay -clock clk 0.000 [get_ports {rst_n start {img_flat_u8x25[*]} {ker_flat_s8x9[*]}}]
D:/1012/project1/constraints/project1.xdc (Line: 3)
Related violations: <none>

XDCH-2#204 Warning
Same min and max delay values on IO port  
The same input delay of 0.000 ns has been defined on port 'ker_flat_s8x9[12]' relative to clock clk for both max and min. Make sure this reflects the design intent.
set_input_delay -clock clk 0.000 [get_ports {rst_n start {img_flat_u8x25[*]} {ker_flat_s8x9[*]}}]
D:/1012/project1/constraints/project1.xdc (Line: 3)
Related violations: <none>

XDCH-2#205 Warning
Same min and max delay values on IO port  
The same input delay of 0.000 ns has been defined on port 'ker_flat_s8x9[13]' relative to clock clk for both max and min. Make sure this reflects the design intent.
set_input_delay -clock clk 0.000 [get_ports {rst_n start {img_flat_u8x25[*]} {ker_flat_s8x9[*]}}]
D:/1012/project1/constraints/project1.xdc (Line: 3)
Related violations: <none>

XDCH-2#206 Warning
Same min and max delay values on IO port  
The same input delay of 0.000 ns has been defined on port 'ker_flat_s8x9[14]' relative to clock clk for both max and min. Make sure this reflects the design intent.
set_input_delay -clock clk 0.000 [get_ports {rst_n start {img_flat_u8x25[*]} {ker_flat_s8x9[*]}}]
D:/1012/project1/constraints/project1.xdc (Line: 3)
Related violations: <none>

XDCH-2#207 Warning
Same min and max delay values on IO port  
The same input delay of 0.000 ns has been defined on port 'ker_flat_s8x9[15]' relative to clock clk for both max and min. Make sure this reflects the design intent.
set_input_delay -clock clk 0.000 [get_ports {rst_n start {img_flat_u8x25[*]} {ker_flat_s8x9[*]}}]
D:/1012/project1/constraints/project1.xdc (Line: 3)
Related violations: <none>

XDCH-2#208 Warning
Same min and max delay values on IO port  
The same input delay of 0.000 ns has been defined on port 'ker_flat_s8x9[16]' relative to clock clk for both max and min. Make sure this reflects the design intent.
set_input_delay -clock clk 0.000 [get_ports {rst_n start {img_flat_u8x25[*]} {ker_flat_s8x9[*]}}]
D:/1012/project1/constraints/project1.xdc (Line: 3)
Related violations: <none>

XDCH-2#209 Warning
Same min and max delay values on IO port  
The same input delay of 0.000 ns has been defined on port 'ker_flat_s8x9[17]' relative to clock clk for both max and min. Make sure this reflects the design intent.
set_input_delay -clock clk 0.000 [get_ports {rst_n start {img_flat_u8x25[*]} {ker_flat_s8x9[*]}}]
D:/1012/project1/constraints/project1.xdc (Line: 3)
Related violations: <none>

XDCH-2#210 Warning
Same min and max delay values on IO port  
The same input delay of 0.000 ns has been defined on port 'ker_flat_s8x9[18]' relative to clock clk for both max and min. Make sure this reflects the design intent.
set_input_delay -clock clk 0.000 [get_ports {rst_n start {img_flat_u8x25[*]} {ker_flat_s8x9[*]}}]
D:/1012/project1/constraints/project1.xdc (Line: 3)
Related violations: <none>

XDCH-2#211 Warning
Same min and max delay values on IO port  
The same input delay of 0.000 ns has been defined on port 'ker_flat_s8x9[19]' relative to clock clk for both max and min. Make sure this reflects the design intent.
set_input_delay -clock clk 0.000 [get_ports {rst_n start {img_flat_u8x25[*]} {ker_flat_s8x9[*]}}]
D:/1012/project1/constraints/project1.xdc (Line: 3)
Related violations: <none>

XDCH-2#212 Warning
Same min and max delay values on IO port  
The same input delay of 0.000 ns has been defined on port 'ker_flat_s8x9[1]' relative to clock clk for both max and min. Make sure this reflects the design intent.
set_input_delay -clock clk 0.000 [get_ports {rst_n start {img_flat_u8x25[*]} {ker_flat_s8x9[*]}}]
D:/1012/project1/constraints/project1.xdc (Line: 3)
Related violations: <none>

XDCH-2#213 Warning
Same min and max delay values on IO port  
The same input delay of 0.000 ns has been defined on port 'ker_flat_s8x9[20]' relative to clock clk for both max and min. Make sure this reflects the design intent.
set_input_delay -clock clk 0.000 [get_ports {rst_n start {img_flat_u8x25[*]} {ker_flat_s8x9[*]}}]
D:/1012/project1/constraints/project1.xdc (Line: 3)
Related violations: <none>

XDCH-2#214 Warning
Same min and max delay values on IO port  
The same input delay of 0.000 ns has been defined on port 'ker_flat_s8x9[21]' relative to clock clk for both max and min. Make sure this reflects the design intent.
set_input_delay -clock clk 0.000 [get_ports {rst_n start {img_flat_u8x25[*]} {ker_flat_s8x9[*]}}]
D:/1012/project1/constraints/project1.xdc (Line: 3)
Related violations: <none>

XDCH-2#215 Warning
Same min and max delay values on IO port  
The same input delay of 0.000 ns has been defined on port 'ker_flat_s8x9[22]' relative to clock clk for both max and min. Make sure this reflects the design intent.
set_input_delay -clock clk 0.000 [get_ports {rst_n start {img_flat_u8x25[*]} {ker_flat_s8x9[*]}}]
D:/1012/project1/constraints/project1.xdc (Line: 3)
Related violations: <none>

XDCH-2#216 Warning
Same min and max delay values on IO port  
The same input delay of 0.000 ns has been defined on port 'ker_flat_s8x9[23]' relative to clock clk for both max and min. Make sure this reflects the design intent.
set_input_delay -clock clk 0.000 [get_ports {rst_n start {img_flat_u8x25[*]} {ker_flat_s8x9[*]}}]
D:/1012/project1/constraints/project1.xdc (Line: 3)
Related violations: <none>

XDCH-2#217 Warning
Same min and max delay values on IO port  
The same input delay of 0.000 ns has been defined on port 'ker_flat_s8x9[24]' relative to clock clk for both max and min. Make sure this reflects the design intent.
set_input_delay -clock clk 0.000 [get_ports {rst_n start {img_flat_u8x25[*]} {ker_flat_s8x9[*]}}]
D:/1012/project1/constraints/project1.xdc (Line: 3)
Related violations: <none>

XDCH-2#218 Warning
Same min and max delay values on IO port  
The same input delay of 0.000 ns has been defined on port 'ker_flat_s8x9[25]' relative to clock clk for both max and min. Make sure this reflects the design intent.
set_input_delay -clock clk 0.000 [get_ports {rst_n start {img_flat_u8x25[*]} {ker_flat_s8x9[*]}}]
D:/1012/project1/constraints/project1.xdc (Line: 3)
Related violations: <none>

XDCH-2#219 Warning
Same min and max delay values on IO port  
The same input delay of 0.000 ns has been defined on port 'ker_flat_s8x9[26]' relative to clock clk for both max and min. Make sure this reflects the design intent.
set_input_delay -clock clk 0.000 [get_ports {rst_n start {img_flat_u8x25[*]} {ker_flat_s8x9[*]}}]
D:/1012/project1/constraints/project1.xdc (Line: 3)
Related violations: <none>

XDCH-2#220 Warning
Same min and max delay values on IO port  
The same input delay of 0.000 ns has been defined on port 'ker_flat_s8x9[27]' relative to clock clk for both max and min. Make sure this reflects the design intent.
set_input_delay -clock clk 0.000 [get_ports {rst_n start {img_flat_u8x25[*]} {ker_flat_s8x9[*]}}]
D:/1012/project1/constraints/project1.xdc (Line: 3)
Related violations: <none>

XDCH-2#221 Warning
Same min and max delay values on IO port  
The same input delay of 0.000 ns has been defined on port 'ker_flat_s8x9[28]' relative to clock clk for both max and min. Make sure this reflects the design intent.
set_input_delay -clock clk 0.000 [get_ports {rst_n start {img_flat_u8x25[*]} {ker_flat_s8x9[*]}}]
D:/1012/project1/constraints/project1.xdc (Line: 3)
Related violations: <none>

XDCH-2#222 Warning
Same min and max delay values on IO port  
The same input delay of 0.000 ns has been defined on port 'ker_flat_s8x9[29]' relative to clock clk for both max and min. Make sure this reflects the design intent.
set_input_delay -clock clk 0.000 [get_ports {rst_n start {img_flat_u8x25[*]} {ker_flat_s8x9[*]}}]
D:/1012/project1/constraints/project1.xdc (Line: 3)
Related violations: <none>

XDCH-2#223 Warning
Same min and max delay values on IO port  
The same input delay of 0.000 ns has been defined on port 'ker_flat_s8x9[2]' relative to clock clk for both max and min. Make sure this reflects the design intent.
set_input_delay -clock clk 0.000 [get_ports {rst_n start {img_flat_u8x25[*]} {ker_flat_s8x9[*]}}]
D:/1012/project1/constraints/project1.xdc (Line: 3)
Related violations: <none>

XDCH-2#224 Warning
Same min and max delay values on IO port  
The same input delay of 0.000 ns has been defined on port 'ker_flat_s8x9[30]' relative to clock clk for both max and min. Make sure this reflects the design intent.
set_input_delay -clock clk 0.000 [get_ports {rst_n start {img_flat_u8x25[*]} {ker_flat_s8x9[*]}}]
D:/1012/project1/constraints/project1.xdc (Line: 3)
Related violations: <none>

XDCH-2#225 Warning
Same min and max delay values on IO port  
The same input delay of 0.000 ns has been defined on port 'ker_flat_s8x9[31]' relative to clock clk for both max and min. Make sure this reflects the design intent.
set_input_delay -clock clk 0.000 [get_ports {rst_n start {img_flat_u8x25[*]} {ker_flat_s8x9[*]}}]
D:/1012/project1/constraints/project1.xdc (Line: 3)
Related violations: <none>

XDCH-2#226 Warning
Same min and max delay values on IO port  
The same input delay of 0.000 ns has been defined on port 'ker_flat_s8x9[32]' relative to clock clk for both max and min. Make sure this reflects the design intent.
set_input_delay -clock clk 0.000 [get_ports {rst_n start {img_flat_u8x25[*]} {ker_flat_s8x9[*]}}]
D:/1012/project1/constraints/project1.xdc (Line: 3)
Related violations: <none>

XDCH-2#227 Warning
Same min and max delay values on IO port  
The same input delay of 0.000 ns has been defined on port 'ker_flat_s8x9[33]' relative to clock clk for both max and min. Make sure this reflects the design intent.
set_input_delay -clock clk 0.000 [get_ports {rst_n start {img_flat_u8x25[*]} {ker_flat_s8x9[*]}}]
D:/1012/project1/constraints/project1.xdc (Line: 3)
Related violations: <none>

XDCH-2#228 Warning
Same min and max delay values on IO port  
The same input delay of 0.000 ns has been defined on port 'ker_flat_s8x9[34]' relative to clock clk for both max and min. Make sure this reflects the design intent.
set_input_delay -clock clk 0.000 [get_ports {rst_n start {img_flat_u8x25[*]} {ker_flat_s8x9[*]}}]
D:/1012/project1/constraints/project1.xdc (Line: 3)
Related violations: <none>

XDCH-2#229 Warning
Same min and max delay values on IO port  
The same input delay of 0.000 ns has been defined on port 'ker_flat_s8x9[35]' relative to clock clk for both max and min. Make sure this reflects the design intent.
set_input_delay -clock clk 0.000 [get_ports {rst_n start {img_flat_u8x25[*]} {ker_flat_s8x9[*]}}]
D:/1012/project1/constraints/project1.xdc (Line: 3)
Related violations: <none>

XDCH-2#230 Warning
Same min and max delay values on IO port  
The same input delay of 0.000 ns has been defined on port 'ker_flat_s8x9[36]' relative to clock clk for both max and min. Make sure this reflects the design intent.
set_input_delay -clock clk 0.000 [get_ports {rst_n start {img_flat_u8x25[*]} {ker_flat_s8x9[*]}}]
D:/1012/project1/constraints/project1.xdc (Line: 3)
Related violations: <none>

XDCH-2#231 Warning
Same min and max delay values on IO port  
The same input delay of 0.000 ns has been defined on port 'ker_flat_s8x9[37]' relative to clock clk for both max and min. Make sure this reflects the design intent.
set_input_delay -clock clk 0.000 [get_ports {rst_n start {img_flat_u8x25[*]} {ker_flat_s8x9[*]}}]
D:/1012/project1/constraints/project1.xdc (Line: 3)
Related violations: <none>

XDCH-2#232 Warning
Same min and max delay values on IO port  
The same input delay of 0.000 ns has been defined on port 'ker_flat_s8x9[38]' relative to clock clk for both max and min. Make sure this reflects the design intent.
set_input_delay -clock clk 0.000 [get_ports {rst_n start {img_flat_u8x25[*]} {ker_flat_s8x9[*]}}]
D:/1012/project1/constraints/project1.xdc (Line: 3)
Related violations: <none>

XDCH-2#233 Warning
Same min and max delay values on IO port  
The same input delay of 0.000 ns has been defined on port 'ker_flat_s8x9[39]' relative to clock clk for both max and min. Make sure this reflects the design intent.
set_input_delay -clock clk 0.000 [get_ports {rst_n start {img_flat_u8x25[*]} {ker_flat_s8x9[*]}}]
D:/1012/project1/constraints/project1.xdc (Line: 3)
Related violations: <none>

XDCH-2#234 Warning
Same min and max delay values on IO port  
The same input delay of 0.000 ns has been defined on port 'ker_flat_s8x9[3]' relative to clock clk for both max and min. Make sure this reflects the design intent.
set_input_delay -clock clk 0.000 [get_ports {rst_n start {img_flat_u8x25[*]} {ker_flat_s8x9[*]}}]
D:/1012/project1/constraints/project1.xdc (Line: 3)
Related violations: <none>

XDCH-2#235 Warning
Same min and max delay values on IO port  
The same input delay of 0.000 ns has been defined on port 'ker_flat_s8x9[40]' relative to clock clk for both max and min. Make sure this reflects the design intent.
set_input_delay -clock clk 0.000 [get_ports {rst_n start {img_flat_u8x25[*]} {ker_flat_s8x9[*]}}]
D:/1012/project1/constraints/project1.xdc (Line: 3)
Related violations: <none>

XDCH-2#236 Warning
Same min and max delay values on IO port  
The same input delay of 0.000 ns has been defined on port 'ker_flat_s8x9[41]' relative to clock clk for both max and min. Make sure this reflects the design intent.
set_input_delay -clock clk 0.000 [get_ports {rst_n start {img_flat_u8x25[*]} {ker_flat_s8x9[*]}}]
D:/1012/project1/constraints/project1.xdc (Line: 3)
Related violations: <none>

XDCH-2#237 Warning
Same min and max delay values on IO port  
The same input delay of 0.000 ns has been defined on port 'ker_flat_s8x9[42]' relative to clock clk for both max and min. Make sure this reflects the design intent.
set_input_delay -clock clk 0.000 [get_ports {rst_n start {img_flat_u8x25[*]} {ker_flat_s8x9[*]}}]
D:/1012/project1/constraints/project1.xdc (Line: 3)
Related violations: <none>

XDCH-2#238 Warning
Same min and max delay values on IO port  
The same input delay of 0.000 ns has been defined on port 'ker_flat_s8x9[43]' relative to clock clk for both max and min. Make sure this reflects the design intent.
set_input_delay -clock clk 0.000 [get_ports {rst_n start {img_flat_u8x25[*]} {ker_flat_s8x9[*]}}]
D:/1012/project1/constraints/project1.xdc (Line: 3)
Related violations: <none>

XDCH-2#239 Warning
Same min and max delay values on IO port  
The same input delay of 0.000 ns has been defined on port 'ker_flat_s8x9[44]' relative to clock clk for both max and min. Make sure this reflects the design intent.
set_input_delay -clock clk 0.000 [get_ports {rst_n start {img_flat_u8x25[*]} {ker_flat_s8x9[*]}}]
D:/1012/project1/constraints/project1.xdc (Line: 3)
Related violations: <none>

XDCH-2#240 Warning
Same min and max delay values on IO port  
The same input delay of 0.000 ns has been defined on port 'ker_flat_s8x9[45]' relative to clock clk for both max and min. Make sure this reflects the design intent.
set_input_delay -clock clk 0.000 [get_ports {rst_n start {img_flat_u8x25[*]} {ker_flat_s8x9[*]}}]
D:/1012/project1/constraints/project1.xdc (Line: 3)
Related violations: <none>

XDCH-2#241 Warning
Same min and max delay values on IO port  
The same input delay of 0.000 ns has been defined on port 'ker_flat_s8x9[46]' relative to clock clk for both max and min. Make sure this reflects the design intent.
set_input_delay -clock clk 0.000 [get_ports {rst_n start {img_flat_u8x25[*]} {ker_flat_s8x9[*]}}]
D:/1012/project1/constraints/project1.xdc (Line: 3)
Related violations: <none>

XDCH-2#242 Warning
Same min and max delay values on IO port  
The same input delay of 0.000 ns has been defined on port 'ker_flat_s8x9[47]' relative to clock clk for both max and min. Make sure this reflects the design intent.
set_input_delay -clock clk 0.000 [get_ports {rst_n start {img_flat_u8x25[*]} {ker_flat_s8x9[*]}}]
D:/1012/project1/constraints/project1.xdc (Line: 3)
Related violations: <none>

XDCH-2#243 Warning
Same min and max delay values on IO port  
The same input delay of 0.000 ns has been defined on port 'ker_flat_s8x9[48]' relative to clock clk for both max and min. Make sure this reflects the design intent.
set_input_delay -clock clk 0.000 [get_ports {rst_n start {img_flat_u8x25[*]} {ker_flat_s8x9[*]}}]
D:/1012/project1/constraints/project1.xdc (Line: 3)
Related violations: <none>

XDCH-2#244 Warning
Same min and max delay values on IO port  
The same input delay of 0.000 ns has been defined on port 'ker_flat_s8x9[49]' relative to clock clk for both max and min. Make sure this reflects the design intent.
set_input_delay -clock clk 0.000 [get_ports {rst_n start {img_flat_u8x25[*]} {ker_flat_s8x9[*]}}]
D:/1012/project1/constraints/project1.xdc (Line: 3)
Related violations: <none>

XDCH-2#245 Warning
Same min and max delay values on IO port  
The same input delay of 0.000 ns has been defined on port 'ker_flat_s8x9[4]' relative to clock clk for both max and min. Make sure this reflects the design intent.
set_input_delay -clock clk 0.000 [get_ports {rst_n start {img_flat_u8x25[*]} {ker_flat_s8x9[*]}}]
D:/1012/project1/constraints/project1.xdc (Line: 3)
Related violations: <none>

XDCH-2#246 Warning
Same min and max delay values on IO port  
The same input delay of 0.000 ns has been defined on port 'ker_flat_s8x9[50]' relative to clock clk for both max and min. Make sure this reflects the design intent.
set_input_delay -clock clk 0.000 [get_ports {rst_n start {img_flat_u8x25[*]} {ker_flat_s8x9[*]}}]
D:/1012/project1/constraints/project1.xdc (Line: 3)
Related violations: <none>

XDCH-2#247 Warning
Same min and max delay values on IO port  
The same input delay of 0.000 ns has been defined on port 'ker_flat_s8x9[51]' relative to clock clk for both max and min. Make sure this reflects the design intent.
set_input_delay -clock clk 0.000 [get_ports {rst_n start {img_flat_u8x25[*]} {ker_flat_s8x9[*]}}]
D:/1012/project1/constraints/project1.xdc (Line: 3)
Related violations: <none>

XDCH-2#248 Warning
Same min and max delay values on IO port  
The same input delay of 0.000 ns has been defined on port 'ker_flat_s8x9[52]' relative to clock clk for both max and min. Make sure this reflects the design intent.
set_input_delay -clock clk 0.000 [get_ports {rst_n start {img_flat_u8x25[*]} {ker_flat_s8x9[*]}}]
D:/1012/project1/constraints/project1.xdc (Line: 3)
Related violations: <none>

XDCH-2#249 Warning
Same min and max delay values on IO port  
The same input delay of 0.000 ns has been defined on port 'ker_flat_s8x9[53]' relative to clock clk for both max and min. Make sure this reflects the design intent.
set_input_delay -clock clk 0.000 [get_ports {rst_n start {img_flat_u8x25[*]} {ker_flat_s8x9[*]}}]
D:/1012/project1/constraints/project1.xdc (Line: 3)
Related violations: <none>

XDCH-2#250 Warning
Same min and max delay values on IO port  
The same input delay of 0.000 ns has been defined on port 'ker_flat_s8x9[54]' relative to clock clk for both max and min. Make sure this reflects the design intent.
set_input_delay -clock clk 0.000 [get_ports {rst_n start {img_flat_u8x25[*]} {ker_flat_s8x9[*]}}]
D:/1012/project1/constraints/project1.xdc (Line: 3)
Related violations: <none>

XDCH-2#251 Warning
Same min and max delay values on IO port  
The same input delay of 0.000 ns has been defined on port 'ker_flat_s8x9[55]' relative to clock clk for both max and min. Make sure this reflects the design intent.
set_input_delay -clock clk 0.000 [get_ports {rst_n start {img_flat_u8x25[*]} {ker_flat_s8x9[*]}}]
D:/1012/project1/constraints/project1.xdc (Line: 3)
Related violations: <none>

XDCH-2#252 Warning
Same min and max delay values on IO port  
The same input delay of 0.000 ns has been defined on port 'ker_flat_s8x9[56]' relative to clock clk for both max and min. Make sure this reflects the design intent.
set_input_delay -clock clk 0.000 [get_ports {rst_n start {img_flat_u8x25[*]} {ker_flat_s8x9[*]}}]
D:/1012/project1/constraints/project1.xdc (Line: 3)
Related violations: <none>

XDCH-2#253 Warning
Same min and max delay values on IO port  
The same input delay of 0.000 ns has been defined on port 'ker_flat_s8x9[57]' relative to clock clk for both max and min. Make sure this reflects the design intent.
set_input_delay -clock clk 0.000 [get_ports {rst_n start {img_flat_u8x25[*]} {ker_flat_s8x9[*]}}]
D:/1012/project1/constraints/project1.xdc (Line: 3)
Related violations: <none>

XDCH-2#254 Warning
Same min and max delay values on IO port  
The same input delay of 0.000 ns has been defined on port 'ker_flat_s8x9[58]' relative to clock clk for both max and min. Make sure this reflects the design intent.
set_input_delay -clock clk 0.000 [get_ports {rst_n start {img_flat_u8x25[*]} {ker_flat_s8x9[*]}}]
D:/1012/project1/constraints/project1.xdc (Line: 3)
Related violations: <none>

XDCH-2#255 Warning
Same min and max delay values on IO port  
The same input delay of 0.000 ns has been defined on port 'ker_flat_s8x9[59]' relative to clock clk for both max and min. Make sure this reflects the design intent.
set_input_delay -clock clk 0.000 [get_ports {rst_n start {img_flat_u8x25[*]} {ker_flat_s8x9[*]}}]
D:/1012/project1/constraints/project1.xdc (Line: 3)
Related violations: <none>

XDCH-2#256 Warning
Same min and max delay values on IO port  
The same input delay of 0.000 ns has been defined on port 'ker_flat_s8x9[5]' relative to clock clk for both max and min. Make sure this reflects the design intent.
set_input_delay -clock clk 0.000 [get_ports {rst_n start {img_flat_u8x25[*]} {ker_flat_s8x9[*]}}]
D:/1012/project1/constraints/project1.xdc (Line: 3)
Related violations: <none>

XDCH-2#257 Warning
Same min and max delay values on IO port  
The same input delay of 0.000 ns has been defined on port 'ker_flat_s8x9[60]' relative to clock clk for both max and min. Make sure this reflects the design intent.
set_input_delay -clock clk 0.000 [get_ports {rst_n start {img_flat_u8x25[*]} {ker_flat_s8x9[*]}}]
D:/1012/project1/constraints/project1.xdc (Line: 3)
Related violations: <none>

XDCH-2#258 Warning
Same min and max delay values on IO port  
The same input delay of 0.000 ns has been defined on port 'ker_flat_s8x9[61]' relative to clock clk for both max and min. Make sure this reflects the design intent.
set_input_delay -clock clk 0.000 [get_ports {rst_n start {img_flat_u8x25[*]} {ker_flat_s8x9[*]}}]
D:/1012/project1/constraints/project1.xdc (Line: 3)
Related violations: <none>

XDCH-2#259 Warning
Same min and max delay values on IO port  
The same input delay of 0.000 ns has been defined on port 'ker_flat_s8x9[62]' relative to clock clk for both max and min. Make sure this reflects the design intent.
set_input_delay -clock clk 0.000 [get_ports {rst_n start {img_flat_u8x25[*]} {ker_flat_s8x9[*]}}]
D:/1012/project1/constraints/project1.xdc (Line: 3)
Related violations: <none>

XDCH-2#260 Warning
Same min and max delay values on IO port  
The same input delay of 0.000 ns has been defined on port 'ker_flat_s8x9[63]' relative to clock clk for both max and min. Make sure this reflects the design intent.
set_input_delay -clock clk 0.000 [get_ports {rst_n start {img_flat_u8x25[*]} {ker_flat_s8x9[*]}}]
D:/1012/project1/constraints/project1.xdc (Line: 3)
Related violations: <none>

XDCH-2#261 Warning
Same min and max delay values on IO port  
The same input delay of 0.000 ns has been defined on port 'ker_flat_s8x9[64]' relative to clock clk for both max and min. Make sure this reflects the design intent.
set_input_delay -clock clk 0.000 [get_ports {rst_n start {img_flat_u8x25[*]} {ker_flat_s8x9[*]}}]
D:/1012/project1/constraints/project1.xdc (Line: 3)
Related violations: <none>

XDCH-2#262 Warning
Same min and max delay values on IO port  
The same input delay of 0.000 ns has been defined on port 'ker_flat_s8x9[65]' relative to clock clk for both max and min. Make sure this reflects the design intent.
set_input_delay -clock clk 0.000 [get_ports {rst_n start {img_flat_u8x25[*]} {ker_flat_s8x9[*]}}]
D:/1012/project1/constraints/project1.xdc (Line: 3)
Related violations: <none>

XDCH-2#263 Warning
Same min and max delay values on IO port  
The same input delay of 0.000 ns has been defined on port 'ker_flat_s8x9[66]' relative to clock clk for both max and min. Make sure this reflects the design intent.
set_input_delay -clock clk 0.000 [get_ports {rst_n start {img_flat_u8x25[*]} {ker_flat_s8x9[*]}}]
D:/1012/project1/constraints/project1.xdc (Line: 3)
Related violations: <none>

XDCH-2#264 Warning
Same min and max delay values on IO port  
The same input delay of 0.000 ns has been defined on port 'ker_flat_s8x9[67]' relative to clock clk for both max and min. Make sure this reflects the design intent.
set_input_delay -clock clk 0.000 [get_ports {rst_n start {img_flat_u8x25[*]} {ker_flat_s8x9[*]}}]
D:/1012/project1/constraints/project1.xdc (Line: 3)
Related violations: <none>

XDCH-2#265 Warning
Same min and max delay values on IO port  
The same input delay of 0.000 ns has been defined on port 'ker_flat_s8x9[68]' relative to clock clk for both max and min. Make sure this reflects the design intent.
set_input_delay -clock clk 0.000 [get_ports {rst_n start {img_flat_u8x25[*]} {ker_flat_s8x9[*]}}]
D:/1012/project1/constraints/project1.xdc (Line: 3)
Related violations: <none>

XDCH-2#266 Warning
Same min and max delay values on IO port  
The same input delay of 0.000 ns has been defined on port 'ker_flat_s8x9[69]' relative to clock clk for both max and min. Make sure this reflects the design intent.
set_input_delay -clock clk 0.000 [get_ports {rst_n start {img_flat_u8x25[*]} {ker_flat_s8x9[*]}}]
D:/1012/project1/constraints/project1.xdc (Line: 3)
Related violations: <none>

XDCH-2#267 Warning
Same min and max delay values on IO port  
The same input delay of 0.000 ns has been defined on port 'ker_flat_s8x9[6]' relative to clock clk for both max and min. Make sure this reflects the design intent.
set_input_delay -clock clk 0.000 [get_ports {rst_n start {img_flat_u8x25[*]} {ker_flat_s8x9[*]}}]
D:/1012/project1/constraints/project1.xdc (Line: 3)
Related violations: <none>

XDCH-2#268 Warning
Same min and max delay values on IO port  
The same input delay of 0.000 ns has been defined on port 'ker_flat_s8x9[70]' relative to clock clk for both max and min. Make sure this reflects the design intent.
set_input_delay -clock clk 0.000 [get_ports {rst_n start {img_flat_u8x25[*]} {ker_flat_s8x9[*]}}]
D:/1012/project1/constraints/project1.xdc (Line: 3)
Related violations: <none>

XDCH-2#269 Warning
Same min and max delay values on IO port  
The same input delay of 0.000 ns has been defined on port 'ker_flat_s8x9[71]' relative to clock clk for both max and min. Make sure this reflects the design intent.
set_input_delay -clock clk 0.000 [get_ports {rst_n start {img_flat_u8x25[*]} {ker_flat_s8x9[*]}}]
D:/1012/project1/constraints/project1.xdc (Line: 3)
Related violations: <none>

XDCH-2#270 Warning
Same min and max delay values on IO port  
The same input delay of 0.000 ns has been defined on port 'ker_flat_s8x9[7]' relative to clock clk for both max and min. Make sure this reflects the design intent.
set_input_delay -clock clk 0.000 [get_ports {rst_n start {img_flat_u8x25[*]} {ker_flat_s8x9[*]}}]
D:/1012/project1/constraints/project1.xdc (Line: 3)
Related violations: <none>

XDCH-2#271 Warning
Same min and max delay values on IO port  
The same input delay of 0.000 ns has been defined on port 'ker_flat_s8x9[8]' relative to clock clk for both max and min. Make sure this reflects the design intent.
set_input_delay -clock clk 0.000 [get_ports {rst_n start {img_flat_u8x25[*]} {ker_flat_s8x9[*]}}]
D:/1012/project1/constraints/project1.xdc (Line: 3)
Related violations: <none>

XDCH-2#272 Warning
Same min and max delay values on IO port  
The same input delay of 0.000 ns has been defined on port 'ker_flat_s8x9[9]' relative to clock clk for both max and min. Make sure this reflects the design intent.
set_input_delay -clock clk 0.000 [get_ports {rst_n start {img_flat_u8x25[*]} {ker_flat_s8x9[*]}}]
D:/1012/project1/constraints/project1.xdc (Line: 3)
Related violations: <none>

XDCH-2#273 Warning
Same min and max delay values on IO port  
The same input delay of 0.000 ns has been defined on port 'rst_n' relative to clock clk for both max and min. Make sure this reflects the design intent.
set_input_delay -clock clk 0.000 [get_ports {rst_n start {img_flat_u8x25[*]} {ker_flat_s8x9[*]}}]
D:/1012/project1/constraints/project1.xdc (Line: 3)
Related violations: <none>

XDCH-2#274 Warning
Same min and max delay values on IO port  
The same input delay of 0.000 ns has been defined on port 'start' relative to clock clk for both max and min. Make sure this reflects the design intent.
set_input_delay -clock clk 0.000 [get_ports {rst_n start {img_flat_u8x25[*]} {ker_flat_s8x9[*]}}]
D:/1012/project1/constraints/project1.xdc (Line: 3)
Related violations: <none>

XDCH-2#275 Warning
Same min and max delay values on IO port  
The same output delay of 0.000 ns has been defined on port 'done' relative to clock clk for both max and min. Make sure this reflects the design intent.
set_output_delay -clock clk 0.000 [get_ports {done {out_flat_u8x4[*]}}]
D:/1012/project1/constraints/project1.xdc (Line: 4)
Related violations: <none>

XDCH-2#276 Warning
Same min and max delay values on IO port  
The same output delay of 0.000 ns has been defined on port 'out_flat_u8x4[0]' relative to clock clk for both max and min. Make sure this reflects the design intent.
set_output_delay -clock clk 0.000 [get_ports {done {out_flat_u8x4[*]}}]
D:/1012/project1/constraints/project1.xdc (Line: 4)
Related violations: <none>

XDCH-2#277 Warning
Same min and max delay values on IO port  
The same output delay of 0.000 ns has been defined on port 'out_flat_u8x4[10]' relative to clock clk for both max and min. Make sure this reflects the design intent.
set_output_delay -clock clk 0.000 [get_ports {done {out_flat_u8x4[*]}}]
D:/1012/project1/constraints/project1.xdc (Line: 4)
Related violations: <none>

XDCH-2#278 Warning
Same min and max delay values on IO port  
The same output delay of 0.000 ns has been defined on port 'out_flat_u8x4[11]' relative to clock clk for both max and min. Make sure this reflects the design intent.
set_output_delay -clock clk 0.000 [get_ports {done {out_flat_u8x4[*]}}]
D:/1012/project1/constraints/project1.xdc (Line: 4)
Related violations: <none>

XDCH-2#279 Warning
Same min and max delay values on IO port  
The same output delay of 0.000 ns has been defined on port 'out_flat_u8x4[12]' relative to clock clk for both max and min. Make sure this reflects the design intent.
set_output_delay -clock clk 0.000 [get_ports {done {out_flat_u8x4[*]}}]
D:/1012/project1/constraints/project1.xdc (Line: 4)
Related violations: <none>

XDCH-2#280 Warning
Same min and max delay values on IO port  
The same output delay of 0.000 ns has been defined on port 'out_flat_u8x4[13]' relative to clock clk for both max and min. Make sure this reflects the design intent.
set_output_delay -clock clk 0.000 [get_ports {done {out_flat_u8x4[*]}}]
D:/1012/project1/constraints/project1.xdc (Line: 4)
Related violations: <none>

XDCH-2#281 Warning
Same min and max delay values on IO port  
The same output delay of 0.000 ns has been defined on port 'out_flat_u8x4[14]' relative to clock clk for both max and min. Make sure this reflects the design intent.
set_output_delay -clock clk 0.000 [get_ports {done {out_flat_u8x4[*]}}]
D:/1012/project1/constraints/project1.xdc (Line: 4)
Related violations: <none>

XDCH-2#282 Warning
Same min and max delay values on IO port  
The same output delay of 0.000 ns has been defined on port 'out_flat_u8x4[15]' relative to clock clk for both max and min. Make sure this reflects the design intent.
set_output_delay -clock clk 0.000 [get_ports {done {out_flat_u8x4[*]}}]
D:/1012/project1/constraints/project1.xdc (Line: 4)
Related violations: <none>

XDCH-2#283 Warning
Same min and max delay values on IO port  
The same output delay of 0.000 ns has been defined on port 'out_flat_u8x4[16]' relative to clock clk for both max and min. Make sure this reflects the design intent.
set_output_delay -clock clk 0.000 [get_ports {done {out_flat_u8x4[*]}}]
D:/1012/project1/constraints/project1.xdc (Line: 4)
Related violations: <none>

XDCH-2#284 Warning
Same min and max delay values on IO port  
The same output delay of 0.000 ns has been defined on port 'out_flat_u8x4[17]' relative to clock clk for both max and min. Make sure this reflects the design intent.
set_output_delay -clock clk 0.000 [get_ports {done {out_flat_u8x4[*]}}]
D:/1012/project1/constraints/project1.xdc (Line: 4)
Related violations: <none>

XDCH-2#285 Warning
Same min and max delay values on IO port  
The same output delay of 0.000 ns has been defined on port 'out_flat_u8x4[18]' relative to clock clk for both max and min. Make sure this reflects the design intent.
set_output_delay -clock clk 0.000 [get_ports {done {out_flat_u8x4[*]}}]
D:/1012/project1/constraints/project1.xdc (Line: 4)
Related violations: <none>

XDCH-2#286 Warning
Same min and max delay values on IO port  
The same output delay of 0.000 ns has been defined on port 'out_flat_u8x4[19]' relative to clock clk for both max and min. Make sure this reflects the design intent.
set_output_delay -clock clk 0.000 [get_ports {done {out_flat_u8x4[*]}}]
D:/1012/project1/constraints/project1.xdc (Line: 4)
Related violations: <none>

XDCH-2#287 Warning
Same min and max delay values on IO port  
The same output delay of 0.000 ns has been defined on port 'out_flat_u8x4[1]' relative to clock clk for both max and min. Make sure this reflects the design intent.
set_output_delay -clock clk 0.000 [get_ports {done {out_flat_u8x4[*]}}]
D:/1012/project1/constraints/project1.xdc (Line: 4)
Related violations: <none>

XDCH-2#288 Warning
Same min and max delay values on IO port  
The same output delay of 0.000 ns has been defined on port 'out_flat_u8x4[20]' relative to clock clk for both max and min. Make sure this reflects the design intent.
set_output_delay -clock clk 0.000 [get_ports {done {out_flat_u8x4[*]}}]
D:/1012/project1/constraints/project1.xdc (Line: 4)
Related violations: <none>

XDCH-2#289 Warning
Same min and max delay values on IO port  
The same output delay of 0.000 ns has been defined on port 'out_flat_u8x4[21]' relative to clock clk for both max and min. Make sure this reflects the design intent.
set_output_delay -clock clk 0.000 [get_ports {done {out_flat_u8x4[*]}}]
D:/1012/project1/constraints/project1.xdc (Line: 4)
Related violations: <none>

XDCH-2#290 Warning
Same min and max delay values on IO port  
The same output delay of 0.000 ns has been defined on port 'out_flat_u8x4[22]' relative to clock clk for both max and min. Make sure this reflects the design intent.
set_output_delay -clock clk 0.000 [get_ports {done {out_flat_u8x4[*]}}]
D:/1012/project1/constraints/project1.xdc (Line: 4)
Related violations: <none>

XDCH-2#291 Warning
Same min and max delay values on IO port  
The same output delay of 0.000 ns has been defined on port 'out_flat_u8x4[23]' relative to clock clk for both max and min. Make sure this reflects the design intent.
set_output_delay -clock clk 0.000 [get_ports {done {out_flat_u8x4[*]}}]
D:/1012/project1/constraints/project1.xdc (Line: 4)
Related violations: <none>

XDCH-2#292 Warning
Same min and max delay values on IO port  
The same output delay of 0.000 ns has been defined on port 'out_flat_u8x4[24]' relative to clock clk for both max and min. Make sure this reflects the design intent.
set_output_delay -clock clk 0.000 [get_ports {done {out_flat_u8x4[*]}}]
D:/1012/project1/constraints/project1.xdc (Line: 4)
Related violations: <none>

XDCH-2#293 Warning
Same min and max delay values on IO port  
The same output delay of 0.000 ns has been defined on port 'out_flat_u8x4[25]' relative to clock clk for both max and min. Make sure this reflects the design intent.
set_output_delay -clock clk 0.000 [get_ports {done {out_flat_u8x4[*]}}]
D:/1012/project1/constraints/project1.xdc (Line: 4)
Related violations: <none>

XDCH-2#294 Warning
Same min and max delay values on IO port  
The same output delay of 0.000 ns has been defined on port 'out_flat_u8x4[26]' relative to clock clk for both max and min. Make sure this reflects the design intent.
set_output_delay -clock clk 0.000 [get_ports {done {out_flat_u8x4[*]}}]
D:/1012/project1/constraints/project1.xdc (Line: 4)
Related violations: <none>

XDCH-2#295 Warning
Same min and max delay values on IO port  
The same output delay of 0.000 ns has been defined on port 'out_flat_u8x4[27]' relative to clock clk for both max and min. Make sure this reflects the design intent.
set_output_delay -clock clk 0.000 [get_ports {done {out_flat_u8x4[*]}}]
D:/1012/project1/constraints/project1.xdc (Line: 4)
Related violations: <none>

XDCH-2#296 Warning
Same min and max delay values on IO port  
The same output delay of 0.000 ns has been defined on port 'out_flat_u8x4[28]' relative to clock clk for both max and min. Make sure this reflects the design intent.
set_output_delay -clock clk 0.000 [get_ports {done {out_flat_u8x4[*]}}]
D:/1012/project1/constraints/project1.xdc (Line: 4)
Related violations: <none>

XDCH-2#297 Warning
Same min and max delay values on IO port  
The same output delay of 0.000 ns has been defined on port 'out_flat_u8x4[29]' relative to clock clk for both max and min. Make sure this reflects the design intent.
set_output_delay -clock clk 0.000 [get_ports {done {out_flat_u8x4[*]}}]
D:/1012/project1/constraints/project1.xdc (Line: 4)
Related violations: <none>

XDCH-2#298 Warning
Same min and max delay values on IO port  
The same output delay of 0.000 ns has been defined on port 'out_flat_u8x4[2]' relative to clock clk for both max and min. Make sure this reflects the design intent.
set_output_delay -clock clk 0.000 [get_ports {done {out_flat_u8x4[*]}}]
D:/1012/project1/constraints/project1.xdc (Line: 4)
Related violations: <none>

XDCH-2#299 Warning
Same min and max delay values on IO port  
The same output delay of 0.000 ns has been defined on port 'out_flat_u8x4[30]' relative to clock clk for both max and min. Make sure this reflects the design intent.
set_output_delay -clock clk 0.000 [get_ports {done {out_flat_u8x4[*]}}]
D:/1012/project1/constraints/project1.xdc (Line: 4)
Related violations: <none>

XDCH-2#300 Warning
Same min and max delay values on IO port  
The same output delay of 0.000 ns has been defined on port 'out_flat_u8x4[31]' relative to clock clk for both max and min. Make sure this reflects the design intent.
set_output_delay -clock clk 0.000 [get_ports {done {out_flat_u8x4[*]}}]
D:/1012/project1/constraints/project1.xdc (Line: 4)
Related violations: <none>

XDCH-2#301 Warning
Same min and max delay values on IO port  
The same output delay of 0.000 ns has been defined on port 'out_flat_u8x4[3]' relative to clock clk for both max and min. Make sure this reflects the design intent.
set_output_delay -clock clk 0.000 [get_ports {done {out_flat_u8x4[*]}}]
D:/1012/project1/constraints/project1.xdc (Line: 4)
Related violations: <none>

XDCH-2#302 Warning
Same min and max delay values on IO port  
The same output delay of 0.000 ns has been defined on port 'out_flat_u8x4[4]' relative to clock clk for both max and min. Make sure this reflects the design intent.
set_output_delay -clock clk 0.000 [get_ports {done {out_flat_u8x4[*]}}]
D:/1012/project1/constraints/project1.xdc (Line: 4)
Related violations: <none>

XDCH-2#303 Warning
Same min and max delay values on IO port  
The same output delay of 0.000 ns has been defined on port 'out_flat_u8x4[5]' relative to clock clk for both max and min. Make sure this reflects the design intent.
set_output_delay -clock clk 0.000 [get_ports {done {out_flat_u8x4[*]}}]
D:/1012/project1/constraints/project1.xdc (Line: 4)
Related violations: <none>

XDCH-2#304 Warning
Same min and max delay values on IO port  
The same output delay of 0.000 ns has been defined on port 'out_flat_u8x4[6]' relative to clock clk for both max and min. Make sure this reflects the design intent.
set_output_delay -clock clk 0.000 [get_ports {done {out_flat_u8x4[*]}}]
D:/1012/project1/constraints/project1.xdc (Line: 4)
Related violations: <none>

XDCH-2#305 Warning
Same min and max delay values on IO port  
The same output delay of 0.000 ns has been defined on port 'out_flat_u8x4[7]' relative to clock clk for both max and min. Make sure this reflects the design intent.
set_output_delay -clock clk 0.000 [get_ports {done {out_flat_u8x4[*]}}]
D:/1012/project1/constraints/project1.xdc (Line: 4)
Related violations: <none>

XDCH-2#306 Warning
Same min and max delay values on IO port  
The same output delay of 0.000 ns has been defined on port 'out_flat_u8x4[8]' relative to clock clk for both max and min. Make sure this reflects the design intent.
set_output_delay -clock clk 0.000 [get_ports {done {out_flat_u8x4[*]}}]
D:/1012/project1/constraints/project1.xdc (Line: 4)
Related violations: <none>

XDCH-2#307 Warning
Same min and max delay values on IO port  
The same output delay of 0.000 ns has been defined on port 'out_flat_u8x4[9]' relative to clock clk for both max and min. Make sure this reflects the design intent.
set_output_delay -clock clk 0.000 [get_ports {done {out_flat_u8x4[*]}}]
D:/1012/project1/constraints/project1.xdc (Line: 4)
Related violations: <none>


