Copyright 1986-2022 Xilinx, Inc. All Rights Reserved. Copyright 2022-2025 Advanced Micro Devices, Inc. All Rights Reserved.
---------------------------------------------------------------------------------------------------------------------------------------------------------------------------------------------------------------------------------------------------------------------------------------------------------------------
| Tool Version : Vivado v.2025.1 (win64) Build 6140274 Thu May 22 00:12:29 MDT 2025
| Date         : Sun Apr 26 21:27:23 2026
| Host         : DESKTOP-JH0OJSQ running 64-bit major release  (build 9200)
| Command      : report_timing_summary -max_paths 10 -routable_nets -report_unconstrained -file cnn_compare_booth_simd_pipe_dsp_top_timing_summary_routed.rpt -pb cnn_compare_booth_simd_pipe_dsp_top_timing_summary_routed.pb -rpx cnn_compare_booth_simd_pipe_dsp_top_timing_summary_routed.rpx -warn_on_violation
| Design       : cnn_compare_booth_simd_pipe_dsp_top
| Device       : 7a200t-fbg676
| Speed File   : -2  PRODUCTION 1.23 2018-06-13
| Design State : Routed
---------------------------------------------------------------------------------------------------------------------------------------------------------------------------------------------------------------------------------------------------------------------------------------------------------------------

Timing Summary Report

------------------------------------------------------------------------------------------------
| Timer Settings
| --------------
------------------------------------------------------------------------------------------------

  Enable Multi Corner Analysis               :  Yes
  Enable Pessimism Removal                   :  Yes
  Pessimism Removal Resolution               :  Nearest Common Node
  Enable Input Delay Default Clock           :  No
  Enable Preset / Clear Arcs                 :  No
  Disable Flight Delays                      :  No
  Ignore I/O Paths                           :  No
  Timing Early Launch at Borrowing Latches   :  No
  Borrow Time for Max Delay Exceptions       :  Yes
  Merge Timing Exceptions                    :  Yes
  Inter-SLR Compensation                     :  Conservative

  Corner  Analyze    Analyze    
  Name    Max Paths  Min Paths  
  ------  ---------  ---------  
  Slow    Yes        Yes        
  Fast    Yes        Yes        


------------------------------------------------------------------------------------------------
| Report Methodology
| ------------------
------------------------------------------------------------------------------------------------

Rule       Severity  Description                               Violations  
---------  --------  ----------------------------------------  ----------  
TIMING-16  Warning   Large setup violation                     278         
XDCH-2     Warning   Same min and max delay values on IO port  307         

Note: This report is based on the most recent report_methodology run and may not be up-to-date. Run report_methodology on the current design for the latest report.



check_timing report

Table of Contents
-----------------
1. checking no_clock (0)
2. checking constant_clock (0)
3. checking pulse_width_clock (0)
4. checking unconstrained_internal_endpoints (0)
5. checking no_input_delay (0)
6. checking no_output_delay (0)
7. checking multiple_clock (0)
8. checking generated_clocks (0)
9. checking loops (0)
10. checking partial_input_delay (0)
11. checking partial_output_delay (0)
12. checking latch_loops (0)

1. checking no_clock (0)
------------------------
 There are 0 register/latch pins with no clock.


2. checking constant_clock (0)
------------------------------
 There are 0 register/latch pins with constant_clock.


3. checking pulse_width_clock (0)
---------------------------------
 There are 0 register/latch pins which need pulse_width check


4. checking unconstrained_internal_endpoints (0)
------------------------------------------------
 There are 0 pins that are not constrained for maximum delay.

 There are 0 pins that are not constrained for maximum delay due to constant clock.


5. checking no_input_delay (0)
------------------------------
 There are 0 input ports with no input delay specified.

 There are 0 input ports with no input delay but user has a false path constraint.


6. checking no_output_delay (0)
-------------------------------
 There are 0 ports with no output delay specified.

 There are 0 ports with no output delay but user has a false path constraint

 There are 0 ports with no output delay but with a timing clock defined on it or propagating through it


7. checking multiple_clock (0)
------------------------------
 There are 0 register/latch pins with multiple clocks.


8. checking generated_clocks (0)
--------------------------------
 There are 0 generated clocks that are not connected to a clock source.


9. checking loops (0)
---------------------
 There are 0 combinational loops in the design.


10. checking partial_input_delay (0)
------------------------------------
 There are 0 input ports with partial input delay specified.


11. checking partial_output_delay (0)
-------------------------------------
 There are 0 ports with partial output delay specified.


12. checking latch_loops (0)
----------------------------
 There are 0 combinational latch loops in the design through latch input



------------------------------------------------------------------------------------------------
| Design Timing Summary
| ---------------------
------------------------------------------------------------------------------------------------

    WNS(ns)      TNS(ns)  TNS Failing Endpoints  TNS Total Endpoints      WHS(ns)      THS(ns)  THS Failing Endpoints  THS Total Endpoints     WPWS(ns)     TPWS(ns)  TPWS Failing Endpoints  TPWS Total Endpoints  
    -------      -------  ---------------------  -------------------      -------      -------  ---------------------  -------------------     --------     --------  ----------------------  --------------------  
     -3.427    -1157.191                    565                  891        0.187        0.000                      0                  891        2.000        0.000                       0                   288  


Timing constraints are not met.


------------------------------------------------------------------------------------------------
| Clock Summary
| -------------
------------------------------------------------------------------------------------------------

Clock  Waveform(ns)         Period(ns)      Frequency(MHz)
-----  ------------         ----------      --------------
clk    {0.000 2.500}        5.000           200.000         


------------------------------------------------------------------------------------------------
| Intra Clock Table
| -----------------
------------------------------------------------------------------------------------------------

Clock             WNS(ns)      TNS(ns)  TNS Failing Endpoints  TNS Total Endpoints      WHS(ns)      THS(ns)  THS Failing Endpoints  THS Total Endpoints     WPWS(ns)     TPWS(ns)  TPWS Failing Endpoints  TPWS Total Endpoints  
-----             -------      -------  ---------------------  -------------------      -------      -------  ---------------------  -------------------     --------     --------  ----------------------  --------------------  
clk                -3.427     -754.309                    337                  604        0.187        0.000                      0                  604        2.000        0.000                       0                   288  


------------------------------------------------------------------------------------------------
| Inter Clock Table
| -----------------
------------------------------------------------------------------------------------------------

From Clock    To Clock          WNS(ns)      TNS(ns)  TNS Failing Endpoints  TNS Total Endpoints      WHS(ns)      THS(ns)  THS Failing Endpoints  THS Total Endpoints  
----------    --------          -------      -------  ---------------------  -------------------      -------      -------  ---------------------  -------------------  


------------------------------------------------------------------------------------------------
| Other Path Groups Table
| -----------------------
------------------------------------------------------------------------------------------------

Path Group         From Clock         To Clock               WNS(ns)      TNS(ns)  TNS Failing Endpoints  TNS Total Endpoints      WHS(ns)      THS(ns)  THS Failing Endpoints  THS Total Endpoints  
----------         ----------         --------               -------      -------  ---------------------  -------------------      -------      -------  ---------------------  -------------------  
**async_default**  clk                clk                     -3.053     -402.883                    228                  287        0.235        0.000                      0                  287  


------------------------------------------------------------------------------------------------
| User Ignored Path Table
| -----------------------
------------------------------------------------------------------------------------------------

Path Group    From Clock    To Clock    
----------    ----------    --------    


------------------------------------------------------------------------------------------------
| Unconstrained Path Table
| ------------------------
------------------------------------------------------------------------------------------------

Path Group    From Clock    To Clock    
----------    ----------    --------    


------------------------------------------------------------------------------------------------
| Timing Details
| --------------
------------------------------------------------------------------------------------------------


---------------------------------------------------------------------------------------------------
From Clock:  clk
  To Clock:  clk

Setup :          337  Failing Endpoints,  Worst Slack       -3.427ns,  Total Violation     -754.309ns
Hold  :            0  Failing Endpoints,  Worst Slack        0.187ns,  Total Violation        0.000ns
PW    :            0  Failing Endpoints,  Worst Slack        2.000ns,  Total Violation        0.000ns
---------------------------------------------------------------------------------------------------


Max Delay Paths
--------------------------------------------------------------------------------------
Slack (VIOLATED) :        -3.427ns  (required time - arrival time)
  Source:                 u_booth_simd_pipe_dsp/done_reg/C
                            (rising edge-triggered cell FDCE clocked by clk  {rise@0.000ns fall@2.500ns period=5.000ns})
  Destination:            done
                            (output port clocked by clk  {rise@0.000ns fall@2.500ns period=5.000ns})
  Path Group:             clk
  Path Type:              Max at Slow Process Corner
  Requirement:            5.000ns  (clk rise@5.000ns - clk rise@0.000ns)
  Data Path Delay:        4.070ns  (logic 2.816ns (69.186%)  route 1.254ns (30.814%))
  Logic Levels:           1  (OBUF=1)
  Output Delay:           0.000ns
  Clock Path Skew:        -4.322ns (DCD - SCD + CPR)
    Destination Clock Delay (DCD):    0.000ns = ( 5.000 - 5.000 ) 
    Source Clock Delay      (SCD):    4.322ns
    Clock Pessimism Removal (CPR):    0.000ns
  Clock Uncertainty:      0.035ns  ((TSJ^2 + TIJ^2)^1/2 + DJ) / 2 + PE
    Total System Jitter     (TSJ):    0.071ns
    Total Input Jitter      (TIJ):    0.000ns
    Discrete Jitter          (DJ):    0.000ns
    Phase Error              (PE):    0.000ns

    Location             Delay type                Incr(ns)  Path(ns)    Netlist Resource(s)
  -------------------------------------------------------------------    -------------------
                         (clock clk rise edge)        0.000     0.000 r  
    M2                                                0.000     0.000 r  clk (IN)
                         net (fo=0)                   0.000     0.000    clk
    M2                   IBUF (Prop_ibuf_I_O)         0.912     0.912 r  clk_IBUF_inst/O
                         net (fo=1, routed)           1.792     2.704    clk_IBUF
    BUFGCTRL_X0Y0        BUFG (Prop_bufg_I_O)         0.081     2.785 r  clk_IBUF_BUFG_inst/O
                         net (fo=287, routed)         1.537     4.322    u_booth_simd_pipe_dsp/clk_IBUF_BUFG
    SLICE_X163Y157       FDCE                                         r  u_booth_simd_pipe_dsp/done_reg/C
  -------------------------------------------------------------------    -------------------
    SLICE_X163Y157       FDCE (Prop_fdce_C_Q)         0.379     4.701 r  u_booth_simd_pipe_dsp/done_reg/Q
                         net (fo=1, routed)           1.254     5.955    done_OBUF
    B1                   OBUF (Prop_obuf_I_O)         2.437     8.392 r  done_OBUF_inst/O
                         net (fo=0)                   0.000     8.392    done
    B1                                                                r  done (OUT)
  -------------------------------------------------------------------    -------------------

                         (clock clk rise edge)        5.000     5.000 r  
                         clock pessimism              0.000     5.000    
                         clock uncertainty           -0.035     4.965    
                         output delay                -0.000     4.965    
  -------------------------------------------------------------------
                         required time                          4.965    
                         arrival time                          -8.392    
  -------------------------------------------------------------------
                         slack                                 -3.427    

Slack (VIOLATED) :        -3.424ns  (required time - arrival time)
  Source:                 u_booth_simd_pipe_dsp/out_flat_u8x4_reg[24]/C
                            (rising edge-triggered cell FDCE clocked by clk  {rise@0.000ns fall@2.500ns period=5.000ns})
  Destination:            out_flat_u8x4[24]
                            (output port clocked by clk  {rise@0.000ns fall@2.500ns period=5.000ns})
  Path Group:             clk
  Path Type:              Max at Slow Process Corner
  Requirement:            5.000ns  (clk rise@5.000ns - clk rise@0.000ns)
  Data Path Delay:        4.071ns  (logic 2.817ns (69.195%)  route 1.254ns (30.805%))
  Logic Levels:           1  (OBUF=1)
  Output Delay:           0.000ns
  Clock Path Skew:        -4.318ns (DCD - SCD + CPR)
    Destination Clock Delay (DCD):    0.000ns = ( 5.000 - 5.000 ) 
    Source Clock Delay      (SCD):    4.318ns
    Clock Pessimism Removal (CPR):    0.000ns
  Clock Uncertainty:      0.035ns  ((TSJ^2 + TIJ^2)^1/2 + DJ) / 2 + PE
    Total System Jitter     (TSJ):    0.071ns
    Total Input Jitter      (TIJ):    0.000ns
    Discrete Jitter          (DJ):    0.000ns
    Phase Error              (PE):    0.000ns

    Location             Delay type                Incr(ns)  Path(ns)    Netlist Resource(s)
  -------------------------------------------------------------------    -------------------
                         (clock clk rise edge)        0.000     0.000 r  
    M2                                                0.000     0.000 r  clk (IN)
                         net (fo=0)                   0.000     0.000    clk
    M2                   IBUF (Prop_ibuf_I_O)         0.912     0.912 r  clk_IBUF_inst/O
                         net (fo=1, routed)           1.792     2.704    clk_IBUF
    BUFGCTRL_X0Y0        BUFG (Prop_bufg_I_O)         0.081     2.785 r  clk_IBUF_BUFG_inst/O
                         net (fo=287, routed)         1.533     4.318    u_booth_simd_pipe_dsp/clk_IBUF_BUFG
    SLICE_X162Y124       FDCE                                         r  u_booth_simd_pipe_dsp/out_flat_u8x4_reg[24]/C
  -------------------------------------------------------------------    -------------------
    SLICE_X162Y124       FDCE (Prop_fdce_C_Q)         0.433     4.751 r  u_booth_simd_pipe_dsp/out_flat_u8x4_reg[24]/Q
                         net (fo=1, routed)           1.254     6.005    out_flat_u8x4_OBUF[24]
    R3                   OBUF (Prop_obuf_I_O)         2.384     8.388 r  out_flat_u8x4_OBUF[24]_inst/O
                         net (fo=0)                   0.000     8.388    out_flat_u8x4[24]
    R3                                                                r  out_flat_u8x4[24] (OUT)
  -------------------------------------------------------------------    -------------------

                         (clock clk rise edge)        5.000     5.000 r  
                         clock pessimism              0.000     5.000    
                         clock uncertainty           -0.035     4.965    
                         output delay                -0.000     4.965    
  -------------------------------------------------------------------
                         required time                          4.965    
                         arrival time                          -8.388    
  -------------------------------------------------------------------
                         slack                                 -3.424    

Slack (VIOLATED) :        -3.419ns  (required time - arrival time)
  Source:                 u_booth_simd_pipe_dsp/out_flat_u8x4_reg[9]/C
                            (rising edge-triggered cell FDCE clocked by clk  {rise@0.000ns fall@2.500ns period=5.000ns})
  Destination:            out_flat_u8x4[9]
                            (output port clocked by clk  {rise@0.000ns fall@2.500ns period=5.000ns})
  Path Group:             clk
  Path Type:              Max at Slow Process Corner
  Requirement:            5.000ns  (clk rise@5.000ns - clk rise@0.000ns)
  Data Path Delay:        4.049ns  (logic 2.795ns (69.030%)  route 1.254ns (30.970%))
  Logic Levels:           1  (OBUF=1)
  Output Delay:           0.000ns
  Clock Path Skew:        -4.335ns (DCD - SCD + CPR)
    Destination Clock Delay (DCD):    0.000ns = ( 5.000 - 5.000 ) 
    Source Clock Delay      (SCD):    4.335ns
    Clock Pessimism Removal (CPR):    0.000ns
  Clock Uncertainty:      0.035ns  ((TSJ^2 + TIJ^2)^1/2 + DJ) / 2 + PE
    Total System Jitter     (TSJ):    0.071ns
    Total Input Jitter      (TIJ):    0.000ns
    Discrete Jitter          (DJ):    0.000ns
    Phase Error              (PE):    0.000ns

    Location             Delay type                Incr(ns)  Path(ns)    Netlist Resource(s)
  -------------------------------------------------------------------    -------------------
                         (clock clk rise edge)        0.000     0.000 r  
    M2                                                0.000     0.000 r  clk (IN)
                         net (fo=0)                   0.000     0.000    clk
    M2                   IBUF (Prop_ibuf_I_O)         0.912     0.912 r  clk_IBUF_inst/O
                         net (fo=1, routed)           1.792     2.704    clk_IBUF
    BUFGCTRL_X0Y0        BUFG (Prop_bufg_I_O)         0.081     2.785 r  clk_IBUF_BUFG_inst/O
                         net (fo=287, routed)         1.550     4.335    u_booth_simd_pipe_dsp/clk_IBUF_BUFG
    SLICE_X162Y109       FDCE                                         r  u_booth_simd_pipe_dsp/out_flat_u8x4_reg[9]/C
  -------------------------------------------------------------------    -------------------
    SLICE_X162Y109       FDCE (Prop_fdce_C_Q)         0.433     4.768 r  u_booth_simd_pipe_dsp/out_flat_u8x4_reg[9]/Q
                         net (fo=1, routed)           1.254     6.022    out_flat_u8x4_OBUF[9]
    R5                   OBUF (Prop_obuf_I_O)         2.362     8.384 r  out_flat_u8x4_OBUF[9]_inst/O
                         net (fo=0)                   0.000     8.384    out_flat_u8x4[9]
    R5                                                                r  out_flat_u8x4[9] (OUT)
  -------------------------------------------------------------------    -------------------

                         (clock clk rise edge)        5.000     5.000 r  
                         clock pessimism              0.000     5.000    
                         clock uncertainty           -0.035     4.965    
                         output delay                -0.000     4.965    
  -------------------------------------------------------------------
                         required time                          4.965    
                         arrival time                          -8.384    
  -------------------------------------------------------------------
                         slack                                 -3.419    

Slack (VIOLATED) :        -3.419ns  (required time - arrival time)
  Source:                 u_booth_simd_pipe_dsp/out_flat_u8x4_reg[29]/C
                            (rising edge-triggered cell FDCE clocked by clk  {rise@0.000ns fall@2.500ns period=5.000ns})
  Destination:            out_flat_u8x4[29]
                            (output port clocked by clk  {rise@0.000ns fall@2.500ns period=5.000ns})
  Path Group:             clk
  Path Type:              Max at Slow Process Corner
  Requirement:            5.000ns  (clk rise@5.000ns - clk rise@0.000ns)
  Data Path Delay:        4.060ns  (logic 2.806ns (69.115%)  route 1.254ns (30.885%))
  Logic Levels:           1  (OBUF=1)
  Output Delay:           0.000ns
  Clock Path Skew:        -4.323ns (DCD - SCD + CPR)
    Destination Clock Delay (DCD):    0.000ns = ( 5.000 - 5.000 ) 
    Source Clock Delay      (SCD):    4.323ns
    Clock Pessimism Removal (CPR):    0.000ns
  Clock Uncertainty:      0.035ns  ((TSJ^2 + TIJ^2)^1/2 + DJ) / 2 + PE
    Total System Jitter     (TSJ):    0.071ns
    Total Input Jitter      (TIJ):    0.000ns
    Discrete Jitter          (DJ):    0.000ns
    Phase Error              (PE):    0.000ns

    Location             Delay type                Incr(ns)  Path(ns)    Netlist Resource(s)
  -------------------------------------------------------------------    -------------------
                         (clock clk rise edge)        0.000     0.000 r  
    M2                                                0.000     0.000 r  clk (IN)
                         net (fo=0)                   0.000     0.000    clk
    M2                   IBUF (Prop_ibuf_I_O)         0.912     0.912 r  clk_IBUF_inst/O
                         net (fo=1, routed)           1.792     2.704    clk_IBUF
    BUFGCTRL_X0Y0        BUFG (Prop_bufg_I_O)         0.081     2.785 r  clk_IBUF_BUFG_inst/O
                         net (fo=287, routed)         1.538     4.323    u_booth_simd_pipe_dsp/clk_IBUF_BUFG
    SLICE_X163Y154       FDCE                                         r  u_booth_simd_pipe_dsp/out_flat_u8x4_reg[29]/C
  -------------------------------------------------------------------    -------------------
    SLICE_X163Y154       FDCE (Prop_fdce_C_Q)         0.379     4.702 r  u_booth_simd_pipe_dsp/out_flat_u8x4_reg[29]/Q
                         net (fo=1, routed)           1.254     5.956    out_flat_u8x4_OBUF[29]
    E1                   OBUF (Prop_obuf_I_O)         2.427     8.383 r  out_flat_u8x4_OBUF[29]_inst/O
                         net (fo=0)                   0.000     8.383    out_flat_u8x4[29]
    E1                                                                r  out_flat_u8x4[29] (OUT)
  -------------------------------------------------------------------    -------------------

                         (clock clk rise edge)        5.000     5.000 r  
                         clock pessimism              0.000     5.000    
                         clock uncertainty           -0.035     4.965    
                         output delay                -0.000     4.965    
  -------------------------------------------------------------------
                         required time                          4.965    
                         arrival time                          -8.383    
  -------------------------------------------------------------------
                         slack                                 -3.419    

Slack (VIOLATED) :        -3.419ns  (required time - arrival time)
  Source:                 u_booth_simd_pipe_dsp/out_flat_u8x4_reg[28]/C
                            (rising edge-triggered cell FDCE clocked by clk  {rise@0.000ns fall@2.500ns period=5.000ns})
  Destination:            out_flat_u8x4[28]
                            (output port clocked by clk  {rise@0.000ns fall@2.500ns period=5.000ns})
  Path Group:             clk
  Path Type:              Max at Slow Process Corner
  Requirement:            5.000ns  (clk rise@5.000ns - clk rise@0.000ns)
  Data Path Delay:        4.060ns  (logic 2.806ns (69.115%)  route 1.254ns (30.885%))
  Logic Levels:           1  (OBUF=1)
  Output Delay:           0.000ns
  Clock Path Skew:        -4.323ns (DCD - SCD + CPR)
    Destination Clock Delay (DCD):    0.000ns = ( 5.000 - 5.000 ) 
    Source Clock Delay      (SCD):    4.323ns
    Clock Pessimism Removal (CPR):    0.000ns
  Clock Uncertainty:      0.035ns  ((TSJ^2 + TIJ^2)^1/2 + DJ) / 2 + PE
    Total System Jitter     (TSJ):    0.071ns
    Total Input Jitter      (TIJ):    0.000ns
    Discrete Jitter          (DJ):    0.000ns
    Phase Error              (PE):    0.000ns

    Location             Delay type                Incr(ns)  Path(ns)    Netlist Resource(s)
  -------------------------------------------------------------------    -------------------
                         (clock clk rise edge)        0.000     0.000 r  
    M2                                                0.000     0.000 r  clk (IN)
                         net (fo=0)                   0.000     0.000    clk
    M2                   IBUF (Prop_ibuf_I_O)         0.912     0.912 r  clk_IBUF_inst/O
                         net (fo=1, routed)           1.792     2.704    clk_IBUF
    BUFGCTRL_X0Y0        BUFG (Prop_bufg_I_O)         0.081     2.785 r  clk_IBUF_BUFG_inst/O
                         net (fo=287, routed)         1.538     4.323    u_booth_simd_pipe_dsp/clk_IBUF_BUFG
    SLICE_X163Y153       FDCE                                         r  u_booth_simd_pipe_dsp/out_flat_u8x4_reg[28]/C
  -------------------------------------------------------------------    -------------------
    SLICE_X163Y153       FDCE (Prop_fdce_C_Q)         0.379     4.702 r  u_booth_simd_pipe_dsp/out_flat_u8x4_reg[28]/Q
                         net (fo=1, routed)           1.254     5.956    out_flat_u8x4_OBUF[28]
    D1                   OBUF (Prop_obuf_I_O)         2.427     8.383 r  out_flat_u8x4_OBUF[28]_inst/O
                         net (fo=0)                   0.000     8.383    out_flat_u8x4[28]
    D1                                                                r  out_flat_u8x4[28] (OUT)
  -------------------------------------------------------------------    -------------------

                         (clock clk rise edge)        5.000     5.000 r  
                         clock pessimism              0.000     5.000    
                         clock uncertainty           -0.035     4.965    
                         output delay                -0.000     4.965    
  -------------------------------------------------------------------
                         required time                          4.965    
                         arrival time                          -8.383    
  -------------------------------------------------------------------
                         slack                                 -3.419    

Slack (VIOLATED) :        -3.413ns  (required time - arrival time)
  Source:                 u_booth_simd_pipe_dsp/out_flat_u8x4_reg[13]/C
                            (rising edge-triggered cell FDCE clocked by clk  {rise@0.000ns fall@2.500ns period=5.000ns})
  Destination:            out_flat_u8x4[13]
                            (output port clocked by clk  {rise@0.000ns fall@2.500ns period=5.000ns})
  Path Group:             clk
  Path Type:              Max at Slow Process Corner
  Requirement:            5.000ns  (clk rise@5.000ns - clk rise@0.000ns)
  Data Path Delay:        4.046ns  (logic 2.792ns (69.003%)  route 1.254ns (30.997%))
  Logic Levels:           1  (OBUF=1)
  Output Delay:           0.000ns
  Clock Path Skew:        -4.332ns (DCD - SCD + CPR)
    Destination Clock Delay (DCD):    0.000ns = ( 5.000 - 5.000 ) 
    Source Clock Delay      (SCD):    4.332ns
    Clock Pessimism Removal (CPR):    0.000ns
  Clock Uncertainty:      0.035ns  ((TSJ^2 + TIJ^2)^1/2 + DJ) / 2 + PE
    Total System Jitter     (TSJ):    0.071ns
    Total Input Jitter      (TIJ):    0.000ns
    Discrete Jitter          (DJ):    0.000ns
    Phase Error              (PE):    0.000ns

    Location             Delay type                Incr(ns)  Path(ns)    Netlist Resource(s)
  -------------------------------------------------------------------    -------------------
                         (clock clk rise edge)        0.000     0.000 r  
    M2                                                0.000     0.000 r  clk (IN)
                         net (fo=0)                   0.000     0.000    clk
    M2                   IBUF (Prop_ibuf_I_O)         0.912     0.912 r  clk_IBUF_inst/O
                         net (fo=1, routed)           1.792     2.704    clk_IBUF
    BUFGCTRL_X0Y0        BUFG (Prop_bufg_I_O)         0.081     2.785 r  clk_IBUF_BUFG_inst/O
                         net (fo=287, routed)         1.547     4.332    u_booth_simd_pipe_dsp/clk_IBUF_BUFG
    SLICE_X163Y113       FDCE                                         r  u_booth_simd_pipe_dsp/out_flat_u8x4_reg[13]/C
  -------------------------------------------------------------------    -------------------
    SLICE_X163Y113       FDCE (Prop_fdce_C_Q)         0.379     4.711 r  u_booth_simd_pipe_dsp/out_flat_u8x4_reg[13]/Q
                         net (fo=1, routed)           1.254     5.965    out_flat_u8x4_OBUF[13]
    U1                   OBUF (Prop_obuf_I_O)         2.413     8.377 r  out_flat_u8x4_OBUF[13]_inst/O
                         net (fo=0)                   0.000     8.377    out_flat_u8x4[13]
    U1                                                                r  out_flat_u8x4[13] (OUT)
  -------------------------------------------------------------------    -------------------

                         (clock clk rise edge)        5.000     5.000 r  
                         clock pessimism              0.000     5.000    
                         clock uncertainty           -0.035     4.965    
                         output delay                -0.000     4.965    
  -------------------------------------------------------------------
                         required time                          4.965    
                         arrival time                          -8.377    
  -------------------------------------------------------------------
                         slack                                 -3.413    

Slack (VIOLATED) :        -3.412ns  (required time - arrival time)
  Source:                 u_booth_simd_pipe_dsp/out_flat_u8x4_reg[12]/C
                            (rising edge-triggered cell FDCE clocked by clk  {rise@0.000ns fall@2.500ns period=5.000ns})
  Destination:            out_flat_u8x4[12]
                            (output port clocked by clk  {rise@0.000ns fall@2.500ns period=5.000ns})
  Path Group:             clk
  Path Type:              Max at Slow Process Corner
  Requirement:            5.000ns  (clk rise@5.000ns - clk rise@0.000ns)
  Data Path Delay:        4.044ns  (logic 2.790ns (68.989%)  route 1.254ns (31.011%))
  Logic Levels:           1  (OBUF=1)
  Output Delay:           0.000ns
  Clock Path Skew:        -4.333ns (DCD - SCD + CPR)
    Destination Clock Delay (DCD):    0.000ns = ( 5.000 - 5.000 ) 
    Source Clock Delay      (SCD):    4.333ns
    Clock Pessimism Removal (CPR):    0.000ns
  Clock Uncertainty:      0.035ns  ((TSJ^2 + TIJ^2)^1/2 + DJ) / 2 + PE
    Total System Jitter     (TSJ):    0.071ns
    Total Input Jitter      (TIJ):    0.000ns
    Discrete Jitter          (DJ):    0.000ns
    Phase Error              (PE):    0.000ns

    Location             Delay type                Incr(ns)  Path(ns)    Netlist Resource(s)
  -------------------------------------------------------------------    -------------------
                         (clock clk rise edge)        0.000     0.000 r  
    M2                                                0.000     0.000 r  clk (IN)
                         net (fo=0)                   0.000     0.000    clk
    M2                   IBUF (Prop_ibuf_I_O)         0.912     0.912 r  clk_IBUF_inst/O
                         net (fo=1, routed)           1.792     2.704    clk_IBUF
    BUFGCTRL_X0Y0        BUFG (Prop_bufg_I_O)         0.081     2.785 r  clk_IBUF_BUFG_inst/O
                         net (fo=287, routed)         1.548     4.333    u_booth_simd_pipe_dsp/clk_IBUF_BUFG
    SLICE_X162Y112       FDCE                                         r  u_booth_simd_pipe_dsp/out_flat_u8x4_reg[12]/C
  -------------------------------------------------------------------    -------------------
    SLICE_X162Y112       FDCE (Prop_fdce_C_Q)         0.433     4.766 r  u_booth_simd_pipe_dsp/out_flat_u8x4_reg[12]/Q
                         net (fo=1, routed)           1.254     6.020    out_flat_u8x4_OBUF[12]
    P6                   OBUF (Prop_obuf_I_O)         2.357     8.376 r  out_flat_u8x4_OBUF[12]_inst/O
                         net (fo=0)                   0.000     8.376    out_flat_u8x4[12]
    P6                                                                r  out_flat_u8x4[12] (OUT)
  -------------------------------------------------------------------    -------------------

                         (clock clk rise edge)        5.000     5.000 r  
                         clock pessimism              0.000     5.000    
                         clock uncertainty           -0.035     4.965    
                         output delay                -0.000     4.965    
  -------------------------------------------------------------------
                         required time                          4.965    
                         arrival time                          -8.376    
  -------------------------------------------------------------------
                         slack                                 -3.412    

Slack (VIOLATED) :        -3.411ns  (required time - arrival time)
  Source:                 u_booth_simd_pipe_dsp/out_flat_u8x4_reg[30]/C
                            (rising edge-triggered cell FDCE clocked by clk  {rise@0.000ns fall@2.500ns period=5.000ns})
  Destination:            out_flat_u8x4[30]
                            (output port clocked by clk  {rise@0.000ns fall@2.500ns period=5.000ns})
  Path Group:             clk
  Path Type:              Max at Slow Process Corner
  Requirement:            5.000ns  (clk rise@5.000ns - clk rise@0.000ns)
  Data Path Delay:        4.053ns  (logic 2.799ns (69.059%)  route 1.254ns (30.941%))
  Logic Levels:           1  (OBUF=1)
  Output Delay:           0.000ns
  Clock Path Skew:        -4.323ns (DCD - SCD + CPR)
    Destination Clock Delay (DCD):    0.000ns = ( 5.000 - 5.000 ) 
    Source Clock Delay      (SCD):    4.323ns
    Clock Pessimism Removal (CPR):    0.000ns
  Clock Uncertainty:      0.035ns  ((TSJ^2 + TIJ^2)^1/2 + DJ) / 2 + PE
    Total System Jitter     (TSJ):    0.071ns
    Total Input Jitter      (TIJ):    0.000ns
    Discrete Jitter          (DJ):    0.000ns
    Phase Error              (PE):    0.000ns

    Location             Delay type                Incr(ns)  Path(ns)    Netlist Resource(s)
  -------------------------------------------------------------------    -------------------
                         (clock clk rise edge)        0.000     0.000 r  
    M2                                                0.000     0.000 r  clk (IN)
                         net (fo=0)                   0.000     0.000    clk
    M2                   IBUF (Prop_ibuf_I_O)         0.912     0.912 r  clk_IBUF_inst/O
                         net (fo=1, routed)           1.792     2.704    clk_IBUF
    BUFGCTRL_X0Y0        BUFG (Prop_bufg_I_O)         0.081     2.785 r  clk_IBUF_BUFG_inst/O
                         net (fo=287, routed)         1.538     4.323    u_booth_simd_pipe_dsp/clk_IBUF_BUFG
    SLICE_X163Y155       FDCE                                         r  u_booth_simd_pipe_dsp/out_flat_u8x4_reg[30]/C
  -------------------------------------------------------------------    -------------------
    SLICE_X163Y155       FDCE (Prop_fdce_C_Q)         0.379     4.702 r  u_booth_simd_pipe_dsp/out_flat_u8x4_reg[30]/Q
                         net (fo=1, routed)           1.254     5.956    out_flat_u8x4_OBUF[30]
    E2                   OBUF (Prop_obuf_I_O)         2.420     8.376 r  out_flat_u8x4_OBUF[30]_inst/O
                         net (fo=0)                   0.000     8.376    out_flat_u8x4[30]
    E2                                                                r  out_flat_u8x4[30] (OUT)
  -------------------------------------------------------------------    -------------------

                         (clock clk rise edge)        5.000     5.000 r  
                         clock pessimism              0.000     5.000    
                         clock uncertainty           -0.035     4.965    
                         output delay                -0.000     4.965    
  -------------------------------------------------------------------
                         required time                          4.965    
                         arrival time                          -8.376    
  -------------------------------------------------------------------
                         slack                                 -3.411    

Slack (VIOLATED) :        -3.411ns  (required time - arrival time)
  Source:                 u_booth_simd_pipe_dsp/out_flat_u8x4_reg[1]/C
                            (rising edge-triggered cell FDCE clocked by clk  {rise@0.000ns fall@2.500ns period=5.000ns})
  Destination:            out_flat_u8x4[1]
                            (output port clocked by clk  {rise@0.000ns fall@2.500ns period=5.000ns})
  Path Group:             clk
  Path Type:              Max at Slow Process Corner
  Requirement:            5.000ns  (clk rise@5.000ns - clk rise@0.000ns)
  Data Path Delay:        4.038ns  (logic 2.784ns (68.949%)  route 1.254ns (31.051%))
  Logic Levels:           1  (OBUF=1)
  Output Delay:           0.000ns
  Clock Path Skew:        -4.337ns (DCD - SCD + CPR)
    Destination Clock Delay (DCD):    0.000ns = ( 5.000 - 5.000 ) 
    Source Clock Delay      (SCD):    4.337ns
    Clock Pessimism Removal (CPR):    0.000ns
  Clock Uncertainty:      0.035ns  ((TSJ^2 + TIJ^2)^1/2 + DJ) / 2 + PE
    Total System Jitter     (TSJ):    0.071ns
    Total Input Jitter      (TIJ):    0.000ns
    Discrete Jitter          (DJ):    0.000ns
    Phase Error              (PE):    0.000ns

    Location             Delay type                Incr(ns)  Path(ns)    Netlist Resource(s)
  -------------------------------------------------------------------    -------------------
                         (clock clk rise edge)        0.000     0.000 r  
    M2                                                0.000     0.000 r  clk (IN)
                         net (fo=0)                   0.000     0.000    clk
    M2                   IBUF (Prop_ibuf_I_O)         0.912     0.912 r  clk_IBUF_inst/O
                         net (fo=1, routed)           1.792     2.704    clk_IBUF
    BUFGCTRL_X0Y0        BUFG (Prop_bufg_I_O)         0.081     2.785 r  clk_IBUF_BUFG_inst/O
                         net (fo=287, routed)         1.552     4.337    u_booth_simd_pipe_dsp/clk_IBUF_BUFG
    SLICE_X162Y101       FDCE                                         r  u_booth_simd_pipe_dsp/out_flat_u8x4_reg[1]/C
  -------------------------------------------------------------------    -------------------
    SLICE_X162Y101       FDCE (Prop_fdce_C_Q)         0.433     4.770 r  u_booth_simd_pipe_dsp/out_flat_u8x4_reg[1]/Q
                         net (fo=1, routed)           1.254     6.024    out_flat_u8x4_OBUF[1]
    T7                   OBUF (Prop_obuf_I_O)         2.351     8.375 r  out_flat_u8x4_OBUF[1]_inst/O
                         net (fo=0)                   0.000     8.375    out_flat_u8x4[1]
    T7                                                                r  out_flat_u8x4[1] (OUT)
  -------------------------------------------------------------------    -------------------

                         (clock clk rise edge)        5.000     5.000 r  
                         clock pessimism              0.000     5.000    
                         clock uncertainty           -0.035     4.965    
                         output delay                -0.000     4.965    
  -------------------------------------------------------------------
                         required time                          4.965    
                         arrival time                          -8.375    
  -------------------------------------------------------------------
                         slack                                 -3.411    

Slack (VIOLATED) :        -3.410ns  (required time - arrival time)
  Source:                 u_booth_simd_pipe_dsp/out_flat_u8x4_reg[31]/C
                            (rising edge-triggered cell FDCE clocked by clk  {rise@0.000ns fall@2.500ns period=5.000ns})
  Destination:            out_flat_u8x4[31]
                            (output port clocked by clk  {rise@0.000ns fall@2.500ns period=5.000ns})
  Path Group:             clk
  Path Type:              Max at Slow Process Corner
  Requirement:            5.000ns  (clk rise@5.000ns - clk rise@0.000ns)
  Data Path Delay:        4.053ns  (logic 2.799ns (69.057%)  route 1.254ns (30.943%))
  Logic Levels:           1  (OBUF=1)
  Output Delay:           0.000ns
  Clock Path Skew:        -4.322ns (DCD - SCD + CPR)
    Destination Clock Delay (DCD):    0.000ns = ( 5.000 - 5.000 ) 
    Source Clock Delay      (SCD):    4.322ns
    Clock Pessimism Removal (CPR):    0.000ns
  Clock Uncertainty:      0.035ns  ((TSJ^2 + TIJ^2)^1/2 + DJ) / 2 + PE
    Total System Jitter     (TSJ):    0.071ns
    Total Input Jitter      (TIJ):    0.000ns
    Discrete Jitter          (DJ):    0.000ns
    Phase Error              (PE):    0.000ns

    Location             Delay type                Incr(ns)  Path(ns)    Netlist Resource(s)
  -------------------------------------------------------------------    -------------------
                         (clock clk rise edge)        0.000     0.000 r  
    M2                                                0.000     0.000 r  clk (IN)
                         net (fo=0)                   0.000     0.000    clk
    M2                   IBUF (Prop_ibuf_I_O)         0.912     0.912 r  clk_IBUF_inst/O
                         net (fo=1, routed)           1.792     2.704    clk_IBUF
    BUFGCTRL_X0Y0        BUFG (Prop_bufg_I_O)         0.081     2.785 r  clk_IBUF_BUFG_inst/O
                         net (fo=287, routed)         1.537     4.322    u_booth_simd_pipe_dsp/clk_IBUF_BUFG
    SLICE_X163Y156       FDCE                                         r  u_booth_simd_pipe_dsp/out_flat_u8x4_reg[31]/C
  -------------------------------------------------------------------    -------------------
    SLICE_X163Y156       FDCE (Prop_fdce_C_Q)         0.379     4.701 r  u_booth_simd_pipe_dsp/out_flat_u8x4_reg[31]/Q
                         net (fo=1, routed)           1.254     5.955    out_flat_u8x4_OBUF[31]
    F2                   OBUF (Prop_obuf_I_O)         2.420     8.375 r  out_flat_u8x4_OBUF[31]_inst/O
                         net (fo=0)                   0.000     8.375    out_flat_u8x4[31]
    F2                                                                r  out_flat_u8x4[31] (OUT)
  -------------------------------------------------------------------    -------------------

                         (clock clk rise edge)        5.000     5.000 r  
                         clock pessimism              0.000     5.000    
                         clock uncertainty           -0.035     4.965    
                         output delay                -0.000     4.965    
  -------------------------------------------------------------------
                         required time                          4.965    
                         arrival time                          -8.375    
  -------------------------------------------------------------------
                         slack                                 -3.410    





Min Delay Paths
--------------------------------------------------------------------------------------
Slack (MET) :             0.187ns  (arrival time - required time)
  Source:                 u_booth_simd_pipe_dsp/conv_blk0_reg_reg[47]/C
                            (rising edge-triggered cell FDCE clocked by clk  {rise@0.000ns fall@2.500ns period=5.000ns})
  Destination:            u_booth_simd_pipe_dsp/relu_blk0_reg_reg[23]/D
                            (rising edge-triggered cell FDCE clocked by clk  {rise@0.000ns fall@2.500ns period=5.000ns})
  Path Group:             clk
  Path Type:              Hold (Min at Fast Process Corner)
  Requirement:            0.000ns  (clk rise@0.000ns - clk rise@0.000ns)
  Data Path Delay:        0.352ns  (logic 0.213ns (60.478%)  route 0.139ns (39.522%))
  Logic Levels:           1  (LUT3=1)
  Clock Path Skew:        0.034ns (DCD - SCD - CPR)
    Destination Clock Delay (DCD):    1.999ns
    Source Clock Delay      (SCD):    1.482ns
    Clock Pessimism Removal (CPR):    0.484ns

    Location             Delay type                Incr(ns)  Path(ns)    Netlist Resource(s)
  -------------------------------------------------------------------    -------------------
                         (clock clk rise edge)        0.000     0.000 r  
    M2                                                0.000     0.000 r  clk (IN)
                         net (fo=0)                   0.000     0.000    clk
    M2                   IBUF (Prop_ibuf_I_O)         0.209     0.209 r  clk_IBUF_inst/O
                         net (fo=1, routed)           0.676     0.885    clk_IBUF
    BUFGCTRL_X0Y0        BUFG (Prop_bufg_I_O)         0.026     0.911 r  clk_IBUF_BUFG_inst/O
                         net (fo=287, routed)         0.571     1.482    u_booth_simd_pipe_dsp/clk_IBUF_BUFG
    SLICE_X74Y114        FDCE                                         r  u_booth_simd_pipe_dsp/conv_blk0_reg_reg[47]/C
  -------------------------------------------------------------------    -------------------
    SLICE_X74Y114        FDCE (Prop_fdce_C_Q)         0.164     1.646 r  u_booth_simd_pipe_dsp/conv_blk0_reg_reg[47]/Q
                         net (fo=1, routed)           0.139     1.785    u_booth_simd_pipe_dsp/u_relu_blk0/Q[41]
    SLICE_X76Y113        LUT3 (Prop_lut3_I0_O)        0.049     1.834 r  u_booth_simd_pipe_dsp/u_relu_blk0/relu_blk0_reg[23]_i_1/O
                         net (fo=1, routed)           0.000     1.834    u_booth_simd_pipe_dsp/relu_blk0_stage2[23]
    SLICE_X76Y113        FDCE                                         r  u_booth_simd_pipe_dsp/relu_blk0_reg_reg[23]/D
  -------------------------------------------------------------------    -------------------

                         (clock clk rise edge)        0.000     0.000 r  
    M2                                                0.000     0.000 r  clk (IN)
                         net (fo=0)                   0.000     0.000    clk
    M2                   IBUF (Prop_ibuf_I_O)         0.398     0.398 r  clk_IBUF_inst/O
                         net (fo=1, routed)           0.734     1.132    clk_IBUF
    BUFGCTRL_X0Y0        BUFG (Prop_bufg_I_O)         0.029     1.161 r  clk_IBUF_BUFG_inst/O
                         net (fo=287, routed)         0.839     1.999    u_booth_simd_pipe_dsp/clk_IBUF_BUFG
    SLICE_X76Y113        FDCE                                         r  u_booth_simd_pipe_dsp/relu_blk0_reg_reg[23]/C
                         clock pessimism             -0.484     1.516    
    SLICE_X76Y113        FDCE (Hold_fdce_C_D)         0.131     1.647    u_booth_simd_pipe_dsp/relu_blk0_reg_reg[23]
  -------------------------------------------------------------------
                         required time                         -1.647    
                         arrival time                           1.834    
  -------------------------------------------------------------------
                         slack                                  0.187    

Slack (MET) :             0.191ns  (arrival time - required time)
  Source:                 u_booth_simd_pipe_dsp/conv_blk0_reg_reg[41]/C
                            (rising edge-triggered cell FDCE clocked by clk  {rise@0.000ns fall@2.500ns period=5.000ns})
  Destination:            u_booth_simd_pipe_dsp/relu_blk0_reg_reg[17]/D
                            (rising edge-triggered cell FDCE clocked by clk  {rise@0.000ns fall@2.500ns period=5.000ns})
  Path Group:             clk
  Path Type:              Hold (Min at Fast Process Corner)
  Requirement:            0.000ns  (clk rise@0.000ns - clk rise@0.000ns)
  Data Path Delay:        0.356ns  (logic 0.212ns (59.523%)  route 0.144ns (40.477%))
  Logic Levels:           1  (LUT3=1)
  Clock Path Skew:        0.034ns (DCD - SCD - CPR)
    Destination Clock Delay (DCD):    1.999ns
    Source Clock Delay      (SCD):    1.482ns
    Clock Pessimism Removal (CPR):    0.484ns

    Location             Delay type                Incr(ns)  Path(ns)    Netlist Resource(s)
  -------------------------------------------------------------------    -------------------
                         (clock clk rise edge)        0.000     0.000 r  
    M2                                                0.000     0.000 r  clk (IN)
                         net (fo=0)                   0.000     0.000    clk
    M2                   IBUF (Prop_ibuf_I_O)         0.209     0.209 r  clk_IBUF_inst/O
                         net (fo=1, routed)           0.676     0.885    clk_IBUF
    BUFGCTRL_X0Y0        BUFG (Prop_bufg_I_O)         0.026     0.911 r  clk_IBUF_BUFG_inst/O
                         net (fo=287, routed)         0.571     1.482    u_booth_simd_pipe_dsp/clk_IBUF_BUFG
    SLICE_X74Y113        FDCE                                         r  u_booth_simd_pipe_dsp/conv_blk0_reg_reg[41]/C
  -------------------------------------------------------------------    -------------------
    SLICE_X74Y113        FDCE (Prop_fdce_C_Q)         0.164     1.646 r  u_booth_simd_pipe_dsp/conv_blk0_reg_reg[41]/Q
                         net (fo=1, routed)           0.144     1.790    u_booth_simd_pipe_dsp/u_relu_blk0/Q[35]
    SLICE_X76Y113        LUT3 (Prop_lut3_I0_O)        0.048     1.838 r  u_booth_simd_pipe_dsp/u_relu_blk0/relu_blk0_reg[17]_i_1/O
                         net (fo=1, routed)           0.000     1.838    u_booth_simd_pipe_dsp/relu_blk0_stage2[17]
    SLICE_X76Y113        FDCE                                         r  u_booth_simd_pipe_dsp/relu_blk0_reg_reg[17]/D
  -------------------------------------------------------------------    -------------------

                         (clock clk rise edge)        0.000     0.000 r  
    M2                                                0.000     0.000 r  clk (IN)
                         net (fo=0)                   0.000     0.000    clk
    M2                   IBUF (Prop_ibuf_I_O)         0.398     0.398 r  clk_IBUF_inst/O
                         net (fo=1, routed)           0.734     1.132    clk_IBUF
    BUFGCTRL_X0Y0        BUFG (Prop_bufg_I_O)         0.029     1.161 r  clk_IBUF_BUFG_inst/O
                         net (fo=287, routed)         0.839     1.999    u_booth_simd_pipe_dsp/clk_IBUF_BUFG
    SLICE_X76Y113        FDCE                                         r  u_booth_simd_pipe_dsp/relu_blk0_reg_reg[17]/C
                         clock pessimism             -0.484     1.516    
    SLICE_X76Y113        FDCE (Hold_fdce_C_D)         0.131     1.647    u_booth_simd_pipe_dsp/relu_blk0_reg_reg[17]
  -------------------------------------------------------------------
                         required time                         -1.647    
                         arrival time                           1.838    
  -------------------------------------------------------------------
                         slack                                  0.191    

Slack (MET) :             0.192ns  (arrival time - required time)
  Source:                 u_booth_simd_pipe_dsp/conv_blk0_reg_reg[25]/C
                            (rising edge-triggered cell FDCE clocked by clk  {rise@0.000ns fall@2.500ns period=5.000ns})
  Destination:            u_booth_simd_pipe_dsp/relu_blk0_reg_reg[13]/D
                            (rising edge-triggered cell FDCE clocked by clk  {rise@0.000ns fall@2.500ns period=5.000ns})
  Path Group:             clk
  Path Type:              Hold (Min at Fast Process Corner)
  Requirement:            0.000ns  (clk rise@0.000ns - clk rise@0.000ns)
  Data Path Delay:        0.315ns  (logic 0.189ns (60.083%)  route 0.126ns (39.917%))
  Logic Levels:           1  (LUT3=1)
  Clock Path Skew:        0.016ns (DCD - SCD - CPR)
    Destination Clock Delay (DCD):    2.008ns
    Source Clock Delay      (SCD):    1.489ns
    Clock Pessimism Removal (CPR):    0.504ns

    Location             Delay type                Incr(ns)  Path(ns)    Netlist Resource(s)
  -------------------------------------------------------------------    -------------------
                         (clock clk rise edge)        0.000     0.000 r  
    M2                                                0.000     0.000 r  clk (IN)
                         net (fo=0)                   0.000     0.000    clk
    M2                   IBUF (Prop_ibuf_I_O)         0.209     0.209 r  clk_IBUF_inst/O
                         net (fo=1, routed)           0.676     0.885    clk_IBUF
    BUFGCTRL_X0Y0        BUFG (Prop_bufg_I_O)         0.026     0.911 r  clk_IBUF_BUFG_inst/O
                         net (fo=287, routed)         0.578     1.489    u_booth_simd_pipe_dsp/clk_IBUF_BUFG
    SLICE_X93Y110        FDCE                                         r  u_booth_simd_pipe_dsp/conv_blk0_reg_reg[25]/C
  -------------------------------------------------------------------    -------------------
    SLICE_X93Y110        FDCE (Prop_fdce_C_Q)         0.141     1.630 r  u_booth_simd_pipe_dsp/conv_blk0_reg_reg[25]/Q
                         net (fo=1, routed)           0.126     1.755    u_booth_simd_pipe_dsp/u_relu_blk0/Q[22]
    SLICE_X95Y110        LUT3 (Prop_lut3_I0_O)        0.048     1.803 r  u_booth_simd_pipe_dsp/u_relu_blk0/relu_blk0_reg[13]_i_1/O
                         net (fo=1, routed)           0.000     1.803    u_booth_simd_pipe_dsp/relu_blk0_stage2[13]
    SLICE_X95Y110        FDCE                                         r  u_booth_simd_pipe_dsp/relu_blk0_reg_reg[13]/D
  -------------------------------------------------------------------    -------------------

                         (clock clk rise edge)        0.000     0.000 r  
    M2                                                0.000     0.000 r  clk (IN)
                         net (fo=0)                   0.000     0.000    clk
    M2                   IBUF (Prop_ibuf_I_O)         0.398     0.398 r  clk_IBUF_inst/O
                         net (fo=1, routed)           0.734     1.132    clk_IBUF
    BUFGCTRL_X0Y0        BUFG (Prop_bufg_I_O)         0.029     1.161 r  clk_IBUF_BUFG_inst/O
                         net (fo=287, routed)         0.848     2.008    u_booth_simd_pipe_dsp/clk_IBUF_BUFG
    SLICE_X95Y110        FDCE                                         r  u_booth_simd_pipe_dsp/relu_blk0_reg_reg[13]/C
                         clock pessimism             -0.504     1.505    
    SLICE_X95Y110        FDCE (Hold_fdce_C_D)         0.107     1.612    u_booth_simd_pipe_dsp/relu_blk0_reg_reg[13]
  -------------------------------------------------------------------
                         required time                         -1.612    
                         arrival time                           1.803    
  -------------------------------------------------------------------
                         slack                                  0.192    

Slack (MET) :             0.194ns  (arrival time - required time)
  Source:                 u_booth_simd_pipe_dsp/conv_blk0_reg_reg[45]/C
                            (rising edge-triggered cell FDCE clocked by clk  {rise@0.000ns fall@2.500ns period=5.000ns})
  Destination:            u_booth_simd_pipe_dsp/relu_blk0_reg_reg[21]/D
                            (rising edge-triggered cell FDCE clocked by clk  {rise@0.000ns fall@2.500ns period=5.000ns})
  Path Group:             clk
  Path Type:              Hold (Min at Fast Process Corner)
  Requirement:            0.000ns  (clk rise@0.000ns - clk rise@0.000ns)
  Data Path Delay:        0.359ns  (logic 0.213ns (59.305%)  route 0.146ns (40.695%))
  Logic Levels:           1  (LUT3=1)
  Clock Path Skew:        0.034ns (DCD - SCD - CPR)
    Destination Clock Delay (DCD):    1.999ns
    Source Clock Delay      (SCD):    1.482ns
    Clock Pessimism Removal (CPR):    0.484ns

    Location             Delay type                Incr(ns)  Path(ns)    Netlist Resource(s)
  -------------------------------------------------------------------    -------------------
                         (clock clk rise edge)        0.000     0.000 r  
    M2                                                0.000     0.000 r  clk (IN)
                         net (fo=0)                   0.000     0.000    clk
    M2                   IBUF (Prop_ibuf_I_O)         0.209     0.209 r  clk_IBUF_inst/O
                         net (fo=1, routed)           0.676     0.885    clk_IBUF
    BUFGCTRL_X0Y0        BUFG (Prop_bufg_I_O)         0.026     0.911 r  clk_IBUF_BUFG_inst/O
                         net (fo=287, routed)         0.571     1.482    u_booth_simd_pipe_dsp/clk_IBUF_BUFG
    SLICE_X74Y114        FDCE                                         r  u_booth_simd_pipe_dsp/conv_blk0_reg_reg[45]/C
  -------------------------------------------------------------------    -------------------
    SLICE_X74Y114        FDCE (Prop_fdce_C_Q)         0.164     1.646 r  u_booth_simd_pipe_dsp/conv_blk0_reg_reg[45]/Q
                         net (fo=1, routed)           0.146     1.792    u_booth_simd_pipe_dsp/u_relu_blk0/Q[39]
    SLICE_X76Y113        LUT3 (Prop_lut3_I0_O)        0.049     1.841 r  u_booth_simd_pipe_dsp/u_relu_blk0/relu_blk0_reg[21]_i_1/O
                         net (fo=1, routed)           0.000     1.841    u_booth_simd_pipe_dsp/relu_blk0_stage2[21]
    SLICE_X76Y113        FDCE                                         r  u_booth_simd_pipe_dsp/relu_blk0_reg_reg[21]/D
  -------------------------------------------------------------------    -------------------

                         (clock clk rise edge)        0.000     0.000 r  
    M2                                                0.000     0.000 r  clk (IN)
                         net (fo=0)                   0.000     0.000    clk
    M2                   IBUF (Prop_ibuf_I_O)         0.398     0.398 r  clk_IBUF_inst/O
                         net (fo=1, routed)           0.734     1.132    clk_IBUF
    BUFGCTRL_X0Y0        BUFG (Prop_bufg_I_O)         0.029     1.161 r  clk_IBUF_BUFG_inst/O
                         net (fo=287, routed)         0.839     1.999    u_booth_simd_pipe_dsp/clk_IBUF_BUFG
    SLICE_X76Y113        FDCE                                         r  u_booth_simd_pipe_dsp/relu_blk0_reg_reg[21]/C
                         clock pessimism             -0.484     1.516    
    SLICE_X76Y113        FDCE (Hold_fdce_C_D)         0.131     1.647    u_booth_simd_pipe_dsp/relu_blk0_reg_reg[21]
  -------------------------------------------------------------------
                         required time                         -1.647    
                         arrival time                           1.841    
  -------------------------------------------------------------------
                         slack                                  0.194    

Slack (MET) :             0.198ns  (arrival time - required time)
  Source:                 u_booth_simd_pipe_dsp/conv_blk1_reg_reg[47]/C
                            (rising edge-triggered cell FDCE clocked by clk  {rise@0.000ns fall@2.500ns period=5.000ns})
  Destination:            u_booth_simd_pipe_dsp/relu_blk1_reg_reg[23]/D
                            (rising edge-triggered cell FDCE clocked by clk  {rise@0.000ns fall@2.500ns period=5.000ns})
  Path Group:             clk
  Path Type:              Hold (Min at Fast Process Corner)
  Requirement:            0.000ns  (clk rise@0.000ns - clk rise@0.000ns)
  Data Path Delay:        0.366ns  (logic 0.213ns (58.159%)  route 0.153ns (41.841%))
  Logic Levels:           1  (LUT3=1)
  Clock Path Skew:        0.037ns (DCD - SCD - CPR)
    Destination Clock Delay (DCD):    2.007ns
    Source Clock Delay      (SCD):    1.487ns
    Clock Pessimism Removal (CPR):    0.484ns

    Location             Delay type                Incr(ns)  Path(ns)    Netlist Resource(s)
  -------------------------------------------------------------------    -------------------
                         (clock clk rise edge)        0.000     0.000 r  
    M2                                                0.000     0.000 r  clk (IN)
                         net (fo=0)                   0.000     0.000    clk
    M2                   IBUF (Prop_ibuf_I_O)         0.209     0.209 r  clk_IBUF_inst/O
                         net (fo=1, routed)           0.676     0.885    clk_IBUF
    BUFGCTRL_X0Y0        BUFG (Prop_bufg_I_O)         0.026     0.911 r  clk_IBUF_BUFG_inst/O
                         net (fo=287, routed)         0.576     1.487    u_booth_simd_pipe_dsp/clk_IBUF_BUFG
    SLICE_X98Y133        FDCE                                         r  u_booth_simd_pipe_dsp/conv_blk1_reg_reg[47]/C
  -------------------------------------------------------------------    -------------------
    SLICE_X98Y133        FDCE (Prop_fdce_C_Q)         0.164     1.651 r  u_booth_simd_pipe_dsp/conv_blk1_reg_reg[47]/Q
                         net (fo=1, routed)           0.153     1.804    u_booth_simd_pipe_dsp/u_relu_blk1/Q[41]
    SLICE_X100Y133       LUT3 (Prop_lut3_I0_O)        0.049     1.853 r  u_booth_simd_pipe_dsp/u_relu_blk1/relu_blk1_reg[23]_i_1/O
                         net (fo=1, routed)           0.000     1.853    u_booth_simd_pipe_dsp/relu_blk1_stage2[23]
    SLICE_X100Y133       FDCE                                         r  u_booth_simd_pipe_dsp/relu_blk1_reg_reg[23]/D
  -------------------------------------------------------------------    -------------------

                         (clock clk rise edge)        0.000     0.000 r  
    M2                                                0.000     0.000 r  clk (IN)
                         net (fo=0)                   0.000     0.000    clk
    M2                   IBUF (Prop_ibuf_I_O)         0.398     0.398 r  clk_IBUF_inst/O
                         net (fo=1, routed)           0.734     1.132    clk_IBUF
    BUFGCTRL_X0Y0        BUFG (Prop_bufg_I_O)         0.029     1.161 r  clk_IBUF_BUFG_inst/O
                         net (fo=287, routed)         0.847     2.007    u_booth_simd_pipe_dsp/clk_IBUF_BUFG
    SLICE_X100Y133       FDCE                                         r  u_booth_simd_pipe_dsp/relu_blk1_reg_reg[23]/C
                         clock pessimism             -0.484     1.524    
    SLICE_X100Y133       FDCE (Hold_fdce_C_D)         0.131     1.655    u_booth_simd_pipe_dsp/relu_blk1_reg_reg[23]
  -------------------------------------------------------------------
                         required time                         -1.655    
                         arrival time                           1.853    
  -------------------------------------------------------------------
                         slack                                  0.198    

Slack (MET) :             0.204ns  (arrival time - required time)
  Source:                 u_booth_simd_pipe_dsp/conv_blk0_reg_reg[67]/C
                            (rising edge-triggered cell FDCE clocked by clk  {rise@0.000ns fall@2.500ns period=5.000ns})
  Destination:            u_booth_simd_pipe_dsp/relu_blk0_reg_reg[31]/D
                            (rising edge-triggered cell FDCE clocked by clk  {rise@0.000ns fall@2.500ns period=5.000ns})
  Path Group:             clk
  Path Type:              Hold (Min at Fast Process Corner)
  Requirement:            0.000ns  (clk rise@0.000ns - clk rise@0.000ns)
  Data Path Delay:        0.351ns  (logic 0.213ns (60.707%)  route 0.138ns (39.293%))
  Logic Levels:           1  (LUT3=1)
  Clock Path Skew:        0.016ns (DCD - SCD - CPR)
    Destination Clock Delay (DCD):    2.018ns
    Source Clock Delay      (SCD):    1.498ns
    Clock Pessimism Removal (CPR):    0.504ns

    Location             Delay type                Incr(ns)  Path(ns)    Netlist Resource(s)
  -------------------------------------------------------------------    -------------------
                         (clock clk rise edge)        0.000     0.000 r  
    M2                                                0.000     0.000 r  clk (IN)
                         net (fo=0)                   0.000     0.000    clk
    M2                   IBUF (Prop_ibuf_I_O)         0.209     0.209 r  clk_IBUF_inst/O
                         net (fo=1, routed)           0.676     0.885    clk_IBUF
    BUFGCTRL_X0Y0        BUFG (Prop_bufg_I_O)         0.026     0.911 r  clk_IBUF_BUFG_inst/O
                         net (fo=287, routed)         0.587     1.498    u_booth_simd_pipe_dsp/clk_IBUF_BUFG
    SLICE_X104Y155       FDCE                                         r  u_booth_simd_pipe_dsp/conv_blk0_reg_reg[67]/C
  -------------------------------------------------------------------    -------------------
    SLICE_X104Y155       FDCE (Prop_fdce_C_Q)         0.164     1.662 r  u_booth_simd_pipe_dsp/conv_blk0_reg_reg[67]/Q
                         net (fo=1, routed)           0.138     1.800    u_booth_simd_pipe_dsp/u_relu_blk0/Q[58]
    SLICE_X104Y153       LUT3 (Prop_lut3_I0_O)        0.049     1.849 r  u_booth_simd_pipe_dsp/u_relu_blk0/relu_blk0_reg[31]_i_1/O
                         net (fo=1, routed)           0.000     1.849    u_booth_simd_pipe_dsp/relu_blk0_stage2[31]
    SLICE_X104Y153       FDCE                                         r  u_booth_simd_pipe_dsp/relu_blk0_reg_reg[31]/D
  -------------------------------------------------------------------    -------------------

                         (clock clk rise edge)        0.000     0.000 r  
    M2                                                0.000     0.000 r  clk (IN)
                         net (fo=0)                   0.000     0.000    clk
    M2                   IBUF (Prop_ibuf_I_O)         0.398     0.398 r  clk_IBUF_inst/O
                         net (fo=1, routed)           0.734     1.132    clk_IBUF
    BUFGCTRL_X0Y0        BUFG (Prop_bufg_I_O)         0.029     1.161 r  clk_IBUF_BUFG_inst/O
                         net (fo=287, routed)         0.857     2.018    u_booth_simd_pipe_dsp/clk_IBUF_BUFG
    SLICE_X104Y153       FDCE                                         r  u_booth_simd_pipe_dsp/relu_blk0_reg_reg[31]/C
                         clock pessimism             -0.504     1.514    
    SLICE_X104Y153       FDCE (Hold_fdce_C_D)         0.131     1.645    u_booth_simd_pipe_dsp/relu_blk0_reg_reg[31]
  -------------------------------------------------------------------
                         required time                         -1.645    
                         arrival time                           1.849    
  -------------------------------------------------------------------
                         slack                                  0.204    

Slack (MET) :             0.212ns  (arrival time - required time)
  Source:                 u_booth_simd_pipe_dsp/conv_blk0_reg_reg[3]/C
                            (rising edge-triggered cell FDCE clocked by clk  {rise@0.000ns fall@2.500ns period=5.000ns})
  Destination:            u_booth_simd_pipe_dsp/relu_blk0_reg_reg[3]/D
                            (rising edge-triggered cell FDCE clocked by clk  {rise@0.000ns fall@2.500ns period=5.000ns})
  Path Group:             clk
  Path Type:              Hold (Min at Fast Process Corner)
  Requirement:            0.000ns  (clk rise@0.000ns - clk rise@0.000ns)
  Data Path Delay:        0.357ns  (logic 0.213ns (59.610%)  route 0.144ns (40.390%))
  Logic Levels:           1  (LUT3=1)
  Clock Path Skew:        0.038ns (DCD - SCD - CPR)
    Destination Clock Delay (DCD):    2.012ns
    Source Clock Delay      (SCD):    1.491ns
    Clock Pessimism Removal (CPR):    0.484ns

    Location             Delay type                Incr(ns)  Path(ns)    Netlist Resource(s)
  -------------------------------------------------------------------    -------------------
                         (clock clk rise edge)        0.000     0.000 r  
    M2                                                0.000     0.000 r  clk (IN)
                         net (fo=0)                   0.000     0.000    clk
    M2                   IBUF (Prop_ibuf_I_O)         0.209     0.209 r  clk_IBUF_inst/O
                         net (fo=1, routed)           0.676     0.885    clk_IBUF
    BUFGCTRL_X0Y0        BUFG (Prop_bufg_I_O)         0.026     0.911 r  clk_IBUF_BUFG_inst/O
                         net (fo=287, routed)         0.580     1.491    u_booth_simd_pipe_dsp/clk_IBUF_BUFG
    SLICE_X94Y104        FDCE                                         r  u_booth_simd_pipe_dsp/conv_blk0_reg_reg[3]/C
  -------------------------------------------------------------------    -------------------
    SLICE_X94Y104        FDCE (Prop_fdce_C_Q)         0.164     1.655 r  u_booth_simd_pipe_dsp/conv_blk0_reg_reg[3]/Q
                         net (fo=1, routed)           0.144     1.799    u_booth_simd_pipe_dsp/u_relu_blk0/Q[3]
    SLICE_X97Y105        LUT3 (Prop_lut3_I0_O)        0.049     1.848 r  u_booth_simd_pipe_dsp/u_relu_blk0/relu_blk0_reg[3]_i_1/O
                         net (fo=1, routed)           0.000     1.848    u_booth_simd_pipe_dsp/relu_blk0_stage2[3]
    SLICE_X97Y105        FDCE                                         r  u_booth_simd_pipe_dsp/relu_blk0_reg_reg[3]/D
  -------------------------------------------------------------------    -------------------

                         (clock clk rise edge)        0.000     0.000 r  
    M2                                                0.000     0.000 r  clk (IN)
                         net (fo=0)                   0.000     0.000    clk
    M2                   IBUF (Prop_ibuf_I_O)         0.398     0.398 r  clk_IBUF_inst/O
                         net (fo=1, routed)           0.734     1.132    clk_IBUF
    BUFGCTRL_X0Y0        BUFG (Prop_bufg_I_O)         0.029     1.161 r  clk_IBUF_BUFG_inst/O
                         net (fo=287, routed)         0.852     2.012    u_booth_simd_pipe_dsp/clk_IBUF_BUFG
    SLICE_X97Y105        FDCE                                         r  u_booth_simd_pipe_dsp/relu_blk0_reg_reg[3]/C
                         clock pessimism             -0.484     1.529    
    SLICE_X97Y105        FDCE (Hold_fdce_C_D)         0.107     1.636    u_booth_simd_pipe_dsp/relu_blk0_reg_reg[3]
  -------------------------------------------------------------------
                         required time                         -1.636    
                         arrival time                           1.848    
  -------------------------------------------------------------------
                         slack                                  0.212    

Slack (MET) :             0.213ns  (arrival time - required time)
  Source:                 u_booth_simd_pipe_dsp/conv_blk0_reg_reg[60]/C
                            (rising edge-triggered cell FDCE clocked by clk  {rise@0.000ns fall@2.500ns period=5.000ns})
  Destination:            u_booth_simd_pipe_dsp/relu_blk0_reg_reg[24]/D
                            (rising edge-triggered cell FDCE clocked by clk  {rise@0.000ns fall@2.500ns period=5.000ns})
  Path Group:             clk
  Path Type:              Hold (Min at Fast Process Corner)
  Requirement:            0.000ns  (clk rise@0.000ns - clk rise@0.000ns)
  Data Path Delay:        0.349ns  (logic 0.209ns (59.960%)  route 0.140ns (40.040%))
  Logic Levels:           1  (LUT3=1)
  Clock Path Skew:        0.016ns (DCD - SCD - CPR)
    Destination Clock Delay (DCD):    2.018ns
    Source Clock Delay      (SCD):    1.498ns
    Clock Pessimism Removal (CPR):    0.504ns

    Location             Delay type                Incr(ns)  Path(ns)    Netlist Resource(s)
  -------------------------------------------------------------------    -------------------
                         (clock clk rise edge)        0.000     0.000 r  
    M2                                                0.000     0.000 r  clk (IN)
                         net (fo=0)                   0.000     0.000    clk
    M2                   IBUF (Prop_ibuf_I_O)         0.209     0.209 r  clk_IBUF_inst/O
                         net (fo=1, routed)           0.676     0.885    clk_IBUF
    BUFGCTRL_X0Y0        BUFG (Prop_bufg_I_O)         0.026     0.911 r  clk_IBUF_BUFG_inst/O
                         net (fo=287, routed)         0.587     1.498    u_booth_simd_pipe_dsp/clk_IBUF_BUFG
    SLICE_X104Y154       FDCE                                         r  u_booth_simd_pipe_dsp/conv_blk0_reg_reg[60]/C
  -------------------------------------------------------------------    -------------------
    SLICE_X104Y154       FDCE (Prop_fdce_C_Q)         0.164     1.662 r  u_booth_simd_pipe_dsp/conv_blk0_reg_reg[60]/Q
                         net (fo=1, routed)           0.140     1.801    u_booth_simd_pipe_dsp/u_relu_blk0/Q[51]
    SLICE_X104Y153       LUT3 (Prop_lut3_I0_O)        0.045     1.846 r  u_booth_simd_pipe_dsp/u_relu_blk0/relu_blk0_reg[24]_i_1/O
                         net (fo=1, routed)           0.000     1.846    u_booth_simd_pipe_dsp/relu_blk0_stage2[24]
    SLICE_X104Y153       FDCE                                         r  u_booth_simd_pipe_dsp/relu_blk0_reg_reg[24]/D
  -------------------------------------------------------------------    -------------------

                         (clock clk rise edge)        0.000     0.000 r  
    M2                                                0.000     0.000 r  clk (IN)
                         net (fo=0)                   0.000     0.000    clk
    M2                   IBUF (Prop_ibuf_I_O)         0.398     0.398 r  clk_IBUF_inst/O
                         net (fo=1, routed)           0.734     1.132    clk_IBUF
    BUFGCTRL_X0Y0        BUFG (Prop_bufg_I_O)         0.029     1.161 r  clk_IBUF_BUFG_inst/O
                         net (fo=287, routed)         0.857     2.018    u_booth_simd_pipe_dsp/clk_IBUF_BUFG
    SLICE_X104Y153       FDCE                                         r  u_booth_simd_pipe_dsp/relu_blk0_reg_reg[24]/C
                         clock pessimism             -0.504     1.514    
    SLICE_X104Y153       FDCE (Hold_fdce_C_D)         0.120     1.634    u_booth_simd_pipe_dsp/relu_blk0_reg_reg[24]
  -------------------------------------------------------------------
                         required time                         -1.634    
                         arrival time                           1.846    
  -------------------------------------------------------------------
                         slack                                  0.213    

Slack (MET) :             0.215ns  (arrival time - required time)
  Source:                 u_booth_simd_pipe_dsp/conv_blk1_reg_reg[67]/C
                            (rising edge-triggered cell FDCE clocked by clk  {rise@0.000ns fall@2.500ns period=5.000ns})
  Destination:            u_booth_simd_pipe_dsp/relu_blk1_reg_reg[31]/D
                            (rising edge-triggered cell FDCE clocked by clk  {rise@0.000ns fall@2.500ns period=5.000ns})
  Path Group:             clk
  Path Type:              Hold (Min at Fast Process Corner)
  Requirement:            0.000ns  (clk rise@0.000ns - clk rise@0.000ns)
  Data Path Delay:        0.384ns  (logic 0.189ns (49.274%)  route 0.195ns (50.726%))
  Logic Levels:           1  (LUT3=1)
  Clock Path Skew:        0.038ns (DCD - SCD - CPR)
    Destination Clock Delay (DCD):    2.012ns
    Source Clock Delay      (SCD):    1.491ns
    Clock Pessimism Removal (CPR):    0.484ns

    Location             Delay type                Incr(ns)  Path(ns)    Netlist Resource(s)
  -------------------------------------------------------------------    -------------------
                         (clock clk rise edge)        0.000     0.000 r  
    M2                                                0.000     0.000 r  clk (IN)
                         net (fo=0)                   0.000     0.000    clk
    M2                   IBUF (Prop_ibuf_I_O)         0.209     0.209 r  clk_IBUF_inst/O
                         net (fo=1, routed)           0.676     0.885    clk_IBUF
    BUFGCTRL_X0Y0        BUFG (Prop_bufg_I_O)         0.026     0.911 r  clk_IBUF_BUFG_inst/O
                         net (fo=287, routed)         0.580     1.491    u_booth_simd_pipe_dsp/clk_IBUF_BUFG
    SLICE_X95Y146        FDCE                                         r  u_booth_simd_pipe_dsp/conv_blk1_reg_reg[67]/C
  -------------------------------------------------------------------    -------------------
    SLICE_X95Y146        FDCE (Prop_fdce_C_Q)         0.141     1.632 r  u_booth_simd_pipe_dsp/conv_blk1_reg_reg[67]/Q
                         net (fo=1, routed)           0.195     1.826    u_booth_simd_pipe_dsp/u_relu_blk1/Q[58]
    SLICE_X98Y146        LUT3 (Prop_lut3_I0_O)        0.048     1.874 r  u_booth_simd_pipe_dsp/u_relu_blk1/relu_blk1_reg[31]_i_1/O
                         net (fo=1, routed)           0.000     1.874    u_booth_simd_pipe_dsp/relu_blk1_stage2[31]
    SLICE_X98Y146        FDCE                                         r  u_booth_simd_pipe_dsp/relu_blk1_reg_reg[31]/D
  -------------------------------------------------------------------    -------------------

                         (clock clk rise edge)        0.000     0.000 r  
    M2                                                0.000     0.000 r  clk (IN)
                         net (fo=0)                   0.000     0.000    clk
    M2                   IBUF (Prop_ibuf_I_O)         0.398     0.398 r  clk_IBUF_inst/O
                         net (fo=1, routed)           0.734     1.132    clk_IBUF
    BUFGCTRL_X0Y0        BUFG (Prop_bufg_I_O)         0.029     1.161 r  clk_IBUF_BUFG_inst/O
                         net (fo=287, routed)         0.852     2.012    u_booth_simd_pipe_dsp/clk_IBUF_BUFG
    SLICE_X98Y146        FDCE                                         r  u_booth_simd_pipe_dsp/relu_blk1_reg_reg[31]/C
                         clock pessimism             -0.484     1.529    
    SLICE_X98Y146        FDCE (Hold_fdce_C_D)         0.131     1.660    u_booth_simd_pipe_dsp/relu_blk1_reg_reg[31]
  -------------------------------------------------------------------
                         required time                         -1.660    
                         arrival time                           1.874    
  -------------------------------------------------------------------
                         slack                                  0.215    

Slack (MET) :             0.235ns  (arrival time - required time)
  Source:                 u_booth_simd_pipe_dsp/conv_blk0_reg_reg[46]/C
                            (rising edge-triggered cell FDCE clocked by clk  {rise@0.000ns fall@2.500ns period=5.000ns})
  Destination:            u_booth_simd_pipe_dsp/relu_blk0_reg_reg[22]/D
                            (rising edge-triggered cell FDCE clocked by clk  {rise@0.000ns fall@2.500ns period=5.000ns})
  Path Group:             clk
  Path Type:              Hold (Min at Fast Process Corner)
  Requirement:            0.000ns  (clk rise@0.000ns - clk rise@0.000ns)
  Data Path Delay:        0.390ns  (logic 0.209ns (53.563%)  route 0.181ns (46.437%))
  Logic Levels:           1  (LUT3=1)
  Clock Path Skew:        0.034ns (DCD - SCD - CPR)
    Destination Clock Delay (DCD):    1.999ns
    Source Clock Delay      (SCD):    1.482ns
    Clock Pessimism Removal (CPR):    0.484ns

    Location             Delay type                Incr(ns)  Path(ns)    Netlist Resource(s)
  -------------------------------------------------------------------    -------------------
                         (clock clk rise edge)        0.000     0.000 r  
    M2                                                0.000     0.000 r  clk (IN)
                         net (fo=0)                   0.000     0.000    clk
    M2                   IBUF (Prop_ibuf_I_O)         0.209     0.209 r  clk_IBUF_inst/O
                         net (fo=1, routed)           0.676     0.885    clk_IBUF
    BUFGCTRL_X0Y0        BUFG (Prop_bufg_I_O)         0.026     0.911 r  clk_IBUF_BUFG_inst/O
                         net (fo=287, routed)         0.571     1.482    u_booth_simd_pipe_dsp/clk_IBUF_BUFG
    SLICE_X74Y114        FDCE                                         r  u_booth_simd_pipe_dsp/conv_blk0_reg_reg[46]/C
  -------------------------------------------------------------------    -------------------
    SLICE_X74Y114        FDCE (Prop_fdce_C_Q)         0.164     1.646 r  u_booth_simd_pipe_dsp/conv_blk0_reg_reg[46]/Q
                         net (fo=1, routed)           0.181     1.827    u_booth_simd_pipe_dsp/u_relu_blk0/Q[40]
    SLICE_X76Y113        LUT3 (Prop_lut3_I0_O)        0.045     1.872 r  u_booth_simd_pipe_dsp/u_relu_blk0/relu_blk0_reg[22]_i_1/O
                         net (fo=1, routed)           0.000     1.872    u_booth_simd_pipe_dsp/relu_blk0_stage2[22]
    SLICE_X76Y113        FDCE                                         r  u_booth_simd_pipe_dsp/relu_blk0_reg_reg[22]/D
  -------------------------------------------------------------------    -------------------

                         (clock clk rise edge)        0.000     0.000 r  
    M2                                                0.000     0.000 r  clk (IN)
                         net (fo=0)                   0.000     0.000    clk
    M2                   IBUF (Prop_ibuf_I_O)         0.398     0.398 r  clk_IBUF_inst/O
                         net (fo=1, routed)           0.734     1.132    clk_IBUF
    BUFGCTRL_X0Y0        BUFG (Prop_bufg_I_O)         0.029     1.161 r  clk_IBUF_BUFG_inst/O
                         net (fo=287, routed)         0.839     1.999    u_booth_simd_pipe_dsp/clk_IBUF_BUFG
    SLICE_X76Y113        FDCE                                         r  u_booth_simd_pipe_dsp/relu_blk0_reg_reg[22]/C
                         clock pessimism             -0.484     1.516    
    SLICE_X76Y113        FDCE (Hold_fdce_C_D)         0.121     1.637    u_booth_simd_pipe_dsp/relu_blk0_reg_reg[22]
  -------------------------------------------------------------------
                         required time                         -1.637    
                         arrival time                           1.872    
  -------------------------------------------------------------------
                         slack                                  0.235    





Pulse Width Checks
--------------------------------------------------------------------------------------
Clock Name:         clk
Waveform(ns):       { 0.000 2.500 }
Period(ns):         5.000
Sources:            { clk }

Check Type        Corner  Lib Pin  Reference Pin  Required(ns)  Actual(ns)  Slack(ns)  Location       Pin
Min Period        n/a     BUFG/I   n/a            1.592         5.000       3.408      BUFGCTRL_X0Y0  clk_IBUF_BUFG_inst/I
Min Period        n/a     FDCE/C   n/a            1.000         5.000       4.000      SLICE_X94Y104  u_booth_simd_pipe_dsp/conv_blk0_reg_reg[0]/C
Min Period        n/a     FDCE/C   n/a            1.000         5.000       4.000      SLICE_X94Y106  u_booth_simd_pipe_dsp/conv_blk0_reg_reg[10]/C
Min Period        n/a     FDCE/C   n/a            1.000         5.000       4.000      SLICE_X94Y106  u_booth_simd_pipe_dsp/conv_blk0_reg_reg[11]/C
Min Period        n/a     FDCE/C   n/a            1.000         5.000       4.000      SLICE_X94Y107  u_booth_simd_pipe_dsp/conv_blk0_reg_reg[12]/C
Min Period        n/a     FDCE/C   n/a            1.000         5.000       4.000      SLICE_X94Y107  u_booth_simd_pipe_dsp/conv_blk0_reg_reg[13]/C
Min Period        n/a     FDCE/C   n/a            1.000         5.000       4.000      SLICE_X94Y107  u_booth_simd_pipe_dsp/conv_blk0_reg_reg[14]/C
Min Period        n/a     FDCE/C   n/a            1.000         5.000       4.000      SLICE_X94Y107  u_booth_simd_pipe_dsp/conv_blk0_reg_reg[15]/C
Min Period        n/a     FDCE/C   n/a            1.000         5.000       4.000      SLICE_X94Y108  u_booth_simd_pipe_dsp/conv_blk0_reg_reg[16]/C
Min Period        n/a     FDCE/C   n/a            1.000         5.000       4.000      SLICE_X94Y108  u_booth_simd_pipe_dsp/conv_blk0_reg_reg[17]/C
Low Pulse Width   Slow    FDCE/C   n/a            0.500         2.500       2.000      SLICE_X94Y104  u_booth_simd_pipe_dsp/conv_blk0_reg_reg[0]/C
Low Pulse Width   Fast    FDCE/C   n/a            0.500         2.500       2.000      SLICE_X94Y104  u_booth_simd_pipe_dsp/conv_blk0_reg_reg[0]/C
Low Pulse Width   Slow    FDCE/C   n/a            0.500         2.500       2.000      SLICE_X94Y106  u_booth_simd_pipe_dsp/conv_blk0_reg_reg[10]/C
Low Pulse Width   Fast    FDCE/C   n/a            0.500         2.500       2.000      SLICE_X94Y106  u_booth_simd_pipe_dsp/conv_blk0_reg_reg[10]/C
Low Pulse Width   Slow    FDCE/C   n/a            0.500         2.500       2.000      SLICE_X94Y106  u_booth_simd_pipe_dsp/conv_blk0_reg_reg[11]/C
Low Pulse Width   Fast    FDCE/C   n/a            0.500         2.500       2.000      SLICE_X94Y106  u_booth_simd_pipe_dsp/conv_blk0_reg_reg[11]/C
Low Pulse Width   Slow    FDCE/C   n/a            0.500         2.500       2.000      SLICE_X94Y107  u_booth_simd_pipe_dsp/conv_blk0_reg_reg[12]/C
Low Pulse Width   Fast    FDCE/C   n/a            0.500         2.500       2.000      SLICE_X94Y107  u_booth_simd_pipe_dsp/conv_blk0_reg_reg[12]/C
Low Pulse Width   Slow    FDCE/C   n/a            0.500         2.500       2.000      SLICE_X94Y107  u_booth_simd_pipe_dsp/conv_blk0_reg_reg[13]/C
Low Pulse Width   Fast    FDCE/C   n/a            0.500         2.500       2.000      SLICE_X94Y107  u_booth_simd_pipe_dsp/conv_blk0_reg_reg[13]/C
High Pulse Width  Slow    FDCE/C   n/a            0.500         2.500       2.000      SLICE_X94Y104  u_booth_simd_pipe_dsp/conv_blk0_reg_reg[0]/C
High Pulse Width  Fast    FDCE/C   n/a            0.500         2.500       2.000      SLICE_X94Y104  u_booth_simd_pipe_dsp/conv_blk0_reg_reg[0]/C
High Pulse Width  Slow    FDCE/C   n/a            0.500         2.500       2.000      SLICE_X94Y106  u_booth_simd_pipe_dsp/conv_blk0_reg_reg[10]/C
High Pulse Width  Fast    FDCE/C   n/a            0.500         2.500       2.000      SLICE_X94Y106  u_booth_simd_pipe_dsp/conv_blk0_reg_reg[10]/C
High Pulse Width  Slow    FDCE/C   n/a            0.500         2.500       2.000      SLICE_X94Y106  u_booth_simd_pipe_dsp/conv_blk0_reg_reg[11]/C
High Pulse Width  Fast    FDCE/C   n/a            0.500         2.500       2.000      SLICE_X94Y106  u_booth_simd_pipe_dsp/conv_blk0_reg_reg[11]/C
High Pulse Width  Slow    FDCE/C   n/a            0.500         2.500       2.000      SLICE_X94Y107  u_booth_simd_pipe_dsp/conv_blk0_reg_reg[12]/C
High Pulse Width  Fast    FDCE/C   n/a            0.500         2.500       2.000      SLICE_X94Y107  u_booth_simd_pipe_dsp/conv_blk0_reg_reg[12]/C
High Pulse Width  Slow    FDCE/C   n/a            0.500         2.500       2.000      SLICE_X94Y107  u_booth_simd_pipe_dsp/conv_blk0_reg_reg[13]/C
High Pulse Width  Fast    FDCE/C   n/a            0.500         2.500       2.000      SLICE_X94Y107  u_booth_simd_pipe_dsp/conv_blk0_reg_reg[13]/C



---------------------------------------------------------------------------------------------------
Path Group:  **async_default**
From Clock:  clk
  To Clock:  clk

Setup :          228  Failing Endpoints,  Worst Slack       -3.053ns,  Total Violation     -402.883ns
Hold  :            0  Failing Endpoints,  Worst Slack        0.235ns,  Total Violation        0.000ns
---------------------------------------------------------------------------------------------------


Max Delay Paths
--------------------------------------------------------------------------------------
Slack (VIOLATED) :        -3.053ns  (required time - arrival time)
  Source:                 rst_n
                            (input port clocked by clk  {rise@0.000ns fall@2.500ns period=5.000ns})
  Destination:            u_booth_simd_pipe_dsp/conv_blk0_reg_reg[48]/CLR
                            (recovery check against rising-edge clock clk  {rise@0.000ns fall@2.500ns period=5.000ns})
  Path Group:             **async_default**
  Path Type:              Recovery (Max at Slow Process Corner)
  Requirement:            5.000ns  (clk rise@5.000ns - clk rise@0.000ns)
  Data Path Delay:        11.598ns  (logic 1.008ns (8.690%)  route 10.590ns (91.310%))
  Logic Levels:           2  (IBUF=1 LUT1=1)
  Input Delay:            0.000ns
  Clock Path Skew:        3.838ns (DCD - SCD + CPR)
    Destination Clock Delay (DCD):    3.838ns = ( 8.838 - 5.000 ) 
    Source Clock Delay      (SCD):    0.000ns
    Clock Pessimism Removal (CPR):    0.000ns
  Clock Uncertainty:      0.035ns  ((TSJ^2 + TIJ^2)^1/2 + DJ) / 2 + PE
    Total System Jitter     (TSJ):    0.071ns
    Total Input Jitter      (TIJ):    0.000ns
    Discrete Jitter          (DJ):    0.000ns
    Phase Error              (PE):    0.000ns

    Location             Delay type                Incr(ns)  Path(ns)    Netlist Resource(s)
  -------------------------------------------------------------------    -------------------
                         (clock clk rise edge)        0.000     0.000 r  
                         input delay                  0.000     0.000    
    K3                                                0.000     0.000 r  rst_n (IN)
                         net (fo=0)                   0.000     0.000    rst_n
    K3                   IBUF (Prop_ibuf_I_O)         0.903     0.903 r  rst_n_IBUF_inst/O
                         net (fo=1, routed)           2.366     3.269    u_booth_simd_pipe_dsp/rst_n_IBUF
    SLICE_X163Y148       LUT1 (Prop_lut1_I0_O)        0.105     3.374 f  u_booth_simd_pipe_dsp/vld_pipe[1]_i_1/O
                         net (fo=287, routed)         8.224    11.598    u_booth_simd_pipe_dsp/vld_pipe[1]_i_1_n_0
    SLICE_X74Y115        FDCE                                         f  u_booth_simd_pipe_dsp/conv_blk0_reg_reg[48]/CLR
  -------------------------------------------------------------------    -------------------

                         (clock clk rise edge)        5.000     5.000 r  
    M2                                                0.000     5.000 r  clk (IN)
                         net (fo=0)                   0.000     5.000    clk
    M2                   IBUF (Prop_ibuf_I_O)         0.781     5.781 r  clk_IBUF_inst/O
                         net (fo=1, routed)           1.699     7.480    clk_IBUF
    BUFGCTRL_X0Y0        BUFG (Prop_bufg_I_O)         0.077     7.557 r  clk_IBUF_BUFG_inst/O
                         net (fo=287, routed)         1.281     8.838    u_booth_simd_pipe_dsp/clk_IBUF_BUFG
    SLICE_X74Y115        FDCE                                         r  u_booth_simd_pipe_dsp/conv_blk0_reg_reg[48]/C
                         clock pessimism              0.000     8.838    
                         clock uncertainty           -0.035     8.803    
    SLICE_X74Y115        FDCE (Recov_fdce_C_CLR)     -0.258     8.545    u_booth_simd_pipe_dsp/conv_blk0_reg_reg[48]
  -------------------------------------------------------------------
                         required time                          8.545    
                         arrival time                         -11.598    
  -------------------------------------------------------------------
                         slack                                 -3.053    

Slack (VIOLATED) :        -3.053ns  (required time - arrival time)
  Source:                 rst_n
                            (input port clocked by clk  {rise@0.000ns fall@2.500ns period=5.000ns})
  Destination:            u_booth_simd_pipe_dsp/conv_blk0_reg_reg[49]/CLR
                            (recovery check against rising-edge clock clk  {rise@0.000ns fall@2.500ns period=5.000ns})
  Path Group:             **async_default**
  Path Type:              Recovery (Max at Slow Process Corner)
  Requirement:            5.000ns  (clk rise@5.000ns - clk rise@0.000ns)
  Data Path Delay:        11.598ns  (logic 1.008ns (8.690%)  route 10.590ns (91.310%))
  Logic Levels:           2  (IBUF=1 LUT1=1)
  Input Delay:            0.000ns
  Clock Path Skew:        3.838ns (DCD - SCD + CPR)
    Destination Clock Delay (DCD):    3.838ns = ( 8.838 - 5.000 ) 
    Source Clock Delay      (SCD):    0.000ns
    Clock Pessimism Removal (CPR):    0.000ns
  Clock Uncertainty:      0.035ns  ((TSJ^2 + TIJ^2)^1/2 + DJ) / 2 + PE
    Total System Jitter     (TSJ):    0.071ns
    Total Input Jitter      (TIJ):    0.000ns
    Discrete Jitter          (DJ):    0.000ns
    Phase Error              (PE):    0.000ns

    Location             Delay type                Incr(ns)  Path(ns)    Netlist Resource(s)
  -------------------------------------------------------------------    -------------------
                         (clock clk rise edge)        0.000     0.000 r  
                         input delay                  0.000     0.000    
    K3                                                0.000     0.000 r  rst_n (IN)
                         net (fo=0)                   0.000     0.000    rst_n
    K3                   IBUF (Prop_ibuf_I_O)         0.903     0.903 r  rst_n_IBUF_inst/O
                         net (fo=1, routed)           2.366     3.269    u_booth_simd_pipe_dsp/rst_n_IBUF
    SLICE_X163Y148       LUT1 (Prop_lut1_I0_O)        0.105     3.374 f  u_booth_simd_pipe_dsp/vld_pipe[1]_i_1/O
                         net (fo=287, routed)         8.224    11.598    u_booth_simd_pipe_dsp/vld_pipe[1]_i_1_n_0
    SLICE_X74Y115        FDCE                                         f  u_booth_simd_pipe_dsp/conv_blk0_reg_reg[49]/CLR
  -------------------------------------------------------------------    -------------------

                         (clock clk rise edge)        5.000     5.000 r  
    M2                                                0.000     5.000 r  clk (IN)
                         net (fo=0)                   0.000     5.000    clk
    M2                   IBUF (Prop_ibuf_I_O)         0.781     5.781 r  clk_IBUF_inst/O
                         net (fo=1, routed)           1.699     7.480    clk_IBUF
    BUFGCTRL_X0Y0        BUFG (Prop_bufg_I_O)         0.077     7.557 r  clk_IBUF_BUFG_inst/O
                         net (fo=287, routed)         1.281     8.838    u_booth_simd_pipe_dsp/clk_IBUF_BUFG
    SLICE_X74Y115        FDCE                                         r  u_booth_simd_pipe_dsp/conv_blk0_reg_reg[49]/C
                         clock pessimism              0.000     8.838    
                         clock uncertainty           -0.035     8.803    
    SLICE_X74Y115        FDCE (Recov_fdce_C_CLR)     -0.258     8.545    u_booth_simd_pipe_dsp/conv_blk0_reg_reg[49]
  -------------------------------------------------------------------
                         required time                          8.545    
                         arrival time                         -11.598    
  -------------------------------------------------------------------
                         slack                                 -3.053    

Slack (VIOLATED) :        -3.053ns  (required time - arrival time)
  Source:                 rst_n
                            (input port clocked by clk  {rise@0.000ns fall@2.500ns period=5.000ns})
  Destination:            u_booth_simd_pipe_dsp/conv_blk0_reg_reg[50]/CLR
                            (recovery check against rising-edge clock clk  {rise@0.000ns fall@2.500ns period=5.000ns})
  Path Group:             **async_default**
  Path Type:              Recovery (Max at Slow Process Corner)
  Requirement:            5.000ns  (clk rise@5.000ns - clk rise@0.000ns)
  Data Path Delay:        11.598ns  (logic 1.008ns (8.690%)  route 10.590ns (91.310%))
  Logic Levels:           2  (IBUF=1 LUT1=1)
  Input Delay:            0.000ns
  Clock Path Skew:        3.838ns (DCD - SCD + CPR)
    Destination Clock Delay (DCD):    3.838ns = ( 8.838 - 5.000 ) 
    Source Clock Delay      (SCD):    0.000ns
    Clock Pessimism Removal (CPR):    0.000ns
  Clock Uncertainty:      0.035ns  ((TSJ^2 + TIJ^2)^1/2 + DJ) / 2 + PE
    Total System Jitter     (TSJ):    0.071ns
    Total Input Jitter      (TIJ):    0.000ns
    Discrete Jitter          (DJ):    0.000ns
    Phase Error              (PE):    0.000ns

    Location             Delay type                Incr(ns)  Path(ns)    Netlist Resource(s)
  -------------------------------------------------------------------    -------------------
                         (clock clk rise edge)        0.000     0.000 r  
                         input delay                  0.000     0.000    
    K3                                                0.000     0.000 r  rst_n (IN)
                         net (fo=0)                   0.000     0.000    rst_n
    K3                   IBUF (Prop_ibuf_I_O)         0.903     0.903 r  rst_n_IBUF_inst/O
                         net (fo=1, routed)           2.366     3.269    u_booth_simd_pipe_dsp/rst_n_IBUF
    SLICE_X163Y148       LUT1 (Prop_lut1_I0_O)        0.105     3.374 f  u_booth_simd_pipe_dsp/vld_pipe[1]_i_1/O
                         net (fo=287, routed)         8.224    11.598    u_booth_simd_pipe_dsp/vld_pipe[1]_i_1_n_0
    SLICE_X74Y115        FDCE                                         f  u_booth_simd_pipe_dsp/conv_blk0_reg_reg[50]/CLR
  -------------------------------------------------------------------    -------------------

                         (clock clk rise edge)        5.000     5.000 r  
    M2                                                0.000     5.000 r  clk (IN)
                         net (fo=0)                   0.000     5.000    clk
    M2                   IBUF (Prop_ibuf_I_O)         0.781     5.781 r  clk_IBUF_inst/O
                         net (fo=1, routed)           1.699     7.480    clk_IBUF
    BUFGCTRL_X0Y0        BUFG (Prop_bufg_I_O)         0.077     7.557 r  clk_IBUF_BUFG_inst/O
                         net (fo=287, routed)         1.281     8.838    u_booth_simd_pipe_dsp/clk_IBUF_BUFG
    SLICE_X74Y115        FDCE                                         r  u_booth_simd_pipe_dsp/conv_blk0_reg_reg[50]/C
                         clock pessimism              0.000     8.838    
                         clock uncertainty           -0.035     8.803    
    SLICE_X74Y115        FDCE (Recov_fdce_C_CLR)     -0.258     8.545    u_booth_simd_pipe_dsp/conv_blk0_reg_reg[50]
  -------------------------------------------------------------------
                         required time                          8.545    
                         arrival time                         -11.598    
  -------------------------------------------------------------------
                         slack                                 -3.053    

Slack (VIOLATED) :        -3.053ns  (required time - arrival time)
  Source:                 rst_n
                            (input port clocked by clk  {rise@0.000ns fall@2.500ns period=5.000ns})
  Destination:            u_booth_simd_pipe_dsp/conv_blk0_reg_reg[51]/CLR
                            (recovery check against rising-edge clock clk  {rise@0.000ns fall@2.500ns period=5.000ns})
  Path Group:             **async_default**
  Path Type:              Recovery (Max at Slow Process Corner)
  Requirement:            5.000ns  (clk rise@5.000ns - clk rise@0.000ns)
  Data Path Delay:        11.598ns  (logic 1.008ns (8.690%)  route 10.590ns (91.310%))
  Logic Levels:           2  (IBUF=1 LUT1=1)
  Input Delay:            0.000ns
  Clock Path Skew:        3.838ns (DCD - SCD + CPR)
    Destination Clock Delay (DCD):    3.838ns = ( 8.838 - 5.000 ) 
    Source Clock Delay      (SCD):    0.000ns
    Clock Pessimism Removal (CPR):    0.000ns
  Clock Uncertainty:      0.035ns  ((TSJ^2 + TIJ^2)^1/2 + DJ) / 2 + PE
    Total System Jitter     (TSJ):    0.071ns
    Total Input Jitter      (TIJ):    0.000ns
    Discrete Jitter          (DJ):    0.000ns
    Phase Error              (PE):    0.000ns

    Location             Delay type                Incr(ns)  Path(ns)    Netlist Resource(s)
  -------------------------------------------------------------------    -------------------
                         (clock clk rise edge)        0.000     0.000 r  
                         input delay                  0.000     0.000    
    K3                                                0.000     0.000 r  rst_n (IN)
                         net (fo=0)                   0.000     0.000    rst_n
    K3                   IBUF (Prop_ibuf_I_O)         0.903     0.903 r  rst_n_IBUF_inst/O
                         net (fo=1, routed)           2.366     3.269    u_booth_simd_pipe_dsp/rst_n_IBUF
    SLICE_X163Y148       LUT1 (Prop_lut1_I0_O)        0.105     3.374 f  u_booth_simd_pipe_dsp/vld_pipe[1]_i_1/O
                         net (fo=287, routed)         8.224    11.598    u_booth_simd_pipe_dsp/vld_pipe[1]_i_1_n_0
    SLICE_X74Y115        FDCE                                         f  u_booth_simd_pipe_dsp/conv_blk0_reg_reg[51]/CLR
  -------------------------------------------------------------------    -------------------

                         (clock clk rise edge)        5.000     5.000 r  
    M2                                                0.000     5.000 r  clk (IN)
                         net (fo=0)                   0.000     5.000    clk
    M2                   IBUF (Prop_ibuf_I_O)         0.781     5.781 r  clk_IBUF_inst/O
                         net (fo=1, routed)           1.699     7.480    clk_IBUF
    BUFGCTRL_X0Y0        BUFG (Prop_bufg_I_O)         0.077     7.557 r  clk_IBUF_BUFG_inst/O
                         net (fo=287, routed)         1.281     8.838    u_booth_simd_pipe_dsp/clk_IBUF_BUFG
    SLICE_X74Y115        FDCE                                         r  u_booth_simd_pipe_dsp/conv_blk0_reg_reg[51]/C
                         clock pessimism              0.000     8.838    
                         clock uncertainty           -0.035     8.803    
    SLICE_X74Y115        FDCE (Recov_fdce_C_CLR)     -0.258     8.545    u_booth_simd_pipe_dsp/conv_blk0_reg_reg[51]
  -------------------------------------------------------------------
                         required time                          8.545    
                         arrival time                         -11.598    
  -------------------------------------------------------------------
                         slack                                 -3.053    

Slack (VIOLATED) :        -2.929ns  (required time - arrival time)
  Source:                 rst_n
                            (input port clocked by clk  {rise@0.000ns fall@2.500ns period=5.000ns})
  Destination:            u_booth_simd_pipe_dsp/conv_blk0_reg_reg[40]/CLR
                            (recovery check against rising-edge clock clk  {rise@0.000ns fall@2.500ns period=5.000ns})
  Path Group:             **async_default**
  Path Type:              Recovery (Max at Slow Process Corner)
  Requirement:            5.000ns  (clk rise@5.000ns - clk rise@0.000ns)
  Data Path Delay:        11.476ns  (logic 1.008ns (8.782%)  route 10.468ns (91.218%))
  Logic Levels:           2  (IBUF=1 LUT1=1)
  Input Delay:            0.000ns
  Clock Path Skew:        3.840ns (DCD - SCD + CPR)
    Destination Clock Delay (DCD):    3.840ns = ( 8.840 - 5.000 ) 
    Source Clock Delay      (SCD):    0.000ns
    Clock Pessimism Removal (CPR):    0.000ns
  Clock Uncertainty:      0.035ns  ((TSJ^2 + TIJ^2)^1/2 + DJ) / 2 + PE
    Total System Jitter     (TSJ):    0.071ns
    Total Input Jitter      (TIJ):    0.000ns
    Discrete Jitter          (DJ):    0.000ns
    Phase Error              (PE):    0.000ns

    Location             Delay type                Incr(ns)  Path(ns)    Netlist Resource(s)
  -------------------------------------------------------------------    -------------------
                         (clock clk rise edge)        0.000     0.000 r  
                         input delay                  0.000     0.000    
    K3                                                0.000     0.000 r  rst_n (IN)
                         net (fo=0)                   0.000     0.000    rst_n
    K3                   IBUF (Prop_ibuf_I_O)         0.903     0.903 r  rst_n_IBUF_inst/O
                         net (fo=1, routed)           2.366     3.269    u_booth_simd_pipe_dsp/rst_n_IBUF
    SLICE_X163Y148       LUT1 (Prop_lut1_I0_O)        0.105     3.374 f  u_booth_simd_pipe_dsp/vld_pipe[1]_i_1/O
                         net (fo=287, routed)         8.101    11.476    u_booth_simd_pipe_dsp/vld_pipe[1]_i_1_n_0
    SLICE_X74Y113        FDCE                                         f  u_booth_simd_pipe_dsp/conv_blk0_reg_reg[40]/CLR
  -------------------------------------------------------------------    -------------------

                         (clock clk rise edge)        5.000     5.000 r  
    M2                                                0.000     5.000 r  clk (IN)
                         net (fo=0)                   0.000     5.000    clk
    M2                   IBUF (Prop_ibuf_I_O)         0.781     5.781 r  clk_IBUF_inst/O
                         net (fo=1, routed)           1.699     7.480    clk_IBUF
    BUFGCTRL_X0Y0        BUFG (Prop_bufg_I_O)         0.077     7.557 r  clk_IBUF_BUFG_inst/O
                         net (fo=287, routed)         1.283     8.840    u_booth_simd_pipe_dsp/clk_IBUF_BUFG
    SLICE_X74Y113        FDCE                                         r  u_booth_simd_pipe_dsp/conv_blk0_reg_reg[40]/C
                         clock pessimism              0.000     8.840    
                         clock uncertainty           -0.035     8.805    
    SLICE_X74Y113        FDCE (Recov_fdce_C_CLR)     -0.258     8.547    u_booth_simd_pipe_dsp/conv_blk0_reg_reg[40]
  -------------------------------------------------------------------
                         required time                          8.547    
                         arrival time                         -11.476    
  -------------------------------------------------------------------
                         slack                                 -2.929    

Slack (VIOLATED) :        -2.929ns  (required time - arrival time)
  Source:                 rst_n
                            (input port clocked by clk  {rise@0.000ns fall@2.500ns period=5.000ns})
  Destination:            u_booth_simd_pipe_dsp/conv_blk0_reg_reg[41]/CLR
                            (recovery check against rising-edge clock clk  {rise@0.000ns fall@2.500ns period=5.000ns})
  Path Group:             **async_default**
  Path Type:              Recovery (Max at Slow Process Corner)
  Requirement:            5.000ns  (clk rise@5.000ns - clk rise@0.000ns)
  Data Path Delay:        11.476ns  (logic 1.008ns (8.782%)  route 10.468ns (91.218%))
  Logic Levels:           2  (IBUF=1 LUT1=1)
  Input Delay:            0.000ns
  Clock Path Skew:        3.840ns (DCD - SCD + CPR)
    Destination Clock Delay (DCD):    3.840ns = ( 8.840 - 5.000 ) 
    Source Clock Delay      (SCD):    0.000ns
    Clock Pessimism Removal (CPR):    0.000ns
  Clock Uncertainty:      0.035ns  ((TSJ^2 + TIJ^2)^1/2 + DJ) / 2 + PE
    Total System Jitter     (TSJ):    0.071ns
    Total Input Jitter      (TIJ):    0.000ns
    Discrete Jitter          (DJ):    0.000ns
    Phase Error              (PE):    0.000ns

    Location             Delay type                Incr(ns)  Path(ns)    Netlist Resource(s)
  -------------------------------------------------------------------    -------------------
                         (clock clk rise edge)        0.000     0.000 r  
                         input delay                  0.000     0.000    
    K3                                                0.000     0.000 r  rst_n (IN)
                         net (fo=0)                   0.000     0.000    rst_n
    K3                   IBUF (Prop_ibuf_I_O)         0.903     0.903 r  rst_n_IBUF_inst/O
                         net (fo=1, routed)           2.366     3.269    u_booth_simd_pipe_dsp/rst_n_IBUF
    SLICE_X163Y148       LUT1 (Prop_lut1_I0_O)        0.105     3.374 f  u_booth_simd_pipe_dsp/vld_pipe[1]_i_1/O
                         net (fo=287, routed)         8.101    11.476    u_booth_simd_pipe_dsp/vld_pipe[1]_i_1_n_0
    SLICE_X74Y113        FDCE                                         f  u_booth_simd_pipe_dsp/conv_blk0_reg_reg[41]/CLR
  -------------------------------------------------------------------    -------------------

                         (clock clk rise edge)        5.000     5.000 r  
    M2                                                0.000     5.000 r  clk (IN)
                         net (fo=0)                   0.000     5.000    clk
    M2                   IBUF (Prop_ibuf_I_O)         0.781     5.781 r  clk_IBUF_inst/O
                         net (fo=1, routed)           1.699     7.480    clk_IBUF
    BUFGCTRL_X0Y0        BUFG (Prop_bufg_I_O)         0.077     7.557 r  clk_IBUF_BUFG_inst/O
                         net (fo=287, routed)         1.283     8.840    u_booth_simd_pipe_dsp/clk_IBUF_BUFG
    SLICE_X74Y113        FDCE                                         r  u_booth_simd_pipe_dsp/conv_blk0_reg_reg[41]/C
                         clock pessimism              0.000     8.840    
                         clock uncertainty           -0.035     8.805    
    SLICE_X74Y113        FDCE (Recov_fdce_C_CLR)     -0.258     8.547    u_booth_simd_pipe_dsp/conv_blk0_reg_reg[41]
  -------------------------------------------------------------------
                         required time                          8.547    
                         arrival time                         -11.476    
  -------------------------------------------------------------------
                         slack                                 -2.929    

Slack (VIOLATED) :        -2.929ns  (required time - arrival time)
  Source:                 rst_n
                            (input port clocked by clk  {rise@0.000ns fall@2.500ns period=5.000ns})
  Destination:            u_booth_simd_pipe_dsp/conv_blk0_reg_reg[42]/CLR
                            (recovery check against rising-edge clock clk  {rise@0.000ns fall@2.500ns period=5.000ns})
  Path Group:             **async_default**
  Path Type:              Recovery (Max at Slow Process Corner)
  Requirement:            5.000ns  (clk rise@5.000ns - clk rise@0.000ns)
  Data Path Delay:        11.476ns  (logic 1.008ns (8.782%)  route 10.468ns (91.218%))
  Logic Levels:           2  (IBUF=1 LUT1=1)
  Input Delay:            0.000ns
  Clock Path Skew:        3.840ns (DCD - SCD + CPR)
    Destination Clock Delay (DCD):    3.840ns = ( 8.840 - 5.000 ) 
    Source Clock Delay      (SCD):    0.000ns
    Clock Pessimism Removal (CPR):    0.000ns
  Clock Uncertainty:      0.035ns  ((TSJ^2 + TIJ^2)^1/2 + DJ) / 2 + PE
    Total System Jitter     (TSJ):    0.071ns
    Total Input Jitter      (TIJ):    0.000ns
    Discrete Jitter          (DJ):    0.000ns
    Phase Error              (PE):    0.000ns

    Location             Delay type                Incr(ns)  Path(ns)    Netlist Resource(s)
  -------------------------------------------------------------------    -------------------
                         (clock clk rise edge)        0.000     0.000 r  
                         input delay                  0.000     0.000    
    K3                                                0.000     0.000 r  rst_n (IN)
                         net (fo=0)                   0.000     0.000    rst_n
    K3                   IBUF (Prop_ibuf_I_O)         0.903     0.903 r  rst_n_IBUF_inst/O
                         net (fo=1, routed)           2.366     3.269    u_booth_simd_pipe_dsp/rst_n_IBUF
    SLICE_X163Y148       LUT1 (Prop_lut1_I0_O)        0.105     3.374 f  u_booth_simd_pipe_dsp/vld_pipe[1]_i_1/O
                         net (fo=287, routed)         8.101    11.476    u_booth_simd_pipe_dsp/vld_pipe[1]_i_1_n_0
    SLICE_X74Y113        FDCE                                         f  u_booth_simd_pipe_dsp/conv_blk0_reg_reg[42]/CLR
  -------------------------------------------------------------------    -------------------

                         (clock clk rise edge)        5.000     5.000 r  
    M2                                                0.000     5.000 r  clk (IN)
                         net (fo=0)                   0.000     5.000    clk
    M2                   IBUF (Prop_ibuf_I_O)         0.781     5.781 r  clk_IBUF_inst/O
                         net (fo=1, routed)           1.699     7.480    clk_IBUF
    BUFGCTRL_X0Y0        BUFG (Prop_bufg_I_O)         0.077     7.557 r  clk_IBUF_BUFG_inst/O
                         net (fo=287, routed)         1.283     8.840    u_booth_simd_pipe_dsp/clk_IBUF_BUFG
    SLICE_X74Y113        FDCE                                         r  u_booth_simd_pipe_dsp/conv_blk0_reg_reg[42]/C
                         clock pessimism              0.000     8.840    
                         clock uncertainty           -0.035     8.805    
    SLICE_X74Y113        FDCE (Recov_fdce_C_CLR)     -0.258     8.547    u_booth_simd_pipe_dsp/conv_blk0_reg_reg[42]
  -------------------------------------------------------------------
                         required time                          8.547    
                         arrival time                         -11.476    
  -------------------------------------------------------------------
                         slack                                 -2.929    

Slack (VIOLATED) :        -2.929ns  (required time - arrival time)
  Source:                 rst_n
                            (input port clocked by clk  {rise@0.000ns fall@2.500ns period=5.000ns})
  Destination:            u_booth_simd_pipe_dsp/conv_blk0_reg_reg[43]/CLR
                            (recovery check against rising-edge clock clk  {rise@0.000ns fall@2.500ns period=5.000ns})
  Path Group:             **async_default**
  Path Type:              Recovery (Max at Slow Process Corner)
  Requirement:            5.000ns  (clk rise@5.000ns - clk rise@0.000ns)
  Data Path Delay:        11.476ns  (logic 1.008ns (8.782%)  route 10.468ns (91.218%))
  Logic Levels:           2  (IBUF=1 LUT1=1)
  Input Delay:            0.000ns
  Clock Path Skew:        3.840ns (DCD - SCD + CPR)
    Destination Clock Delay (DCD):    3.840ns = ( 8.840 - 5.000 ) 
    Source Clock Delay      (SCD):    0.000ns
    Clock Pessimism Removal (CPR):    0.000ns
  Clock Uncertainty:      0.035ns  ((TSJ^2 + TIJ^2)^1/2 + DJ) / 2 + PE
    Total System Jitter     (TSJ):    0.071ns
    Total Input Jitter      (TIJ):    0.000ns
    Discrete Jitter          (DJ):    0.000ns
    Phase Error              (PE):    0.000ns

    Location             Delay type                Incr(ns)  Path(ns)    Netlist Resource(s)
  -------------------------------------------------------------------    -------------------
                         (clock clk rise edge)        0.000     0.000 r  
                         input delay                  0.000     0.000    
    K3                                                0.000     0.000 r  rst_n (IN)
                         net (fo=0)                   0.000     0.000    rst_n
    K3                   IBUF (Prop_ibuf_I_O)         0.903     0.903 r  rst_n_IBUF_inst/O
                         net (fo=1, routed)           2.366     3.269    u_booth_simd_pipe_dsp/rst_n_IBUF
    SLICE_X163Y148       LUT1 (Prop_lut1_I0_O)        0.105     3.374 f  u_booth_simd_pipe_dsp/vld_pipe[1]_i_1/O
                         net (fo=287, routed)         8.101    11.476    u_booth_simd_pipe_dsp/vld_pipe[1]_i_1_n_0
    SLICE_X74Y113        FDCE                                         f  u_booth_simd_pipe_dsp/conv_blk0_reg_reg[43]/CLR
  -------------------------------------------------------------------    -------------------

                         (clock clk rise edge)        5.000     5.000 r  
    M2                                                0.000     5.000 r  clk (IN)
                         net (fo=0)                   0.000     5.000    clk
    M2                   IBUF (Prop_ibuf_I_O)         0.781     5.781 r  clk_IBUF_inst/O
                         net (fo=1, routed)           1.699     7.480    clk_IBUF
    BUFGCTRL_X0Y0        BUFG (Prop_bufg_I_O)         0.077     7.557 r  clk_IBUF_BUFG_inst/O
                         net (fo=287, routed)         1.283     8.840    u_booth_simd_pipe_dsp/clk_IBUF_BUFG
    SLICE_X74Y113        FDCE                                         r  u_booth_simd_pipe_dsp/conv_blk0_reg_reg[43]/C
                         clock pessimism              0.000     8.840    
                         clock uncertainty           -0.035     8.805    
    SLICE_X74Y113        FDCE (Recov_fdce_C_CLR)     -0.258     8.547    u_booth_simd_pipe_dsp/conv_blk0_reg_reg[43]
  -------------------------------------------------------------------
                         required time                          8.547    
                         arrival time                         -11.476    
  -------------------------------------------------------------------
                         slack                                 -2.929    

Slack (VIOLATED) :        -2.888ns  (required time - arrival time)
  Source:                 rst_n
                            (input port clocked by clk  {rise@0.000ns fall@2.500ns period=5.000ns})
  Destination:            u_booth_simd_pipe_dsp/conv_blk1_reg_reg[16]/CLR
                            (recovery check against rising-edge clock clk  {rise@0.000ns fall@2.500ns period=5.000ns})
  Path Group:             **async_default**
  Path Type:              Recovery (Max at Slow Process Corner)
  Requirement:            5.000ns  (clk rise@5.000ns - clk rise@0.000ns)
  Data Path Delay:        11.349ns  (logic 1.008ns (8.880%)  route 10.342ns (91.120%))
  Logic Levels:           2  (IBUF=1 LUT1=1)
  Input Delay:            0.000ns
  Clock Path Skew:        3.828ns (DCD - SCD + CPR)
    Destination Clock Delay (DCD):    3.828ns = ( 8.828 - 5.000 ) 
    Source Clock Delay      (SCD):    0.000ns
    Clock Pessimism Removal (CPR):    0.000ns
  Clock Uncertainty:      0.035ns  ((TSJ^2 + TIJ^2)^1/2 + DJ) / 2 + PE
    Total System Jitter     (TSJ):    0.071ns
    Total Input Jitter      (TIJ):    0.000ns
    Discrete Jitter          (DJ):    0.000ns
    Phase Error              (PE):    0.000ns

    Location             Delay type                Incr(ns)  Path(ns)    Netlist Resource(s)
  -------------------------------------------------------------------    -------------------
                         (clock clk rise edge)        0.000     0.000 r  
                         input delay                  0.000     0.000    
    K3                                                0.000     0.000 r  rst_n (IN)
                         net (fo=0)                   0.000     0.000    rst_n
    K3                   IBUF (Prop_ibuf_I_O)         0.903     0.903 r  rst_n_IBUF_inst/O
                         net (fo=1, routed)           2.366     3.269    u_booth_simd_pipe_dsp/rst_n_IBUF
    SLICE_X163Y148       LUT1 (Prop_lut1_I0_O)        0.105     3.374 f  u_booth_simd_pipe_dsp/vld_pipe[1]_i_1/O
                         net (fo=287, routed)         7.975    11.349    u_booth_simd_pipe_dsp/vld_pipe[1]_i_1_n_0
    SLICE_X87Y117        FDCE                                         f  u_booth_simd_pipe_dsp/conv_blk1_reg_reg[16]/CLR
  -------------------------------------------------------------------    -------------------

                         (clock clk rise edge)        5.000     5.000 r  
    M2                                                0.000     5.000 r  clk (IN)
                         net (fo=0)                   0.000     5.000    clk
    M2                   IBUF (Prop_ibuf_I_O)         0.781     5.781 r  clk_IBUF_inst/O
                         net (fo=1, routed)           1.699     7.480    clk_IBUF
    BUFGCTRL_X0Y0        BUFG (Prop_bufg_I_O)         0.077     7.557 r  clk_IBUF_BUFG_inst/O
                         net (fo=287, routed)         1.271     8.828    u_booth_simd_pipe_dsp/clk_IBUF_BUFG
    SLICE_X87Y117        FDCE                                         r  u_booth_simd_pipe_dsp/conv_blk1_reg_reg[16]/C
                         clock pessimism              0.000     8.828    
                         clock uncertainty           -0.035     8.793    
    SLICE_X87Y117        FDCE (Recov_fdce_C_CLR)     -0.331     8.462    u_booth_simd_pipe_dsp/conv_blk1_reg_reg[16]
  -------------------------------------------------------------------
                         required time                          8.462    
                         arrival time                         -11.349    
  -------------------------------------------------------------------
                         slack                                 -2.888    

Slack (VIOLATED) :        -2.888ns  (required time - arrival time)
  Source:                 rst_n
                            (input port clocked by clk  {rise@0.000ns fall@2.500ns period=5.000ns})
  Destination:            u_booth_simd_pipe_dsp/conv_blk1_reg_reg[17]/CLR
                            (recovery check against rising-edge clock clk  {rise@0.000ns fall@2.500ns period=5.000ns})
  Path Group:             **async_default**
  Path Type:              Recovery (Max at Slow Process Corner)
  Requirement:            5.000ns  (clk rise@5.000ns - clk rise@0.000ns)
  Data Path Delay:        11.349ns  (logic 1.008ns (8.880%)  route 10.342ns (91.120%))
  Logic Levels:           2  (IBUF=1 LUT1=1)
  Input Delay:            0.000ns
  Clock Path Skew:        3.828ns (DCD - SCD + CPR)
    Destination Clock Delay (DCD):    3.828ns = ( 8.828 - 5.000 ) 
    Source Clock Delay      (SCD):    0.000ns
    Clock Pessimism Removal (CPR):    0.000ns
  Clock Uncertainty:      0.035ns  ((TSJ^2 + TIJ^2)^1/2 + DJ) / 2 + PE
    Total System Jitter     (TSJ):    0.071ns
    Total Input Jitter      (TIJ):    0.000ns
    Discrete Jitter          (DJ):    0.000ns
    Phase Error              (PE):    0.000ns

    Location             Delay type                Incr(ns)  Path(ns)    Netlist Resource(s)
  -------------------------------------------------------------------    -------------------
                         (clock clk rise edge)        0.000     0.000 r  
                         input delay                  0.000     0.000    
    K3                                                0.000     0.000 r  rst_n (IN)
                         net (fo=0)                   0.000     0.000    rst_n
    K3                   IBUF (Prop_ibuf_I_O)         0.903     0.903 r  rst_n_IBUF_inst/O
                         net (fo=1, routed)           2.366     3.269    u_booth_simd_pipe_dsp/rst_n_IBUF
    SLICE_X163Y148       LUT1 (Prop_lut1_I0_O)        0.105     3.374 f  u_booth_simd_pipe_dsp/vld_pipe[1]_i_1/O
                         net (fo=287, routed)         7.975    11.349    u_booth_simd_pipe_dsp/vld_pipe[1]_i_1_n_0
    SLICE_X87Y117        FDCE                                         f  u_booth_simd_pipe_dsp/conv_blk1_reg_reg[17]/CLR
  -------------------------------------------------------------------    -------------------

                         (clock clk rise edge)        5.000     5.000 r  
    M2                                                0.000     5.000 r  clk (IN)
                         net (fo=0)                   0.000     5.000    clk
    M2                   IBUF (Prop_ibuf_I_O)         0.781     5.781 r  clk_IBUF_inst/O
                         net (fo=1, routed)           1.699     7.480    clk_IBUF
    BUFGCTRL_X0Y0        BUFG (Prop_bufg_I_O)         0.077     7.557 r  clk_IBUF_BUFG_inst/O
                         net (fo=287, routed)         1.271     8.828    u_booth_simd_pipe_dsp/clk_IBUF_BUFG
    SLICE_X87Y117        FDCE                                         r  u_booth_simd_pipe_dsp/conv_blk1_reg_reg[17]/C
                         clock pessimism              0.000     8.828    
                         clock uncertainty           -0.035     8.793    
    SLICE_X87Y117        FDCE (Recov_fdce_C_CLR)     -0.331     8.462    u_booth_simd_pipe_dsp/conv_blk1_reg_reg[17]
  -------------------------------------------------------------------
                         required time                          8.462    
                         arrival time                         -11.349    
  -------------------------------------------------------------------
                         slack                                 -2.888    





Min Delay Paths
--------------------------------------------------------------------------------------
Slack (MET) :             0.235ns  (arrival time - required time)
  Source:                 rst_n
                            (input port clocked by clk  {rise@0.000ns fall@2.500ns period=5.000ns})
  Destination:            u_booth_simd_pipe_dsp/out_flat_u8x4_reg[25]/CLR
                            (removal check against rising-edge clock clk  {rise@0.000ns fall@2.500ns period=5.000ns})
  Path Group:             **async_default**
  Path Type:              Removal (Min at Fast Process Corner)
  Requirement:            0.000ns  (clk rise@0.000ns - clk rise@0.000ns)
  Data Path Delay:        2.258ns  (logic 0.245ns (10.832%)  route 2.014ns (89.168%))
  Logic Levels:           2  (IBUF=1 LUT1=1)
  Input Delay:            0.000ns
  Clock Path Skew:        2.080ns (DCD - SCD - CPR)
    Destination Clock Delay (DCD):    2.080ns
    Source Clock Delay      (SCD):    0.000ns
    Clock Pessimism Removal (CPR):    -0.000ns
  Clock Uncertainty:      0.035ns  ((TSJ^2 + TIJ^2)^1/2 + DJ) / 2 + PE
    Total System Jitter     (TSJ):    0.071ns
    Total Input Jitter      (TIJ):    0.000ns
    Discrete Jitter          (DJ):    0.000ns
    Phase Error              (PE):    0.000ns

    Location             Delay type                Incr(ns)  Path(ns)    Netlist Resource(s)
  -------------------------------------------------------------------    -------------------
                         (clock clk rise edge)        0.000     0.000 r  
                         input delay                  0.000     0.000    
    K3                                                0.000     0.000 r  rst_n (IN)
                         net (fo=0)                   0.000     0.000    rst_n
    K3                   IBUF (Prop_ibuf_I_O)         0.200     0.200 r  rst_n_IBUF_inst/O
                         net (fo=1, routed)           1.099     1.299    u_booth_simd_pipe_dsp/rst_n_IBUF
    SLICE_X163Y148       LUT1 (Prop_lut1_I0_O)        0.045     1.344 f  u_booth_simd_pipe_dsp/vld_pipe[1]_i_1/O
                         net (fo=287, routed)         0.914     2.258    u_booth_simd_pipe_dsp/vld_pipe[1]_i_1_n_0
    SLICE_X163Y150       FDCE                                         f  u_booth_simd_pipe_dsp/out_flat_u8x4_reg[25]/CLR
  -------------------------------------------------------------------    -------------------

                         (clock clk rise edge)        0.000     0.000 r  
    M2                                                0.000     0.000 r  clk (IN)
                         net (fo=0)                   0.000     0.000    clk
    M2                   IBUF (Prop_ibuf_I_O)         0.398     0.398 r  clk_IBUF_inst/O
                         net (fo=1, routed)           0.734     1.132    clk_IBUF
    BUFGCTRL_X0Y0        BUFG (Prop_bufg_I_O)         0.029     1.161 r  clk_IBUF_BUFG_inst/O
                         net (fo=287, routed)         0.919     2.080    u_booth_simd_pipe_dsp/clk_IBUF_BUFG
    SLICE_X163Y150       FDCE                                         r  u_booth_simd_pipe_dsp/out_flat_u8x4_reg[25]/C
                         clock pessimism              0.000     2.080    
                         clock uncertainty            0.035     2.115    
    SLICE_X163Y150       FDCE (Remov_fdce_C_CLR)     -0.092     2.023    u_booth_simd_pipe_dsp/out_flat_u8x4_reg[25]
  -------------------------------------------------------------------
                         required time                         -2.023    
                         arrival time                           2.258    
  -------------------------------------------------------------------
                         slack                                  0.235    

Slack (MET) :             0.242ns  (arrival time - required time)
  Source:                 rst_n
                            (input port clocked by clk  {rise@0.000ns fall@2.500ns period=5.000ns})
  Destination:            u_booth_simd_pipe_dsp/out_flat_u8x4_reg[26]/CLR
                            (removal check against rising-edge clock clk  {rise@0.000ns fall@2.500ns period=5.000ns})
  Path Group:             **async_default**
  Path Type:              Removal (Min at Fast Process Corner)
  Requirement:            0.000ns  (clk rise@0.000ns - clk rise@0.000ns)
  Data Path Delay:        2.265ns  (logic 0.245ns (10.800%)  route 2.020ns (89.200%))
  Logic Levels:           2  (IBUF=1 LUT1=1)
  Input Delay:            0.000ns
  Clock Path Skew:        2.080ns (DCD - SCD - CPR)
    Destination Clock Delay (DCD):    2.080ns
    Source Clock Delay      (SCD):    0.000ns
    Clock Pessimism Removal (CPR):    -0.000ns
  Clock Uncertainty:      0.035ns  ((TSJ^2 + TIJ^2)^1/2 + DJ) / 2 + PE
    Total System Jitter     (TSJ):    0.071ns
    Total Input Jitter      (TIJ):    0.000ns
    Discrete Jitter          (DJ):    0.000ns
    Phase Error              (PE):    0.000ns

    Location             Delay type                Incr(ns)  Path(ns)    Netlist Resource(s)
  -------------------------------------------------------------------    -------------------
                         (clock clk rise edge)        0.000     0.000 r  
                         input delay                  0.000     0.000    
    K3                                                0.000     0.000 r  rst_n (IN)
                         net (fo=0)                   0.000     0.000    rst_n
    K3                   IBUF (Prop_ibuf_I_O)         0.200     0.200 r  rst_n_IBUF_inst/O
                         net (fo=1, routed)           1.099     1.299    u_booth_simd_pipe_dsp/rst_n_IBUF
    SLICE_X163Y148       LUT1 (Prop_lut1_I0_O)        0.045     1.344 f  u_booth_simd_pipe_dsp/vld_pipe[1]_i_1/O
                         net (fo=287, routed)         0.921     2.265    u_booth_simd_pipe_dsp/vld_pipe[1]_i_1_n_0
    SLICE_X163Y151       FDCE                                         f  u_booth_simd_pipe_dsp/out_flat_u8x4_reg[26]/CLR
  -------------------------------------------------------------------    -------------------

                         (clock clk rise edge)        0.000     0.000 r  
    M2                                                0.000     0.000 r  clk (IN)
                         net (fo=0)                   0.000     0.000    clk
    M2                   IBUF (Prop_ibuf_I_O)         0.398     0.398 r  clk_IBUF_inst/O
                         net (fo=1, routed)           0.734     1.132    clk_IBUF
    BUFGCTRL_X0Y0        BUFG (Prop_bufg_I_O)         0.029     1.161 r  clk_IBUF_BUFG_inst/O
                         net (fo=287, routed)         0.919     2.080    u_booth_simd_pipe_dsp/clk_IBUF_BUFG
    SLICE_X163Y151       FDCE                                         r  u_booth_simd_pipe_dsp/out_flat_u8x4_reg[26]/C
                         clock pessimism              0.000     2.080    
                         clock uncertainty            0.035     2.115    
    SLICE_X163Y151       FDCE (Remov_fdce_C_CLR)     -0.092     2.023    u_booth_simd_pipe_dsp/out_flat_u8x4_reg[26]
  -------------------------------------------------------------------
                         required time                         -2.023    
                         arrival time                           2.265    
  -------------------------------------------------------------------
                         slack                                  0.242    

Slack (MET) :             0.555ns  (arrival time - required time)
  Source:                 rst_n
                            (input port clocked by clk  {rise@0.000ns fall@2.500ns period=5.000ns})
  Destination:            u_booth_simd_pipe_dsp/out_flat_u8x4_reg[27]/CLR
                            (removal check against rising-edge clock clk  {rise@0.000ns fall@2.500ns period=5.000ns})
  Path Group:             **async_default**
  Path Type:              Removal (Min at Fast Process Corner)
  Requirement:            0.000ns  (clk rise@0.000ns - clk rise@0.000ns)
  Data Path Delay:        2.578ns  (logic 0.245ns (9.488%)  route 2.334ns (90.512%))
  Logic Levels:           2  (IBUF=1 LUT1=1)
  Input Delay:            0.000ns
  Clock Path Skew:        2.080ns (DCD - SCD - CPR)
    Destination Clock Delay (DCD):    2.080ns
    Source Clock Delay      (SCD):    0.000ns
    Clock Pessimism Removal (CPR):    -0.000ns
  Clock Uncertainty:      0.035ns  ((TSJ^2 + TIJ^2)^1/2 + DJ) / 2 + PE
    Total System Jitter     (TSJ):    0.071ns
    Total Input Jitter      (TIJ):    0.000ns
    Discrete Jitter          (DJ):    0.000ns
    Phase Error              (PE):    0.000ns

    Location             Delay type                Incr(ns)  Path(ns)    Netlist Resource(s)
  -------------------------------------------------------------------    -------------------
                         (clock clk rise edge)        0.000     0.000 r  
                         input delay                  0.000     0.000    
    K3                                                0.000     0.000 r  rst_n (IN)
                         net (fo=0)                   0.000     0.000    rst_n
    K3                   IBUF (Prop_ibuf_I_O)         0.200     0.200 r  rst_n_IBUF_inst/O
                         net (fo=1, routed)           1.099     1.299    u_booth_simd_pipe_dsp/rst_n_IBUF
    SLICE_X163Y148       LUT1 (Prop_lut1_I0_O)        0.045     1.344 f  u_booth_simd_pipe_dsp/vld_pipe[1]_i_1/O
                         net (fo=287, routed)         1.234     2.578    u_booth_simd_pipe_dsp/vld_pipe[1]_i_1_n_0
    SLICE_X163Y152       FDCE                                         f  u_booth_simd_pipe_dsp/out_flat_u8x4_reg[27]/CLR
  -------------------------------------------------------------------    -------------------

                         (clock clk rise edge)        0.000     0.000 r  
    M2                                                0.000     0.000 r  clk (IN)
                         net (fo=0)                   0.000     0.000    clk
    M2                   IBUF (Prop_ibuf_I_O)         0.398     0.398 r  clk_IBUF_inst/O
                         net (fo=1, routed)           0.734     1.132    clk_IBUF
    BUFGCTRL_X0Y0        BUFG (Prop_bufg_I_O)         0.029     1.161 r  clk_IBUF_BUFG_inst/O
                         net (fo=287, routed)         0.919     2.080    u_booth_simd_pipe_dsp/clk_IBUF_BUFG
    SLICE_X163Y152       FDCE                                         r  u_booth_simd_pipe_dsp/out_flat_u8x4_reg[27]/C
                         clock pessimism              0.000     2.080    
                         clock uncertainty            0.035     2.115    
    SLICE_X163Y152       FDCE (Remov_fdce_C_CLR)     -0.092     2.023    u_booth_simd_pipe_dsp/out_flat_u8x4_reg[27]
  -------------------------------------------------------------------
                         required time                         -2.023    
                         arrival time                           2.578    
  -------------------------------------------------------------------
                         slack                                  0.555    

Slack (MET) :             0.619ns  (arrival time - required time)
  Source:                 rst_n
                            (input port clocked by clk  {rise@0.000ns fall@2.500ns period=5.000ns})
  Destination:            u_booth_simd_pipe_dsp/out_flat_u8x4_reg[28]/CLR
                            (removal check against rising-edge clock clk  {rise@0.000ns fall@2.500ns period=5.000ns})
  Path Group:             **async_default**
  Path Type:              Removal (Min at Fast Process Corner)
  Requirement:            0.000ns  (clk rise@0.000ns - clk rise@0.000ns)
  Data Path Delay:        2.642ns  (logic 0.245ns (9.259%)  route 2.397ns (90.741%))
  Logic Levels:           2  (IBUF=1 LUT1=1)
  Input Delay:            0.000ns
  Clock Path Skew:        2.079ns (DCD - SCD - CPR)
    Destination Clock Delay (DCD):    2.079ns
    Source Clock Delay      (SCD):    0.000ns
    Clock Pessimism Removal (CPR):    -0.000ns
  Clock Uncertainty:      0.035ns  ((TSJ^2 + TIJ^2)^1/2 + DJ) / 2 + PE
    Total System Jitter     (TSJ):    0.071ns
    Total Input Jitter      (TIJ):    0.000ns
    Discrete Jitter          (DJ):    0.000ns
    Phase Error              (PE):    0.000ns

    Location             Delay type                Incr(ns)  Path(ns)    Netlist Resource(s)
  -------------------------------------------------------------------    -------------------
                         (clock clk rise edge)        0.000     0.000 r  
                         input delay                  0.000     0.000    
    K3                                                0.000     0.000 r  rst_n (IN)
                         net (fo=0)                   0.000     0.000    rst_n
    K3                   IBUF (Prop_ibuf_I_O)         0.200     0.200 r  rst_n_IBUF_inst/O
                         net (fo=1, routed)           1.099     1.299    u_booth_simd_pipe_dsp/rst_n_IBUF
    SLICE_X163Y148       LUT1 (Prop_lut1_I0_O)        0.045     1.344 f  u_booth_simd_pipe_dsp/vld_pipe[1]_i_1/O
                         net (fo=287, routed)         1.298     2.642    u_booth_simd_pipe_dsp/vld_pipe[1]_i_1_n_0
    SLICE_X163Y153       FDCE                                         f  u_booth_simd_pipe_dsp/out_flat_u8x4_reg[28]/CLR
  -------------------------------------------------------------------    -------------------

                         (clock clk rise edge)        0.000     0.000 r  
    M2                                                0.000     0.000 r  clk (IN)
                         net (fo=0)                   0.000     0.000    clk
    M2                   IBUF (Prop_ibuf_I_O)         0.398     0.398 r  clk_IBUF_inst/O
                         net (fo=1, routed)           0.734     1.132    clk_IBUF
    BUFGCTRL_X0Y0        BUFG (Prop_bufg_I_O)         0.029     1.161 r  clk_IBUF_BUFG_inst/O
                         net (fo=287, routed)         0.918     2.079    u_booth_simd_pipe_dsp/clk_IBUF_BUFG
    SLICE_X163Y153       FDCE                                         r  u_booth_simd_pipe_dsp/out_flat_u8x4_reg[28]/C
                         clock pessimism              0.000     2.079    
                         clock uncertainty            0.035     2.114    
    SLICE_X163Y153       FDCE (Remov_fdce_C_CLR)     -0.092     2.022    u_booth_simd_pipe_dsp/out_flat_u8x4_reg[28]
  -------------------------------------------------------------------
                         required time                         -2.022    
                         arrival time                           2.642    
  -------------------------------------------------------------------
                         slack                                  0.619    

Slack (MET) :             0.683ns  (arrival time - required time)
  Source:                 rst_n
                            (input port clocked by clk  {rise@0.000ns fall@2.500ns period=5.000ns})
  Destination:            u_booth_simd_pipe_dsp/out_flat_u8x4_reg[29]/CLR
                            (removal check against rising-edge clock clk  {rise@0.000ns fall@2.500ns period=5.000ns})
  Path Group:             **async_default**
  Path Type:              Removal (Min at Fast Process Corner)
  Requirement:            0.000ns  (clk rise@0.000ns - clk rise@0.000ns)
  Data Path Delay:        2.706ns  (logic 0.245ns (9.041%)  route 2.461ns (90.959%))
  Logic Levels:           2  (IBUF=1 LUT1=1)
  Input Delay:            0.000ns
  Clock Path Skew:        2.079ns (DCD - SCD - CPR)
    Destination Clock Delay (DCD):    2.079ns
    Source Clock Delay      (SCD):    0.000ns
    Clock Pessimism Removal (CPR):    -0.000ns
  Clock Uncertainty:      0.035ns  ((TSJ^2 + TIJ^2)^1/2 + DJ) / 2 + PE
    Total System Jitter     (TSJ):    0.071ns
    Total Input Jitter      (TIJ):    0.000ns
    Discrete Jitter          (DJ):    0.000ns
    Phase Error              (PE):    0.000ns

    Location             Delay type                Incr(ns)  Path(ns)    Netlist Resource(s)
  -------------------------------------------------------------------    -------------------
                         (clock clk rise edge)        0.000     0.000 r  
                         input delay                  0.000     0.000    
    K3                                                0.000     0.000 r  rst_n (IN)
                         net (fo=0)                   0.000     0.000    rst_n
    K3                   IBUF (Prop_ibuf_I_O)         0.200     0.200 r  rst_n_IBUF_inst/O
                         net (fo=1, routed)           1.099     1.299    u_booth_simd_pipe_dsp/rst_n_IBUF
    SLICE_X163Y148       LUT1 (Prop_lut1_I0_O)        0.045     1.344 f  u_booth_simd_pipe_dsp/vld_pipe[1]_i_1/O
                         net (fo=287, routed)         1.362     2.706    u_booth_simd_pipe_dsp/vld_pipe[1]_i_1_n_0
    SLICE_X163Y154       FDCE                                         f  u_booth_simd_pipe_dsp/out_flat_u8x4_reg[29]/CLR
  -------------------------------------------------------------------    -------------------

                         (clock clk rise edge)        0.000     0.000 r  
    M2                                                0.000     0.000 r  clk (IN)
                         net (fo=0)                   0.000     0.000    clk
    M2                   IBUF (Prop_ibuf_I_O)         0.398     0.398 r  clk_IBUF_inst/O
                         net (fo=1, routed)           0.734     1.132    clk_IBUF
    BUFGCTRL_X0Y0        BUFG (Prop_bufg_I_O)         0.029     1.161 r  clk_IBUF_BUFG_inst/O
                         net (fo=287, routed)         0.918     2.079    u_booth_simd_pipe_dsp/clk_IBUF_BUFG
    SLICE_X163Y154       FDCE                                         r  u_booth_simd_pipe_dsp/out_flat_u8x4_reg[29]/C
                         clock pessimism              0.000     2.079    
                         clock uncertainty            0.035     2.114    
    SLICE_X163Y154       FDCE (Remov_fdce_C_CLR)     -0.092     2.022    u_booth_simd_pipe_dsp/out_flat_u8x4_reg[29]
  -------------------------------------------------------------------
                         required time                         -2.022    
                         arrival time                           2.706    
  -------------------------------------------------------------------
                         slack                                  0.683    

Slack (MET) :             0.747ns  (arrival time - required time)
  Source:                 rst_n
                            (input port clocked by clk  {rise@0.000ns fall@2.500ns period=5.000ns})
  Destination:            u_booth_simd_pipe_dsp/out_flat_u8x4_reg[30]/CLR
                            (removal check against rising-edge clock clk  {rise@0.000ns fall@2.500ns period=5.000ns})
  Path Group:             **async_default**
  Path Type:              Removal (Min at Fast Process Corner)
  Requirement:            0.000ns  (clk rise@0.000ns - clk rise@0.000ns)
  Data Path Delay:        2.769ns  (logic 0.245ns (8.833%)  route 2.525ns (91.167%))
  Logic Levels:           2  (IBUF=1 LUT1=1)
  Input Delay:            0.000ns
  Clock Path Skew:        2.079ns (DCD - SCD - CPR)
    Destination Clock Delay (DCD):    2.079ns
    Source Clock Delay      (SCD):    0.000ns
    Clock Pessimism Removal (CPR):    -0.000ns
  Clock Uncertainty:      0.035ns  ((TSJ^2 + TIJ^2)^1/2 + DJ) / 2 + PE
    Total System Jitter     (TSJ):    0.071ns
    Total Input Jitter      (TIJ):    0.000ns
    Discrete Jitter          (DJ):    0.000ns
    Phase Error              (PE):    0.000ns

    Location             Delay type                Incr(ns)  Path(ns)    Netlist Resource(s)
  -------------------------------------------------------------------    -------------------
                         (clock clk rise edge)        0.000     0.000 r  
                         input delay                  0.000     0.000    
    K3                                                0.000     0.000 r  rst_n (IN)
                         net (fo=0)                   0.000     0.000    rst_n
    K3                   IBUF (Prop_ibuf_I_O)         0.200     0.200 r  rst_n_IBUF_inst/O
                         net (fo=1, routed)           1.099     1.299    u_booth_simd_pipe_dsp/rst_n_IBUF
    SLICE_X163Y148       LUT1 (Prop_lut1_I0_O)        0.045     1.344 f  u_booth_simd_pipe_dsp/vld_pipe[1]_i_1/O
                         net (fo=287, routed)         1.425     2.769    u_booth_simd_pipe_dsp/vld_pipe[1]_i_1_n_0
    SLICE_X163Y155       FDCE                                         f  u_booth_simd_pipe_dsp/out_flat_u8x4_reg[30]/CLR
  -------------------------------------------------------------------    -------------------

                         (clock clk rise edge)        0.000     0.000 r  
    M2                                                0.000     0.000 r  clk (IN)
                         net (fo=0)                   0.000     0.000    clk
    M2                   IBUF (Prop_ibuf_I_O)         0.398     0.398 r  clk_IBUF_inst/O
                         net (fo=1, routed)           0.734     1.132    clk_IBUF
    BUFGCTRL_X0Y0        BUFG (Prop_bufg_I_O)         0.029     1.161 r  clk_IBUF_BUFG_inst/O
                         net (fo=287, routed)         0.918     2.079    u_booth_simd_pipe_dsp/clk_IBUF_BUFG
    SLICE_X163Y155       FDCE                                         r  u_booth_simd_pipe_dsp/out_flat_u8x4_reg[30]/C
                         clock pessimism              0.000     2.079    
                         clock uncertainty            0.035     2.114    
    SLICE_X163Y155       FDCE (Remov_fdce_C_CLR)     -0.092     2.022    u_booth_simd_pipe_dsp/out_flat_u8x4_reg[30]
  -------------------------------------------------------------------
                         required time                         -2.022    
                         arrival time                           2.769    
  -------------------------------------------------------------------
                         slack                                  0.747    

Slack (MET) :             0.811ns  (arrival time - required time)
  Source:                 rst_n
                            (input port clocked by clk  {rise@0.000ns fall@2.500ns period=5.000ns})
  Destination:            u_booth_simd_pipe_dsp/out_flat_u8x4_reg[31]/CLR
                            (removal check against rising-edge clock clk  {rise@0.000ns fall@2.500ns period=5.000ns})
  Path Group:             **async_default**
  Path Type:              Removal (Min at Fast Process Corner)
  Requirement:            0.000ns  (clk rise@0.000ns - clk rise@0.000ns)
  Data Path Delay:        2.833ns  (logic 0.245ns (8.635%)  route 2.588ns (91.365%))
  Logic Levels:           2  (IBUF=1 LUT1=1)
  Input Delay:            0.000ns
  Clock Path Skew:        2.079ns (DCD - SCD - CPR)
    Destination Clock Delay (DCD):    2.079ns
    Source Clock Delay      (SCD):    0.000ns
    Clock Pessimism Removal (CPR):    -0.000ns
  Clock Uncertainty:      0.035ns  ((TSJ^2 + TIJ^2)^1/2 + DJ) / 2 + PE
    Total System Jitter     (TSJ):    0.071ns
    Total Input Jitter      (TIJ):    0.000ns
    Discrete Jitter          (DJ):    0.000ns
    Phase Error              (PE):    0.000ns

    Location             Delay type                Incr(ns)  Path(ns)    Netlist Resource(s)
  -------------------------------------------------------------------    -------------------
                         (clock clk rise edge)        0.000     0.000 r  
                         input delay                  0.000     0.000    
    K3                                                0.000     0.000 r  rst_n (IN)
                         net (fo=0)                   0.000     0.000    rst_n
    K3                   IBUF (Prop_ibuf_I_O)         0.200     0.200 r  rst_n_IBUF_inst/O
                         net (fo=1, routed)           1.099     1.299    u_booth_simd_pipe_dsp/rst_n_IBUF
    SLICE_X163Y148       LUT1 (Prop_lut1_I0_O)        0.045     1.344 f  u_booth_simd_pipe_dsp/vld_pipe[1]_i_1/O
                         net (fo=287, routed)         1.489     2.833    u_booth_simd_pipe_dsp/vld_pipe[1]_i_1_n_0
    SLICE_X163Y156       FDCE                                         f  u_booth_simd_pipe_dsp/out_flat_u8x4_reg[31]/CLR
  -------------------------------------------------------------------    -------------------

                         (clock clk rise edge)        0.000     0.000 r  
    M2                                                0.000     0.000 r  clk (IN)
                         net (fo=0)                   0.000     0.000    clk
    M2                   IBUF (Prop_ibuf_I_O)         0.398     0.398 r  clk_IBUF_inst/O
                         net (fo=1, routed)           0.734     1.132    clk_IBUF
    BUFGCTRL_X0Y0        BUFG (Prop_bufg_I_O)         0.029     1.161 r  clk_IBUF_BUFG_inst/O
                         net (fo=287, routed)         0.918     2.079    u_booth_simd_pipe_dsp/clk_IBUF_BUFG
    SLICE_X163Y156       FDCE                                         r  u_booth_simd_pipe_dsp/out_flat_u8x4_reg[31]/C
                         clock pessimism              0.000     2.079    
                         clock uncertainty            0.035     2.114    
    SLICE_X163Y156       FDCE (Remov_fdce_C_CLR)     -0.092     2.022    u_booth_simd_pipe_dsp/out_flat_u8x4_reg[31]
  -------------------------------------------------------------------
                         required time                         -2.022    
                         arrival time                           2.833    
  -------------------------------------------------------------------
                         slack                                  0.811    

Slack (MET) :             0.866ns  (arrival time - required time)
  Source:                 rst_n
                            (input port clocked by clk  {rise@0.000ns fall@2.500ns period=5.000ns})
  Destination:            u_booth_simd_pipe_dsp/done_reg/CLR
                            (removal check against rising-edge clock clk  {rise@0.000ns fall@2.500ns period=5.000ns})
  Path Group:             **async_default**
  Path Type:              Removal (Min at Fast Process Corner)
  Requirement:            0.000ns  (clk rise@0.000ns - clk rise@0.000ns)
  Data Path Delay:        2.888ns  (logic 0.245ns (8.471%)  route 2.643ns (91.529%))
  Logic Levels:           2  (IBUF=1 LUT1=1)
  Input Delay:            0.000ns
  Clock Path Skew:        2.078ns (DCD - SCD - CPR)
    Destination Clock Delay (DCD):    2.078ns
    Source Clock Delay      (SCD):    0.000ns
    Clock Pessimism Removal (CPR):    -0.000ns
  Clock Uncertainty:      0.035ns  ((TSJ^2 + TIJ^2)^1/2 + DJ) / 2 + PE
    Total System Jitter     (TSJ):    0.071ns
    Total Input Jitter      (TIJ):    0.000ns
    Discrete Jitter          (DJ):    0.000ns
    Phase Error              (PE):    0.000ns

    Location             Delay type                Incr(ns)  Path(ns)    Netlist Resource(s)
  -------------------------------------------------------------------    -------------------
                         (clock clk rise edge)        0.000     0.000 r  
                         input delay                  0.000     0.000    
    K3                                                0.000     0.000 r  rst_n (IN)
                         net (fo=0)                   0.000     0.000    rst_n
    K3                   IBUF (Prop_ibuf_I_O)         0.200     0.200 r  rst_n_IBUF_inst/O
                         net (fo=1, routed)           1.099     1.299    u_booth_simd_pipe_dsp/rst_n_IBUF
    SLICE_X163Y148       LUT1 (Prop_lut1_I0_O)        0.045     1.344 f  u_booth_simd_pipe_dsp/vld_pipe[1]_i_1/O
                         net (fo=287, routed)         1.544     2.888    u_booth_simd_pipe_dsp/vld_pipe[1]_i_1_n_0
    SLICE_X163Y157       FDCE                                         f  u_booth_simd_pipe_dsp/done_reg/CLR
  -------------------------------------------------------------------    -------------------

                         (clock clk rise edge)        0.000     0.000 r  
    M2                                                0.000     0.000 r  clk (IN)
                         net (fo=0)                   0.000     0.000    clk
    M2                   IBUF (Prop_ibuf_I_O)         0.398     0.398 r  clk_IBUF_inst/O
                         net (fo=1, routed)           0.734     1.132    clk_IBUF
    BUFGCTRL_X0Y0        BUFG (Prop_bufg_I_O)         0.029     1.161 r  clk_IBUF_BUFG_inst/O
                         net (fo=287, routed)         0.917     2.078    u_booth_simd_pipe_dsp/clk_IBUF_BUFG
    SLICE_X163Y157       FDCE                                         r  u_booth_simd_pipe_dsp/done_reg/C
                         clock pessimism              0.000     2.078    
                         clock uncertainty            0.035     2.113    
    SLICE_X163Y157       FDCE (Remov_fdce_C_CLR)     -0.092     2.021    u_booth_simd_pipe_dsp/done_reg
  -------------------------------------------------------------------
                         required time                         -2.021    
                         arrival time                           2.888    
  -------------------------------------------------------------------
                         slack                                  0.866    

Slack (MET) :             0.918ns  (arrival time - required time)
  Source:                 rst_n
                            (input port clocked by clk  {rise@0.000ns fall@2.500ns period=5.000ns})
  Destination:            u_booth_simd_pipe_dsp/out_flat_u8x4_reg[24]/CLR
                            (removal check against rising-edge clock clk  {rise@0.000ns fall@2.500ns period=5.000ns})
  Path Group:             **async_default**
  Path Type:              Removal (Min at Fast Process Corner)
  Requirement:            0.000ns  (clk rise@0.000ns - clk rise@0.000ns)
  Data Path Delay:        2.951ns  (logic 0.245ns (8.289%)  route 2.707ns (91.711%))
  Logic Levels:           2  (IBUF=1 LUT1=1)
  Input Delay:            0.000ns
  Clock Path Skew:        2.065ns (DCD - SCD - CPR)
    Destination Clock Delay (DCD):    2.065ns
    Source Clock Delay      (SCD):    0.000ns
    Clock Pessimism Removal (CPR):    -0.000ns
  Clock Uncertainty:      0.035ns  ((TSJ^2 + TIJ^2)^1/2 + DJ) / 2 + PE
    Total System Jitter     (TSJ):    0.071ns
    Total Input Jitter      (TIJ):    0.000ns
    Discrete Jitter          (DJ):    0.000ns
    Phase Error              (PE):    0.000ns

    Location             Delay type                Incr(ns)  Path(ns)    Netlist Resource(s)
  -------------------------------------------------------------------    -------------------
                         (clock clk rise edge)        0.000     0.000 r  
                         input delay                  0.000     0.000    
    K3                                                0.000     0.000 r  rst_n (IN)
                         net (fo=0)                   0.000     0.000    rst_n
    K3                   IBUF (Prop_ibuf_I_O)         0.200     0.200 r  rst_n_IBUF_inst/O
                         net (fo=1, routed)           1.099     1.299    u_booth_simd_pipe_dsp/rst_n_IBUF
    SLICE_X163Y148       LUT1 (Prop_lut1_I0_O)        0.045     1.344 f  u_booth_simd_pipe_dsp/vld_pipe[1]_i_1/O
                         net (fo=287, routed)         1.607     2.951    u_booth_simd_pipe_dsp/vld_pipe[1]_i_1_n_0
    SLICE_X162Y124       FDCE                                         f  u_booth_simd_pipe_dsp/out_flat_u8x4_reg[24]/CLR
  -------------------------------------------------------------------    -------------------

                         (clock clk rise edge)        0.000     0.000 r  
    M2                                                0.000     0.000 r  clk (IN)
                         net (fo=0)                   0.000     0.000    clk
    M2                   IBUF (Prop_ibuf_I_O)         0.398     0.398 r  clk_IBUF_inst/O
                         net (fo=1, routed)           0.734     1.132    clk_IBUF
    BUFGCTRL_X0Y0        BUFG (Prop_bufg_I_O)         0.029     1.161 r  clk_IBUF_BUFG_inst/O
                         net (fo=287, routed)         0.905     2.065    u_booth_simd_pipe_dsp/clk_IBUF_BUFG
    SLICE_X162Y124       FDCE                                         r  u_booth_simd_pipe_dsp/out_flat_u8x4_reg[24]/C
                         clock pessimism              0.000     2.065    
                         clock uncertainty            0.035     2.101    
    SLICE_X162Y124       FDCE (Remov_fdce_C_CLR)     -0.067     2.034    u_booth_simd_pipe_dsp/out_flat_u8x4_reg[24]
  -------------------------------------------------------------------
                         required time                         -2.034    
                         arrival time                           2.951    
  -------------------------------------------------------------------
                         slack                                  0.918    

Slack (MET) :             0.974ns  (arrival time - required time)
  Source:                 rst_n
                            (input port clocked by clk  {rise@0.000ns fall@2.500ns period=5.000ns})
  Destination:            u_booth_simd_pipe_dsp/relu_blk0_reg_reg[16]/CLR
                            (removal check against rising-edge clock clk  {rise@0.000ns fall@2.500ns period=5.000ns})
  Path Group:             **async_default**
  Path Type:              Removal (Min at Fast Process Corner)
  Requirement:            0.000ns  (clk rise@0.000ns - clk rise@0.000ns)
  Data Path Delay:        2.942ns  (logic 0.245ns (8.316%)  route 2.697ns (91.684%))
  Logic Levels:           2  (IBUF=1 LUT1=1)
  Input Delay:            0.000ns
  Clock Path Skew:        1.999ns (DCD - SCD - CPR)
    Destination Clock Delay (DCD):    1.999ns
    Source Clock Delay      (SCD):    0.000ns
    Clock Pessimism Removal (CPR):    -0.000ns
  Clock Uncertainty:      0.035ns  ((TSJ^2 + TIJ^2)^1/2 + DJ) / 2 + PE
    Total System Jitter     (TSJ):    0.071ns
    Total Input Jitter      (TIJ):    0.000ns
    Discrete Jitter          (DJ):    0.000ns
    Phase Error              (PE):    0.000ns

    Location             Delay type                Incr(ns)  Path(ns)    Netlist Resource(s)
  -------------------------------------------------------------------    -------------------
                         (clock clk rise edge)        0.000     0.000 r  
                         input delay                  0.000     0.000    
    K3                                                0.000     0.000 r  rst_n (IN)
                         net (fo=0)                   0.000     0.000    rst_n
    K3                   IBUF (Prop_ibuf_I_O)         0.200     0.200 r  rst_n_IBUF_inst/O
                         net (fo=1, routed)           1.099     1.299    u_booth_simd_pipe_dsp/rst_n_IBUF
    SLICE_X163Y148       LUT1 (Prop_lut1_I0_O)        0.045     1.344 f  u_booth_simd_pipe_dsp/vld_pipe[1]_i_1/O
                         net (fo=287, routed)         1.598     2.942    u_booth_simd_pipe_dsp/vld_pipe[1]_i_1_n_0
    SLICE_X76Y113        FDCE                                         f  u_booth_simd_pipe_dsp/relu_blk0_reg_reg[16]/CLR
  -------------------------------------------------------------------    -------------------

                         (clock clk rise edge)        0.000     0.000 r  
    M2                                                0.000     0.000 r  clk (IN)
                         net (fo=0)                   0.000     0.000    clk
    M2                   IBUF (Prop_ibuf_I_O)         0.398     0.398 r  clk_IBUF_inst/O
                         net (fo=1, routed)           0.734     1.132    clk_IBUF
    BUFGCTRL_X0Y0        BUFG (Prop_bufg_I_O)         0.029     1.161 r  clk_IBUF_BUFG_inst/O
                         net (fo=287, routed)         0.839     1.999    u_booth_simd_pipe_dsp/clk_IBUF_BUFG
    SLICE_X76Y113        FDCE                                         r  u_booth_simd_pipe_dsp/relu_blk0_reg_reg[16]/C
                         clock pessimism              0.000     1.999    
                         clock uncertainty            0.035     2.035    
    SLICE_X76Y113        FDCE (Remov_fdce_C_CLR)     -0.067     1.968    u_booth_simd_pipe_dsp/relu_blk0_reg_reg[16]
  -------------------------------------------------------------------
                         required time                         -1.968    
                         arrival time                           2.942    
  -------------------------------------------------------------------
                         slack                                  0.974    





