Copyright 1986-2022 Xilinx, Inc. All Rights Reserved. Copyright 2022-2025 Advanced Micro Devices, Inc. All Rights Reserved.
----------------------------------------------------------------------------------------------------------------------------------------------------------
| Tool Version              : Vivado v.2025.1 (win64) Build 6140274 Thu May 22 00:12:29 MDT 2025
| Date                      : Sun Apr 26 21:24:59 2026
| Host                      : DESKTOP-JH0OJSQ running 64-bit major release  (build 9200)
| Command                   : report_io -file cnn_compare_booth_simd_pipe_dsp_top_io_placed.rpt
| Design                    : cnn_compare_booth_simd_pipe_dsp_top
| Device                    : xc7a200t
| Speed File                : -2
| Package                   : fbg676
| Package Version           : FINAL 2012-06-20
| Package Pin Delay Version : FINAL VERS. 2.0 2012-06-20
----------------------------------------------------------------------------------------------------------------------------------------------------------

IO Information

Table of Contents
-----------------
1. Summary
2. IO Assignments by Package Pin

1. Summary
----------

+---------------+
| Total User IO |
+---------------+
|           308 |
+---------------+


2. IO Assignments by Package Pin
--------------------------------

+------------+---------------------+------------+------------------------------+---------------+-------------+---------+------------+------+---------------------+----------------------+---------+------------+-----------+----------+------+------------------+--------------+-------------------+--------------+
| Pin Number | Signal Name         | Bank Type  | Pin Name                     | Use           | IO Standard | IO Bank | Drive (mA) | Slew | On-Chip Termination | Off-Chip Termination | Voltage | Constraint | Pull Type | DQS Bias | Vref | Signal Integrity | Pre Emphasis | Lvds Pre Emphasis | Equalization |
+------------+---------------------+------------+------------------------------+---------------+-------------+---------+------------+------+---------------------+----------------------+---------+------------+-----------+----------+------+------------------+--------------+-------------------+--------------+
| A1         |                     | High Range | VCCO_35                      | VCCO          |             |      35 |            |      |                     |                      |    1.80 |            |           |          |      |                  |              |                   |              |
| A2         | img_flat_u8x25[151] | High Range | IO_L20N_T3_35                | INPUT         | LVCMOS18*   |      35 |            |      |                     |                 NONE |         | UNFIXED    |           |          |      | NONE             |              |                   |              |
| A3         | img_flat_u8x25[152] | High Range | IO_L20P_T3_35                | INPUT         | LVCMOS18*   |      35 |            |      |                     |                 NONE |         | UNFIXED    |           |          |      | NONE             |              |                   |              |
| A4         | img_flat_u8x25[159] | High Range | IO_L16N_T2_35                | INPUT         | LVCMOS18*   |      35 |            |      |                     |                 NONE |         | UNFIXED    |           |          |      | NONE             |              |                   |              |
| A5         | img_flat_u8x25[161] | High Range | IO_L15N_T2_DQS_35            | INPUT         | LVCMOS18*   |      35 |            |      |                     |                 NONE |         | UNFIXED    |           |          |      | NONE             |              |                   |              |
| A6         |                     |            | GND                          | GND           |             |         |            |      |                     |                      |     0.0 |            |           |          |      |                  |              |                   |              |
| A7         |                     |            | MGTPTXN0_216                 | Gigabit       |             |         |            |      |                     |                      |         |            |           |          |      |                  |              |                   |              |
| A8         |                     |            | GND                          | GND           |             |         |            |      |                     |                      |     0.0 |            |           |          |      |                  |              |                   |              |
| A9         |                     |            | MGTPTXN2_216                 | Gigabit       |             |         |            |      |                     |                      |         |            |           |          |      |                  |              |                   |              |
| A10        |                     |            | GND                          | GND           |             |         |            |      |                     |                      |     0.0 |            |           |          |      |                  |              |                   |              |
| A11        |                     |            | MGTPRXN0_216                 | Gigabit       |             |         |            |      |                     |                      |         |            |           |          |      |                  |              |                   |              |
| A12        |                     |            | GND                          | GND           |             |         |            |      |                     |                      |     0.0 |            |           |          |      |                  |              |                   |              |
| A13        |                     |            | MGTPRXN2_216                 | Gigabit       |             |         |            |      |                     |                      |         |            |           |          |      |                  |              |                   |              |
| A14        |                     |            | GND                          | GND           |             |         |            |      |                     |                      |     0.0 |            |           |          |      |                  |              |                   |              |
| A15        |                     |            | MGTRREF_216                  | Gigabit       |             |         |            |      |                     |                      |         |            |           |          |      |                  |              |                   |              |
| A16        |                     |            | GND                          | GND           |             |         |            |      |                     |                      |     0.0 |            |           |          |      |                  |              |                   |              |
| A17        |                     | High Range | IO_L9P_T1_DQS_16             | User IO       |             |      16 |            |      |                     |                      |         |            |           |          |      |                  |              |                   |              |
| A18        |                     | High Range | IO_L9N_T1_DQS_16             | User IO       |             |      16 |            |      |                     |                      |         |            |           |          |      |                  |              |                   |              |
| A19        |                     | High Range | IO_L10N_T1_16                | User IO       |             |      16 |            |      |                     |                      |         |            |           |          |      |                  |              |                   |              |
| A20        |                     | High Range | IO_L15N_T2_DQS_16            | User IO       |             |      16 |            |      |                     |                      |         |            |           |          |      |                  |              |                   |              |
| A21        |                     | High Range | VCCO_16                      | VCCO          |             |      16 |            |      |                     |                      |    1.80 |            |           |          |      |                  |              |                   |              |
| A22        |                     | High Range | IO_L17N_T2_16                | User IO       |             |      16 |            |      |                     |                      |         |            |           |          |      |                  |              |                   |              |
| A23        |                     | High Range | IO_L21P_T3_DQS_16            | User IO       |             |      16 |            |      |                     |                      |         |            |           |          |      |                  |              |                   |              |
| A24        | img_flat_u8x25[199] | High Range | IO_L21N_T3_DQS_16            | INPUT         | LVCMOS18*   |      16 |            |      |                     |                 NONE |         | UNFIXED    |           |          |      | NONE             |              |                   |              |
| A25        |                     | High Range | IO_L20N_T3_16                | User IO       |             |      16 |            |      |                     |                      |         |            |           |          |      |                  |              |                   |              |
| A26        |                     |            | GND                          | GND           |             |         |            |      |                     |                      |     0.0 |            |           |          |      |                  |              |                   |              |
| AA1        |                     | High Range | VCCO_33                      | VCCO          |             |      33 |            |      |                     |                      |    1.80 |            |           |          |      |                  |              |                   |              |
| AA2        | ker_flat_s8x9[25]   | High Range | IO_L12N_T1_MRCC_33           | INPUT         | LVCMOS18*   |      33 |            |      |                     |                 NONE |         | UNFIXED    |           |          |      | NONE             |              |                   |              |
| AA3        | ker_flat_s8x9[26]   | High Range | IO_L12P_T1_MRCC_33           | INPUT         | LVCMOS18*   |      33 |            |      |                     |                 NONE |         | UNFIXED    |           |          |      | NONE             |              |                   |              |
| AA4        | ker_flat_s8x9[24]   | High Range | IO_L13P_T2_MRCC_33           | INPUT         | LVCMOS18*   |      33 |            |      |                     |                 NONE |         | UNFIXED    |           |          |      | NONE             |              |                   |              |
| AA5        | ker_flat_s8x9[6]    | High Range | IO_L22P_T3_33                | INPUT         | LVCMOS18*   |      33 |            |      |                     |                 NONE |         | UNFIXED    |           |          |      | NONE             |              |                   |              |
| AA6        |                     |            | GND                          | GND           |             |         |            |      |                     |                      |     0.0 |            |           |          |      |                  |              |                   |              |
| AA7        | ker_flat_s8x9[11]   | High Range | IO_L19N_T3_VREF_33           | INPUT         | LVCMOS18*   |      33 |            |      |                     |                 NONE |         | UNFIXED    |           |          |      | NONE             |              |                   |              |
| AA8        | ker_flat_s8x9[3]    | High Range | IO_L23N_T3_33                | INPUT         | LVCMOS18*   |      33 |            |      |                     |                 NONE |         | UNFIXED    |           |          |      | NONE             |              |                   |              |
| AA9        |                     |            | GND                          | GND           |             |         |            |      |                     |                      |     0.0 |            |           |          |      |                  |              |                   |              |
| AA10       |                     |            | MGTAVCC_G10                  | Gigabit Power |             |         |            |      |                     |                      |         |            |           |          |      |                  |              |                   |              |
| AA11       |                     |            | MGTREFCLK1P_213              | Gigabit       |             |         |            |      |                     |                      |         |            |           |          |      |                  |              |                   |              |
| AA12       |                     |            | MGTAVCC_G10                  | Gigabit Power |             |         |            |      |                     |                      |         |            |           |          |      |                  |              |                   |              |
| AA13       |                     |            | MGTREFCLK0P_213              | Gigabit       |             |         |            |      |                     |                      |         |            |           |          |      |                  |              |                   |              |
| AA14       |                     |            | GND                          | GND           |             |         |            |      |                     |                      |     0.0 |            |           |          |      |                  |              |                   |              |
| AA15       |                     | High Range | IO_L23N_T3_12                | User IO       |             |      12 |            |      |                     |                      |         |            |           |          |      |                  |              |                   |              |
| AA16       |                     |            | GND                          | GND           |             |         |            |      |                     |                      |     0.0 |            |           |          |      |                  |              |                   |              |
| AA17       |                     | High Range | IO_L19P_T3_12                | User IO       |             |      12 |            |      |                     |                      |         |            |           |          |      |                  |              |                   |              |
| AA18       |                     | High Range | IO_L17N_T2_12                | User IO       |             |      12 |            |      |                     |                      |         |            |           |          |      |                  |              |                   |              |
| AA19       |                     | High Range | IO_L13P_T2_MRCC_12           | User IO       |             |      12 |            |      |                     |                      |         |            |           |          |      |                  |              |                   |              |
| AA20       |                     | High Range | IO_L12P_T1_MRCC_12           | User IO       |             |      12 |            |      |                     |                      |         |            |           |          |      |                  |              |                   |              |
| AA21       |                     | High Range | VCCO_12                      | VCCO          |             |      12 |            |      |                     |                      |   any** |            |           |          |      |                  |              |                   |              |
| AA22       | img_flat_u8x25[34]  | High Range | IO_L8P_T1_13                 | INPUT         | LVCMOS18*   |      13 |            |      |                     |                 NONE |         | UNFIXED    |           |          |      | NONE             |              |                   |              |
| AA23       | img_flat_u8x25[33]  | High Range | IO_L8N_T1_13                 | INPUT         | LVCMOS18*   |      13 |            |      |                     |                 NONE |         | UNFIXED    |           |          |      | NONE             |              |                   |              |
| AA24       | img_flat_u8x25[36]  | High Range | IO_L7P_T1_13                 | INPUT         | LVCMOS18*   |      13 |            |      |                     |                 NONE |         | UNFIXED    |           |          |      | NONE             |              |                   |              |
| AA25       | img_flat_u8x25[39]  | High Range | IO_L5N_T0_13                 | INPUT         | LVCMOS18*   |      13 |            |      |                     |                 NONE |         | UNFIXED    |           |          |      | NONE             |              |                   |              |
| AA26       |                     |            | GND                          | GND           |             |         |            |      |                     |                      |     0.0 |            |           |          |      |                  |              |                   |              |
| AB1        | ker_flat_s8x9[36]   | High Range | IO_L7P_T1_33                 | INPUT         | LVCMOS18*   |      33 |            |      |                     |                 NONE |         | UNFIXED    |           |          |      | NONE             |              |                   |              |
| AB2        | ker_flat_s8x9[28]   | High Range | IO_L11P_T1_SRCC_33           | INPUT         | LVCMOS18*   |      33 |            |      |                     |                 NONE |         | UNFIXED    |           |          |      | NONE             |              |                   |              |
| AB3        |                     |            | GND                          | GND           |             |         |            |      |                     |                      |     0.0 |            |           |          |      |                  |              |                   |              |
| AB4        | ker_flat_s8x9[23]   | High Range | IO_L13N_T2_MRCC_33           | INPUT         | LVCMOS18*   |      33 |            |      |                     |                 NONE |         | UNFIXED    |           |          |      | NONE             |              |                   |              |
| AB5        | ker_flat_s8x9[5]    | High Range | IO_L22N_T3_33                | INPUT         | LVCMOS18*   |      33 |            |      |                     |                 NONE |         | UNFIXED    |           |          |      | NONE             |              |                   |              |
| AB6        | ker_flat_s8x9[2]    | High Range | IO_L24P_T3_33                | INPUT         | LVCMOS18*   |      33 |            |      |                     |                 NONE |         | UNFIXED    |           |          |      | NONE             |              |                   |              |
| AB7        |                     | Dedicated  | M0_0                         | Config        |             |       0 |            |      |                     |                      |         |            |           |          |      |                  |              |                   |              |
| AB8        |                     |            | GND                          | GND           |             |         |            |      |                     |                      |     0.0 |            |           |          |      |                  |              |                   |              |
| AB9        |                     |            | GND                          | GND           |             |         |            |      |                     |                      |     0.0 |            |           |          |      |                  |              |                   |              |
| AB10       |                     |            | GND                          | GND           |             |         |            |      |                     |                      |     0.0 |            |           |          |      |                  |              |                   |              |
| AB11       |                     |            | MGTREFCLK1N_213              | Gigabit       |             |         |            |      |                     |                      |         |            |           |          |      |                  |              |                   |              |
| AB12       |                     |            | GND                          | GND           |             |         |            |      |                     |                      |     0.0 |            |           |          |      |                  |              |                   |              |
| AB13       |                     |            | MGTREFCLK0N_213              | Gigabit       |             |         |            |      |                     |                      |         |            |           |          |      |                  |              |                   |              |
| AB14       |                     |            | GND                          | GND           |             |         |            |      |                     |                      |     0.0 |            |           |          |      |                  |              |                   |              |
| AB15       |                     | Dedicated  | CFGBVS_0                     | Config        |             |       0 |            |      |                     |                      |         |            |           |          |      |                  |              |                   |              |
| AB16       |                     | High Range | IO_L22P_T3_12                | User IO       |             |      12 |            |      |                     |                      |         |            |           |          |      |                  |              |                   |              |
| AB17       |                     | High Range | IO_L19N_T3_VREF_12           | User IO       |             |      12 |            |      |                     |                      |         |            |           |          |      |                  |              |                   |              |
| AB18       |                     | High Range | VCCO_12                      | VCCO          |             |      12 |            |      |                     |                      |   any** |            |           |          |      |                  |              |                   |              |
| AB19       |                     | High Range | IO_L13N_T2_MRCC_12           | User IO       |             |      12 |            |      |                     |                      |         |            |           |          |      |                  |              |                   |              |
| AB20       |                     | High Range | IO_L12N_T1_MRCC_12           | User IO       |             |      12 |            |      |                     |                      |         |            |           |          |      |                  |              |                   |              |
| AB21       |                     | High Range | IO_L11P_T1_SRCC_12           | User IO       |             |      12 |            |      |                     |                      |         |            |           |          |      |                  |              |                   |              |
| AB22       |                     | High Range | IO_0_12                      | User IO       |             |      12 |            |      |                     |                      |         |            |           |          |      |                  |              |                   |              |
| AB23       |                     |            | GND                          | GND           |             |         |            |      |                     |                      |     0.0 |            |           |          |      |                  |              |                   |              |
| AB24       | img_flat_u8x25[32]  | High Range | IO_L9P_T1_DQS_13             | INPUT         | LVCMOS18*   |      13 |            |      |                     |                 NONE |         | UNFIXED    |           |          |      | NONE             |              |                   |              |
| AB25       | img_flat_u8x25[35]  | High Range | IO_L7N_T1_13                 | INPUT         | LVCMOS18*   |      13 |            |      |                     |                 NONE |         | UNFIXED    |           |          |      | NONE             |              |                   |              |
| AB26       | img_flat_u8x25[44]  | High Range | IO_L3P_T0_DQS_13             | INPUT         | LVCMOS18*   |      13 |            |      |                     |                 NONE |         | UNFIXED    |           |          |      | NONE             |              |                   |              |
| AC1        | ker_flat_s8x9[35]   | High Range | IO_L7N_T1_33                 | INPUT         | LVCMOS18*   |      33 |            |      |                     |                 NONE |         | UNFIXED    |           |          |      | NONE             |              |                   |              |
| AC2        | ker_flat_s8x9[27]   | High Range | IO_L11N_T1_SRCC_33           | INPUT         | LVCMOS18*   |      33 |            |      |                     |                 NONE |         | UNFIXED    |           |          |      | NONE             |              |                   |              |
| AC3        | ker_flat_s8x9[22]   | High Range | IO_L14P_T2_SRCC_33           | INPUT         | LVCMOS18*   |      33 |            |      |                     |                 NONE |         | UNFIXED    |           |          |      | NONE             |              |                   |              |
| AC4        | ker_flat_s8x9[14]   | High Range | IO_L18P_T2_33                | INPUT         | LVCMOS18*   |      33 |            |      |                     |                 NONE |         | UNFIXED    |           |          |      | NONE             |              |                   |              |
| AC5        |                     | High Range | VCCO_33                      | VCCO          |             |      33 |            |      |                     |                      |    1.80 |            |           |          |      |                  |              |                   |              |
| AC6        | ker_flat_s8x9[1]    | High Range | IO_L24N_T3_33                | INPUT         | LVCMOS18*   |      33 |            |      |                     |                 NONE |         | UNFIXED    |           |          |      | NONE             |              |                   |              |
| AC7        |                     |            | GND                          | GND           |             |         |            |      |                     |                      |     0.0 |            |           |          |      |                  |              |                   |              |
| AC8        |                     |            | MGTPTXP2_213                 | Gigabit       |             |         |            |      |                     |                      |         |            |           |          |      |                  |              |                   |              |
| AC9        |                     |            | MGTAVCC_G10                  | Gigabit Power |             |         |            |      |                     |                      |         |            |           |          |      |                  |              |                   |              |
| AC10       |                     |            | MGTPTXP0_213                 | Gigabit       |             |         |            |      |                     |                      |         |            |           |          |      |                  |              |                   |              |
| AC11       |                     |            | MGTAVCC_G10                  | Gigabit Power |             |         |            |      |                     |                      |         |            |           |          |      |                  |              |                   |              |
| AC12       |                     |            | MGTPRXP0_213                 | Gigabit       |             |         |            |      |                     |                      |         |            |           |          |      |                  |              |                   |              |
| AC13       |                     |            | MGTAVCC_G10                  | Gigabit Power |             |         |            |      |                     |                      |         |            |           |          |      |                  |              |                   |              |
| AC14       |                     |            | MGTPRXP2_213                 | Gigabit       |             |         |            |      |                     |                      |         |            |           |          |      |                  |              |                   |              |
| AC15       |                     |            | GND                          | GND           |             |         |            |      |                     |                      |     0.0 |            |           |          |      |                  |              |                   |              |
| AC16       |                     | High Range | IO_L22N_T3_12                | User IO       |             |      12 |            |      |                     |                      |         |            |           |          |      |                  |              |                   |              |
| AC17       |                     | High Range | IO_L20P_T3_12                | User IO       |             |      12 |            |      |                     |                      |         |            |           |          |      |                  |              |                   |              |
| AC18       |                     | High Range | IO_L15P_T2_DQS_12            | User IO       |             |      12 |            |      |                     |                      |         |            |           |          |      |                  |              |                   |              |
| AC19       |                     | High Range | IO_L14P_T2_SRCC_12           | User IO       |             |      12 |            |      |                     |                      |         |            |           |          |      |                  |              |                   |              |
| AC20       |                     |            | GND                          | GND           |             |         |            |      |                     |                      |     0.0 |            |           |          |      |                  |              |                   |              |
| AC21       |                     | High Range | IO_L11N_T1_SRCC_12           | User IO       |             |      12 |            |      |                     |                      |         |            |           |          |      |                  |              |                   |              |
| AC22       |                     | High Range | IO_L2P_T0_12                 | User IO       |             |      12 |            |      |                     |                      |         |            |           |          |      |                  |              |                   |              |
| AC23       |                     | High Range | IO_L2N_T0_12                 | User IO       |             |      12 |            |      |                     |                      |         |            |           |          |      |                  |              |                   |              |
| AC24       | img_flat_u8x25[31]  | High Range | IO_L9N_T1_DQS_13             | INPUT         | LVCMOS18*   |      13 |            |      |                     |                 NONE |         | UNFIXED    |           |          |      | NONE             |              |                   |              |
| AC25       |                     | High Range | VCCO_13                      | VCCO          |             |      13 |            |      |                     |                      |    1.80 |            |           |          |      |                  |              |                   |              |
| AC26       | img_flat_u8x25[43]  | High Range | IO_L3N_T0_DQS_13             | INPUT         | LVCMOS18*   |      13 |            |      |                     |                 NONE |         | UNFIXED    |           |          |      | NONE             |              |                   |              |
| AD1        | ker_flat_s8x9[32]   | High Range | IO_L9P_T1_DQS_33             | INPUT         | LVCMOS18*   |      33 |            |      |                     |                 NONE |         | UNFIXED    |           |          |      | NONE             |              |                   |              |
| AD2        |                     | High Range | VCCO_33                      | VCCO          |             |      33 |            |      |                     |                      |    1.80 |            |           |          |      |                  |              |                   |              |
| AD3        | ker_flat_s8x9[21]   | High Range | IO_L14N_T2_SRCC_33           | INPUT         | LVCMOS18*   |      33 |            |      |                     |                 NONE |         | UNFIXED    |           |          |      | NONE             |              |                   |              |
| AD4        | ker_flat_s8x9[13]   | High Range | IO_L18N_T2_33                | INPUT         | LVCMOS18*   |      33 |            |      |                     |                 NONE |         | UNFIXED    |           |          |      | NONE             |              |                   |              |
| AD5        | ker_flat_s8x9[20]   | High Range | IO_L15P_T2_DQS_33            | INPUT         | LVCMOS18*   |      33 |            |      |                     |                 NONE |         | UNFIXED    |           |          |      | NONE             |              |                   |              |
| AD6        |                     |            | GND                          | GND           |             |         |            |      |                     |                      |     0.0 |            |           |          |      |                  |              |                   |              |
| AD7        |                     |            | MGTAVTT_G10                  | Gigabit Power |             |         |            |      |                     |                      |         |            |           |          |      |                  |              |                   |              |
| AD8        |                     |            | MGTPTXN2_213                 | Gigabit       |             |         |            |      |                     |                      |         |            |           |          |      |                  |              |                   |              |
| AD9        |                     |            | GND                          | GND           |             |         |            |      |                     |                      |     0.0 |            |           |          |      |                  |              |                   |              |
| AD10       |                     |            | MGTPTXN0_213                 | Gigabit       |             |         |            |      |                     |                      |         |            |           |          |      |                  |              |                   |              |
| AD11       |                     |            | GND                          | GND           |             |         |            |      |                     |                      |     0.0 |            |           |          |      |                  |              |                   |              |
| AD12       |                     |            | MGTPRXN0_213                 | Gigabit       |             |         |            |      |                     |                      |         |            |           |          |      |                  |              |                   |              |
| AD13       |                     |            | GND                          | GND           |             |         |            |      |                     |                      |     0.0 |            |           |          |      |                  |              |                   |              |
| AD14       |                     |            | MGTPRXN2_213                 | Gigabit       |             |         |            |      |                     |                      |         |            |           |          |      |                  |              |                   |              |
| AD15       |                     |            | MGTAVTT_G10                  | Gigabit Power |             |         |            |      |                     |                      |         |            |           |          |      |                  |              |                   |              |
| AD16       |                     |            | GND                          | GND           |             |         |            |      |                     |                      |     0.0 |            |           |          |      |                  |              |                   |              |
| AD17       |                     | High Range | IO_L20N_T3_12                | User IO       |             |      12 |            |      |                     |                      |         |            |           |          |      |                  |              |                   |              |
| AD18       |                     | High Range | IO_L15N_T2_DQS_12            | User IO       |             |      12 |            |      |                     |                      |         |            |           |          |      |                  |              |                   |              |
| AD19       |                     | High Range | IO_L14N_T2_SRCC_12           | User IO       |             |      12 |            |      |                     |                      |         |            |           |          |      |                  |              |                   |              |
| AD20       |                     | High Range | IO_L10P_T1_12                | User IO       |             |      12 |            |      |                     |                      |         |            |           |          |      |                  |              |                   |              |
| AD21       |                     | High Range | IO_L7P_T1_12                 | User IO       |             |      12 |            |      |                     |                      |         |            |           |          |      |                  |              |                   |              |
| AD22       |                     | High Range | VCCO_12                      | VCCO          |             |      12 |            |      |                     |                      |   any** |            |           |          |      |                  |              |                   |              |
| AD23       |                     | High Range | IO_L6P_T0_12                 | User IO       |             |      12 |            |      |                     |                      |         |            |           |          |      |                  |              |                   |              |
| AD24       |                     | High Range | IO_L6N_T0_VREF_12            | User IO       |             |      12 |            |      |                     |                      |         |            |           |          |      |                  |              |                   |              |
| AD25       |                     | High Range | IO_L4P_T0_12                 | User IO       |             |      12 |            |      |                     |                      |         |            |           |          |      |                  |              |                   |              |
| AD26       |                     | High Range | IO_L4N_T0_12                 | User IO       |             |      12 |            |      |                     |                      |         |            |           |          |      |                  |              |                   |              |
| AE1        | ker_flat_s8x9[31]   | High Range | IO_L9N_T1_DQS_33             | INPUT         | LVCMOS18*   |      33 |            |      |                     |                 NONE |         | UNFIXED    |           |          |      | NONE             |              |                   |              |
| AE2        | ker_flat_s8x9[30]   | High Range | IO_L10P_T1_33                | INPUT         | LVCMOS18*   |      33 |            |      |                     |                 NONE |         | UNFIXED    |           |          |      | NONE             |              |                   |              |
| AE3        | ker_flat_s8x9[18]   | High Range | IO_L16P_T2_33                | INPUT         | LVCMOS18*   |      33 |            |      |                     |                 NONE |         | UNFIXED    |           |          |      | NONE             |              |                   |              |
| AE4        |                     |            | GND                          | GND           |             |         |            |      |                     |                      |     0.0 |            |           |          |      |                  |              |                   |              |
| AE5        | ker_flat_s8x9[19]   | High Range | IO_L15N_T2_DQS_33            | INPUT         | LVCMOS18*   |      33 |            |      |                     |                 NONE |         | UNFIXED    |           |          |      | NONE             |              |                   |              |
| AE6        |                     |            | GND                          | GND           |             |         |            |      |                     |                      |     0.0 |            |           |          |      |                  |              |                   |              |
| AE7        |                     |            | MGTPTXP3_213                 | Gigabit       |             |         |            |      |                     |                      |         |            |           |          |      |                  |              |                   |              |
| AE8        |                     |            | MGTAVTT_G10                  | Gigabit Power |             |         |            |      |                     |                      |         |            |           |          |      |                  |              |                   |              |
| AE9        |                     |            | MGTPTXP1_213                 | Gigabit       |             |         |            |      |                     |                      |         |            |           |          |      |                  |              |                   |              |
| AE10       |                     |            | MGTAVTT_G10                  | Gigabit Power |             |         |            |      |                     |                      |         |            |           |          |      |                  |              |                   |              |
| AE11       |                     |            | MGTPRXP3_213                 | Gigabit       |             |         |            |      |                     |                      |         |            |           |          |      |                  |              |                   |              |
| AE12       |                     |            | MGTAVTT_G10                  | Gigabit Power |             |         |            |      |                     |                      |         |            |           |          |      |                  |              |                   |              |
| AE13       |                     |            | MGTPRXP1_213                 | Gigabit       |             |         |            |      |                     |                      |         |            |           |          |      |                  |              |                   |              |
| AE14       |                     |            | MGTAVTT_G10                  | Gigabit Power |             |         |            |      |                     |                      |         |            |           |          |      |                  |              |                   |              |
| AE15       |                     |            | GND                          | GND           |             |         |            |      |                     |                      |     0.0 |            |           |          |      |                  |              |                   |              |
| AE16       |                     | Dedicated  | PROGRAM_B_0                  | Config        |             |       0 |            |      |                     |                      |         |            |           |          |      |                  |              |                   |              |
| AE17       |                     | High Range | IO_L18P_T2_12                | User IO       |             |      12 |            |      |                     |                      |         |            |           |          |      |                  |              |                   |              |
| AE18       |                     | High Range | IO_L16P_T2_12                | User IO       |             |      12 |            |      |                     |                      |         |            |           |          |      |                  |              |                   |              |
| AE19       |                     | High Range | VCCO_12                      | VCCO          |             |      12 |            |      |                     |                      |   any** |            |           |          |      |                  |              |                   |              |
| AE20       |                     | High Range | IO_L10N_T1_12                | User IO       |             |      12 |            |      |                     |                      |         |            |           |          |      |                  |              |                   |              |
| AE21       |                     | High Range | IO_L7N_T1_12                 | User IO       |             |      12 |            |      |                     |                      |         |            |           |          |      |                  |              |                   |              |
| AE22       |                     | High Range | IO_L9P_T1_DQS_12             | User IO       |             |      12 |            |      |                     |                      |         |            |           |          |      |                  |              |                   |              |
| AE23       |                     | High Range | IO_L5P_T0_12                 | User IO       |             |      12 |            |      |                     |                      |         |            |           |          |      |                  |              |                   |              |
| AE24       |                     |            | GND                          | GND           |             |         |            |      |                     |                      |     0.0 |            |           |          |      |                  |              |                   |              |
| AE25       |                     | High Range | IO_L1P_T0_12                 | User IO       |             |      12 |            |      |                     |                      |         |            |           |          |      |                  |              |                   |              |
| AE26       |                     | High Range | IO_L1N_T0_12                 | User IO       |             |      12 |            |      |                     |                      |         |            |           |          |      |                  |              |                   |              |
| AF1        |                     |            | GND                          | GND           |             |         |            |      |                     |                      |     0.0 |            |           |          |      |                  |              |                   |              |
| AF2        | ker_flat_s8x9[29]   | High Range | IO_L10N_T1_33                | INPUT         | LVCMOS18*   |      33 |            |      |                     |                 NONE |         | UNFIXED    |           |          |      | NONE             |              |                   |              |
| AF3        | ker_flat_s8x9[17]   | High Range | IO_L16N_T2_33                | INPUT         | LVCMOS18*   |      33 |            |      |                     |                 NONE |         | UNFIXED    |           |          |      | NONE             |              |                   |              |
| AF4        | ker_flat_s8x9[15]   | High Range | IO_L17N_T2_33                | INPUT         | LVCMOS18*   |      33 |            |      |                     |                 NONE |         | UNFIXED    |           |          |      | NONE             |              |                   |              |
| AF5        | ker_flat_s8x9[16]   | High Range | IO_L17P_T2_33                | INPUT         | LVCMOS18*   |      33 |            |      |                     |                 NONE |         | UNFIXED    |           |          |      | NONE             |              |                   |              |
| AF6        |                     |            | GND                          | GND           |             |         |            |      |                     |                      |     0.0 |            |           |          |      |                  |              |                   |              |
| AF7        |                     |            | MGTPTXN3_213                 | Gigabit       |             |         |            |      |                     |                      |         |            |           |          |      |                  |              |                   |              |
| AF8        |                     |            | GND                          | GND           |             |         |            |      |                     |                      |     0.0 |            |           |          |      |                  |              |                   |              |
| AF9        |                     |            | MGTPTXN1_213                 | Gigabit       |             |         |            |      |                     |                      |         |            |           |          |      |                  |              |                   |              |
| AF10       |                     |            | GND                          | GND           |             |         |            |      |                     |                      |     0.0 |            |           |          |      |                  |              |                   |              |
| AF11       |                     |            | MGTPRXN3_213                 | Gigabit       |             |         |            |      |                     |                      |         |            |           |          |      |                  |              |                   |              |
| AF12       |                     |            | GND                          | GND           |             |         |            |      |                     |                      |     0.0 |            |           |          |      |                  |              |                   |              |
| AF13       |                     |            | MGTPRXN1_213                 | Gigabit       |             |         |            |      |                     |                      |         |            |           |          |      |                  |              |                   |              |
| AF14       |                     |            | GND                          | GND           |             |         |            |      |                     |                      |     0.0 |            |           |          |      |                  |              |                   |              |
| AF15       |                     |            | MGTRREF_213                  | Gigabit       |             |         |            |      |                     |                      |         |            |           |          |      |                  |              |                   |              |
| AF16       |                     |            | GND                          | GND           |             |         |            |      |                     |                      |     0.0 |            |           |          |      |                  |              |                   |              |
| AF17       |                     | High Range | IO_L18N_T2_12                | User IO       |             |      12 |            |      |                     |                      |         |            |           |          |      |                  |              |                   |              |
| AF18       |                     | High Range | IO_L16N_T2_12                | User IO       |             |      12 |            |      |                     |                      |         |            |           |          |      |                  |              |                   |              |
| AF19       |                     | High Range | IO_L8P_T1_12                 | User IO       |             |      12 |            |      |                     |                      |         |            |           |          |      |                  |              |                   |              |
| AF20       |                     | High Range | IO_L8N_T1_12                 | User IO       |             |      12 |            |      |                     |                      |         |            |           |          |      |                  |              |                   |              |
| AF21       |                     |            | GND                          | GND           |             |         |            |      |                     |                      |     0.0 |            |           |          |      |                  |              |                   |              |
| AF22       |                     | High Range | IO_L9N_T1_DQS_12             | User IO       |             |      12 |            |      |                     |                      |         |            |           |          |      |                  |              |                   |              |
| AF23       |                     | High Range | IO_L5N_T0_12                 | User IO       |             |      12 |            |      |                     |                      |         |            |           |          |      |                  |              |                   |              |
| AF24       |                     | High Range | IO_L3P_T0_DQS_12             | User IO       |             |      12 |            |      |                     |                      |         |            |           |          |      |                  |              |                   |              |
| AF25       |                     | High Range | IO_L3N_T0_DQS_12             | User IO       |             |      12 |            |      |                     |                      |         |            |           |          |      |                  |              |                   |              |
| AF26       |                     | High Range | VCCO_12                      | VCCO          |             |      12 |            |      |                     |                      |   any** |            |           |          |      |                  |              |                   |              |
| B1         | done                | High Range | IO_L21N_T3_DQS_35            | OUTPUT        | LVCMOS18*   |      35 |         12 | SLOW |                     |            FP_VTT_50 |         | UNFIXED    |           |          |      | NONE             |              |                   |              |
| B2         | img_flat_u8x25[153] | High Range | IO_L19N_T3_VREF_35           | INPUT         | LVCMOS18*   |      35 |            |      |                     |                 NONE |         | UNFIXED    |           |          |      | NONE             |              |                   |              |
| B3         |                     |            | GND                          | GND           |             |         |            |      |                     |                      |     0.0 |            |           |          |      |                  |              |                   |              |
| B4         | img_flat_u8x25[160] | High Range | IO_L16P_T2_35                | INPUT         | LVCMOS18*   |      35 |            |      |                     |                 NONE |         | UNFIXED    |           |          |      | NONE             |              |                   |              |
| B5         | img_flat_u8x25[162] | High Range | IO_L15P_T2_DQS_35            | INPUT         | LVCMOS18*   |      35 |            |      |                     |                 NONE |         | UNFIXED    |           |          |      | NONE             |              |                   |              |
| B6         |                     |            | GND                          | GND           |             |         |            |      |                     |                      |     0.0 |            |           |          |      |                  |              |                   |              |
| B7         |                     |            | MGTPTXP0_216                 | Gigabit       |             |         |            |      |                     |                      |         |            |           |          |      |                  |              |                   |              |
| B8         |                     |            | MGTAVTT_G11                  | Gigabit Power |             |         |            |      |                     |                      |         |            |           |          |      |                  |              |                   |              |
| B9         |                     |            | MGTPTXP2_216                 | Gigabit       |             |         |            |      |                     |                      |         |            |           |          |      |                  |              |                   |              |
| B10        |                     |            | MGTAVTT_G11                  | Gigabit Power |             |         |            |      |                     |                      |         |            |           |          |      |                  |              |                   |              |
| B11        |                     |            | MGTPRXP0_216                 | Gigabit       |             |         |            |      |                     |                      |         |            |           |          |      |                  |              |                   |              |
| B12        |                     |            | MGTAVTT_G11                  | Gigabit Power |             |         |            |      |                     |                      |         |            |           |          |      |                  |              |                   |              |
| B13        |                     |            | MGTPRXP2_216                 | Gigabit       |             |         |            |      |                     |                      |         |            |           |          |      |                  |              |                   |              |
| B14        |                     |            | MGTAVTT_G11                  | Gigabit Power |             |         |            |      |                     |                      |         |            |           |          |      |                  |              |                   |              |
| B15        |                     |            | GND                          | GND           |             |         |            |      |                     |                      |     0.0 |            |           |          |      |                  |              |                   |              |
| B16        |                     |            | GND                          | GND           |             |         |            |      |                     |                      |     0.0 |            |           |          |      |                  |              |                   |              |
| B17        |                     | High Range | IO_L7N_T1_16                 | User IO       |             |      16 |            |      |                     |                      |         |            |           |          |      |                  |              |                   |              |
| B18        |                     | High Range | VCCO_16                      | VCCO          |             |      16 |            |      |                     |                      |    1.80 |            |           |          |      |                  |              |                   |              |
| B19        |                     | High Range | IO_L10P_T1_16                | User IO       |             |      16 |            |      |                     |                      |         |            |           |          |      |                  |              |                   |              |
| B20        |                     | High Range | IO_L15P_T2_DQS_16            | User IO       |             |      16 |            |      |                     |                      |         |            |           |          |      |                  |              |                   |              |
| B21        |                     | High Range | IO_L16N_T2_16                | User IO       |             |      16 |            |      |                     |                      |         |            |           |          |      |                  |              |                   |              |
| B22        |                     | High Range | IO_L17P_T2_16                | User IO       |             |      16 |            |      |                     |                      |         |            |           |          |      |                  |              |                   |              |
| B23        |                     |            | GND                          | GND           |             |         |            |      |                     |                      |     0.0 |            |           |          |      |                  |              |                   |              |
| B24        | img_flat_u8x25[195] | High Range | IO_L23N_T3_16                | INPUT         | LVCMOS18*   |      16 |            |      |                     |                 NONE |         | UNFIXED    |           |          |      | NONE             |              |                   |              |
| B25        |                     | High Range | IO_L20P_T3_16                | User IO       |             |      16 |            |      |                     |                      |         |            |           |          |      |                  |              |                   |              |
| B26        | img_flat_u8x25[197] | High Range | IO_L22N_T3_16                | INPUT         | LVCMOS18*   |      16 |            |      |                     |                 NONE |         | UNFIXED    |           |          |      | NONE             |              |                   |              |
| C1         | img_flat_u8x25[150] | High Range | IO_L21P_T3_DQS_35            | INPUT         | LVCMOS18*   |      35 |            |      |                     |                 NONE |         | UNFIXED    |           |          |      | NONE             |              |                   |              |
| C2         | img_flat_u8x25[154] | High Range | IO_L19P_T3_35                | INPUT         | LVCMOS18*   |      35 |            |      |                     |                 NONE |         | UNFIXED    |           |          |      | NONE             |              |                   |              |
| C3         | img_flat_u8x25[157] | High Range | IO_L17N_T2_35                | INPUT         | LVCMOS18*   |      35 |            |      |                     |                 NONE |         | UNFIXED    |           |          |      | NONE             |              |                   |              |
| C4         | img_flat_u8x25[163] | High Range | IO_L14N_T2_SRCC_35           | INPUT         | LVCMOS18*   |      35 |            |      |                     |                 NONE |         | UNFIXED    |           |          |      | NONE             |              |                   |              |
| C5         |                     | High Range | VCCO_35                      | VCCO          |             |      35 |            |      |                     |                      |    1.80 |            |           |          |      |                  |              |                   |              |
| C6         |                     |            | GND                          | GND           |             |         |            |      |                     |                      |     0.0 |            |           |          |      |                  |              |                   |              |
| C7         |                     |            | MGTAVTT_G11                  | Gigabit Power |             |         |            |      |                     |                      |         |            |           |          |      |                  |              |                   |              |
| C8         |                     |            | MGTPTXN1_216                 | Gigabit       |             |         |            |      |                     |                      |         |            |           |          |      |                  |              |                   |              |
| C9         |                     |            | GND                          | GND           |             |         |            |      |                     |                      |     0.0 |            |           |          |      |                  |              |                   |              |
| C10        |                     |            | MGTPTXN3_216                 | Gigabit       |             |         |            |      |                     |                      |         |            |           |          |      |                  |              |                   |              |
| C11        |                     |            | GND                          | GND           |             |         |            |      |                     |                      |     0.0 |            |           |          |      |                  |              |                   |              |
| C12        |                     |            | MGTPRXN3_216                 | Gigabit       |             |         |            |      |                     |                      |         |            |           |          |      |                  |              |                   |              |
| C13        |                     |            | GND                          | GND           |             |         |            |      |                     |                      |     0.0 |            |           |          |      |                  |              |                   |              |
| C14        |                     |            | MGTPRXN1_216                 | Gigabit       |             |         |            |      |                     |                      |         |            |           |          |      |                  |              |                   |              |
| C15        |                     |            | MGTAVTT_G11                  | Gigabit Power |             |         |            |      |                     |                      |         |            |           |          |      |                  |              |                   |              |
| C16        |                     |            | GND                          | GND           |             |         |            |      |                     |                      |     0.0 |            |           |          |      |                  |              |                   |              |
| C17        |                     | High Range | IO_L7P_T1_16                 | User IO       |             |      16 |            |      |                     |                      |         |            |           |          |      |                  |              |                   |              |
| C18        |                     | High Range | IO_L12N_T1_MRCC_16           | User IO       |             |      16 |            |      |                     |                      |         |            |           |          |      |                  |              |                   |              |
| C19        |                     | High Range | IO_L13N_T2_MRCC_16           | User IO       |             |      16 |            |      |                     |                      |         |            |           |          |      |                  |              |                   |              |
| C20        |                     |            | GND                          | GND           |             |         |            |      |                     |                      |     0.0 |            |           |          |      |                  |              |                   |              |
| C21        |                     | High Range | IO_L16P_T2_16                | User IO       |             |      16 |            |      |                     |                      |         |            |           |          |      |                  |              |                   |              |
| C22        |                     | High Range | IO_L19P_T3_16                | User IO       |             |      16 |            |      |                     |                      |         |            |           |          |      |                  |              |                   |              |
| C23        |                     | High Range | IO_L19N_T3_VREF_16           | User IO       |             |      16 |            |      |                     |                      |         |            |           |          |      |                  |              |                   |              |
| C24        | img_flat_u8x25[196] | High Range | IO_L23P_T3_16                | INPUT         | LVCMOS18*   |      16 |            |      |                     |                 NONE |         | UNFIXED    |           |          |      | NONE             |              |                   |              |
| C25        |                     | High Range | VCCO_16                      | VCCO          |             |      16 |            |      |                     |                      |    1.80 |            |           |          |      |                  |              |                   |              |
| C26        | img_flat_u8x25[198] | High Range | IO_L22P_T3_16                | INPUT         | LVCMOS18*   |      16 |            |      |                     |                 NONE |         | UNFIXED    |           |          |      | NONE             |              |                   |              |
| D1         | out_flat_u8x4[28]   | High Range | IO_L23N_T3_35                | OUTPUT        | LVCMOS18*   |      35 |         12 | SLOW |                     |            FP_VTT_50 |         | UNFIXED    |           |          |      | NONE             |              |                   |              |
| D2         |                     | High Range | VCCO_35                      | VCCO          |             |      35 |            |      |                     |                      |    1.80 |            |           |          |      |                  |              |                   |              |
| D3         | img_flat_u8x25[158] | High Range | IO_L17P_T2_35                | INPUT         | LVCMOS18*   |      35 |            |      |                     |                 NONE |         | UNFIXED    |           |          |      | NONE             |              |                   |              |
| D4         | img_flat_u8x25[164] | High Range | IO_L14P_T2_SRCC_35           | INPUT         | LVCMOS18*   |      35 |            |      |                     |                 NONE |         | UNFIXED    |           |          |      | NONE             |              |                   |              |
| D5         | img_flat_u8x25[165] | High Range | IO_L13N_T2_MRCC_35           | INPUT         | LVCMOS18*   |      35 |            |      |                     |                 NONE |         | UNFIXED    |           |          |      | NONE             |              |                   |              |
| D6         | img_flat_u8x25[189] | High Range | IO_L1N_T0_AD4N_35            | INPUT         | LVCMOS18*   |      35 |            |      |                     |                 NONE |         | UNFIXED    |           |          |      | NONE             |              |                   |              |
| D7         |                     |            | GND                          | GND           |             |         |            |      |                     |                      |     0.0 |            |           |          |      |                  |              |                   |              |
| D8         |                     |            | MGTPTXP1_216                 | Gigabit       |             |         |            |      |                     |                      |         |            |           |          |      |                  |              |                   |              |
| D9         |                     |            | MGTAVCC_G11                  | Gigabit Power |             |         |            |      |                     |                      |         |            |           |          |      |                  |              |                   |              |
| D10        |                     |            | MGTPTXP3_216                 | Gigabit       |             |         |            |      |                     |                      |         |            |           |          |      |                  |              |                   |              |
| D11        |                     |            | MGTAVCC_G11                  | Gigabit Power |             |         |            |      |                     |                      |         |            |           |          |      |                  |              |                   |              |
| D12        |                     |            | MGTPRXP3_216                 | Gigabit       |             |         |            |      |                     |                      |         |            |           |          |      |                  |              |                   |              |
| D13        |                     |            | MGTAVCC_G11                  | Gigabit Power |             |         |            |      |                     |                      |         |            |           |          |      |                  |              |                   |              |
| D14        |                     |            | MGTPRXP1_216                 | Gigabit       |             |         |            |      |                     |                      |         |            |           |          |      |                  |              |                   |              |
| D15        |                     |            | GND                          | GND           |             |         |            |      |                     |                      |     0.0 |            |           |          |      |                  |              |                   |              |
| D16        |                     | High Range | IO_L8N_T1_16                 | User IO       |             |      16 |            |      |                     |                      |         |            |           |          |      |                  |              |                   |              |
| D17        |                     |            | GND                          | GND           |             |         |            |      |                     |                      |     0.0 |            |           |          |      |                  |              |                   |              |
| D18        |                     | High Range | IO_L12P_T1_MRCC_16           | User IO       |             |      16 |            |      |                     |                      |         |            |           |          |      |                  |              |                   |              |
| D19        |                     | High Range | IO_L13P_T2_MRCC_16           | User IO       |             |      16 |            |      |                     |                      |         |            |           |          |      |                  |              |                   |              |
| D20        |                     | High Range | IO_L14N_T2_SRCC_16           | User IO       |             |      16 |            |      |                     |                      |         |            |           |          |      |                  |              |                   |              |
| D21        |                     | High Range | IO_L18N_T2_16                | User IO       |             |      16 |            |      |                     |                      |         |            |           |          |      |                  |              |                   |              |
| D22        |                     | High Range | VCCO_16                      | VCCO          |             |      16 |            |      |                     |                      |    1.80 |            |           |          |      |                  |              |                   |              |
| D23        | img_flat_u8x25[194] | High Range | IO_L24P_T3_16                | INPUT         | LVCMOS18*   |      16 |            |      |                     |                 NONE |         | UNFIXED    |           |          |      | NONE             |              |                   |              |
| D24        | img_flat_u8x25[193] | High Range | IO_L24N_T3_16                | INPUT         | LVCMOS18*   |      16 |            |      |                     |                 NONE |         | UNFIXED    |           |          |      | NONE             |              |                   |              |
| D25        | img_flat_u8x25[109] | High Range | IO_L20N_T3_A19_15            | INPUT         | LVCMOS18*   |      15 |            |      |                     |                 NONE |         | UNFIXED    |           |          |      | NONE             |              |                   |              |
| D26        | img_flat_u8x25[107] | High Range | IO_L21N_T3_DQS_A18_15        | INPUT         | LVCMOS18*   |      15 |            |      |                     |                 NONE |         | UNFIXED    |           |          |      | NONE             |              |                   |              |
| E1         | out_flat_u8x4[29]   | High Range | IO_L23P_T3_35                | OUTPUT        | LVCMOS18*   |      35 |         12 | SLOW |                     |            FP_VTT_50 |         | UNFIXED    |           |          |      | NONE             |              |                   |              |
| E2         | out_flat_u8x4[30]   | High Range | IO_L22N_T3_35                | OUTPUT        | LVCMOS18*   |      35 |         12 | SLOW |                     |            FP_VTT_50 |         | UNFIXED    |           |          |      | NONE             |              |                   |              |
| E3         | img_flat_u8x25[155] | High Range | IO_L18N_T2_35                | INPUT         | LVCMOS18*   |      35 |            |      |                     |                 NONE |         | UNFIXED    |           |          |      | NONE             |              |                   |              |
| E4         |                     |            | GND                          | GND           |             |         |            |      |                     |                      |     0.0 |            |           |          |      |                  |              |                   |              |
| E5         | img_flat_u8x25[166] | High Range | IO_L13P_T2_MRCC_35           | INPUT         | LVCMOS18*   |      35 |            |      |                     |                 NONE |         | UNFIXED    |           |          |      | NONE             |              |                   |              |
| E6         | img_flat_u8x25[190] | High Range | IO_L1P_T0_AD4P_35            | INPUT         | LVCMOS18*   |      35 |            |      |                     |                 NONE |         | UNFIXED    |           |          |      | NONE             |              |                   |              |
| E7         |                     |            | GND                          | GND           |             |         |            |      |                     |                      |     0.0 |            |           |          |      |                  |              |                   |              |
| E8         |                     |            | GND                          | GND           |             |         |            |      |                     |                      |     0.0 |            |           |          |      |                  |              |                   |              |
| E9         |                     |            | GND                          | GND           |             |         |            |      |                     |                      |     0.0 |            |           |          |      |                  |              |                   |              |
| E10        |                     |            | GND                          | GND           |             |         |            |      |                     |                      |     0.0 |            |           |          |      |                  |              |                   |              |
| E11        |                     |            | MGTREFCLK0N_216              | Gigabit       |             |         |            |      |                     |                      |         |            |           |          |      |                  |              |                   |              |
| E12        |                     |            | GND                          | GND           |             |         |            |      |                     |                      |     0.0 |            |           |          |      |                  |              |                   |              |
| E13        |                     |            | MGTREFCLK1N_216              | Gigabit       |             |         |            |      |                     |                      |         |            |           |          |      |                  |              |                   |              |
| E14        |                     |            | GND                          | GND           |             |         |            |      |                     |                      |     0.0 |            |           |          |      |                  |              |                   |              |
| E15        |                     |            | GND                          | GND           |             |         |            |      |                     |                      |     0.0 |            |           |          |      |                  |              |                   |              |
| E16        |                     | High Range | IO_L8P_T1_16                 | User IO       |             |      16 |            |      |                     |                      |         |            |           |          |      |                  |              |                   |              |
| E17        |                     | High Range | IO_L11P_T1_SRCC_16           | User IO       |             |      16 |            |      |                     |                      |         |            |           |          |      |                  |              |                   |              |
| E18        |                     | High Range | IO_L11N_T1_SRCC_16           | User IO       |             |      16 |            |      |                     |                      |         |            |           |          |      |                  |              |                   |              |
| E19        |                     | High Range | VCCO_16                      | VCCO          |             |      16 |            |      |                     |                      |    1.80 |            |           |          |      |                  |              |                   |              |
| E20        |                     | High Range | IO_L14P_T2_SRCC_16           | User IO       |             |      16 |            |      |                     |                      |         |            |           |          |      |                  |              |                   |              |
| E21        |                     | High Range | IO_L18P_T2_16                | User IO       |             |      16 |            |      |                     |                      |         |            |           |          |      |                  |              |                   |              |
| E22        | img_flat_u8x25[192] | High Range | IO_25_16                     | INPUT         | LVCMOS18*   |      16 |            |      |                     |                 NONE |         | UNFIXED    |           |          |      | NONE             |              |                   |              |
| E23        | img_flat_u8x25[115] | High Range | IO_L17N_T2_A25_15            | INPUT         | LVCMOS18*   |      15 |            |      |                     |                 NONE |         | UNFIXED    |           |          |      | NONE             |              |                   |              |
| E24        |                     |            | GND                          | GND           |             |         |            |      |                     |                      |     0.0 |            |           |          |      |                  |              |                   |              |
| E25        | img_flat_u8x25[110] | High Range | IO_L20P_T3_A20_15            | INPUT         | LVCMOS18*   |      15 |            |      |                     |                 NONE |         | UNFIXED    |           |          |      | NONE             |              |                   |              |
| E26        | img_flat_u8x25[108] | High Range | IO_L21P_T3_DQS_15            | INPUT         | LVCMOS18*   |      15 |            |      |                     |                 NONE |         | UNFIXED    |           |          |      | NONE             |              |                   |              |
| F1         |                     |            | GND                          | GND           |             |         |            |      |                     |                      |     0.0 |            |           |          |      |                  |              |                   |              |
| F2         | out_flat_u8x4[31]   | High Range | IO_L22P_T3_35                | OUTPUT        | LVCMOS18*   |      35 |         12 | SLOW |                     |            FP_VTT_50 |         | UNFIXED    |           |          |      | NONE             |              |                   |              |
| F3         | img_flat_u8x25[156] | High Range | IO_L18P_T2_35                | INPUT         | LVCMOS18*   |      35 |            |      |                     |                 NONE |         | UNFIXED    |           |          |      | NONE             |              |                   |              |
| F4         | img_flat_u8x25[169] | High Range | IO_L11N_T1_SRCC_35           | INPUT         | LVCMOS18*   |      35 |            |      |                     |                 NONE |         | UNFIXED    |           |          |      | NONE             |              |                   |              |
| F5         | img_flat_u8x25[167] | High Range | IO_L12N_T1_MRCC_35           | INPUT         | LVCMOS18*   |      35 |            |      |                     |                 NONE |         | UNFIXED    |           |          |      | NONE             |              |                   |              |
| F6         |                     | High Range | VCCO_35                      | VCCO          |             |      35 |            |      |                     |                      |    1.80 |            |           |          |      |                  |              |                   |              |
| F7         | img_flat_u8x25[183] | High Range | IO_L4N_T0_35                 | INPUT         | LVCMOS18*   |      35 |            |      |                     |                 NONE |         | UNFIXED    |           |          |      | NONE             |              |                   |              |
| F8         | img_flat_u8x25[184] | High Range | IO_L4P_T0_35                 | INPUT         | LVCMOS18*   |      35 |            |      |                     |                 NONE |         | UNFIXED    |           |          |      | NONE             |              |                   |              |
| F9         |                     |            | GND                          | GND           |             |         |            |      |                     |                      |     0.0 |            |           |          |      |                  |              |                   |              |
| F10        |                     |            | MGTAVCC_G11                  | Gigabit Power |             |         |            |      |                     |                      |         |            |           |          |      |                  |              |                   |              |
| F11        |                     |            | MGTREFCLK0P_216              | Gigabit       |             |         |            |      |                     |                      |         |            |           |          |      |                  |              |                   |              |
| F12        |                     |            | MGTAVCC_G11                  | Gigabit Power |             |         |            |      |                     |                      |         |            |           |          |      |                  |              |                   |              |
| F13        |                     |            | MGTREFCLK1P_216              | Gigabit       |             |         |            |      |                     |                      |         |            |           |          |      |                  |              |                   |              |
| F14        |                     |            | GND                          | GND           |             |         |            |      |                     |                      |     0.0 |            |           |          |      |                  |              |                   |              |
| F15        |                     | High Range | IO_L4N_T0_16                 | User IO       |             |      16 |            |      |                     |                      |         |            |           |          |      |                  |              |                   |              |
| F16        |                     | High Range | VCCO_16                      | VCCO          |             |      16 |            |      |                     |                      |    1.80 |            |           |          |      |                  |              |                   |              |
| F17        |                     | High Range | IO_L2N_T0_16                 | User IO       |             |      16 |            |      |                     |                      |         |            |           |          |      |                  |              |                   |              |
| F18        |                     | High Range | IO_L3P_T0_DQS_16             | User IO       |             |      16 |            |      |                     |                      |         |            |           |          |      |                  |              |                   |              |
| F19        |                     | High Range | IO_L3N_T0_DQS_16             | User IO       |             |      16 |            |      |                     |                      |         |            |           |          |      |                  |              |                   |              |
| F20        |                     | High Range | IO_L5N_T0_16                 | User IO       |             |      16 |            |      |                     |                      |         |            |           |          |      |                  |              |                   |              |
| F21        |                     |            | GND                          | GND           |             |         |            |      |                     |                      |     0.0 |            |           |          |      |                  |              |                   |              |
| F22        | img_flat_u8x25[119] | High Range | IO_L15N_T2_DQS_ADV_B_15      | INPUT         | LVCMOS18*   |      15 |            |      |                     |                 NONE |         | UNFIXED    |           |          |      | NONE             |              |                   |              |
| F23        | img_flat_u8x25[116] | High Range | IO_L17P_T2_A26_15            | INPUT         | LVCMOS18*   |      15 |            |      |                     |                 NONE |         | UNFIXED    |           |          |      | NONE             |              |                   |              |
| F24        | img_flat_u8x25[111] | High Range | IO_L19N_T3_A21_VREF_15       | INPUT         | LVCMOS18*   |      15 |            |      |                     |                 NONE |         | UNFIXED    |           |          |      | NONE             |              |                   |              |
| F25        | img_flat_u8x25[103] | High Range | IO_L23N_T3_FWE_B_15          | INPUT         | LVCMOS18*   |      15 |            |      |                     |                 NONE |         | UNFIXED    |           |          |      | NONE             |              |                   |              |
| F26        |                     | High Range | VCCO_15                      | VCCO          |             |      15 |            |      |                     |                      |    1.80 |            |           |          |      |                  |              |                   |              |
| G1         | out_flat_u8x4[26]   | High Range | IO_L24N_T3_35                | OUTPUT        | LVCMOS18*   |      35 |         12 | SLOW |                     |            FP_VTT_50 |         | UNFIXED    |           |          |      | NONE             |              |                   |              |
| G2         | out_flat_u8x4[27]   | High Range | IO_L24P_T3_35                | OUTPUT        | LVCMOS18*   |      35 |         12 | SLOW |                     |            FP_VTT_50 |         | UNFIXED    |           |          |      | NONE             |              |                   |              |
| G3         |                     | High Range | VCCO_35                      | VCCO          |             |      35 |            |      |                     |                      |    1.80 |            |           |          |      |                  |              |                   |              |
| G4         | img_flat_u8x25[170] | High Range | IO_L11P_T1_SRCC_35           | INPUT         | LVCMOS18*   |      35 |            |      |                     |                 NONE |         | UNFIXED    |           |          |      | NONE             |              |                   |              |
| G5         | img_flat_u8x25[168] | High Range | IO_L12P_T1_MRCC_35           | INPUT         | LVCMOS18*   |      35 |            |      |                     |                 NONE |         | UNFIXED    |           |          |      | NONE             |              |                   |              |
| G6         | img_flat_u8x25[181] | High Range | IO_L5N_T0_AD13N_35           | INPUT         | LVCMOS18*   |      35 |            |      |                     |                 NONE |         | UNFIXED    |           |          |      | NONE             |              |                   |              |
| G7         | img_flat_u8x25[185] | High Range | IO_L3N_T0_DQS_AD5N_35        | INPUT         | LVCMOS18*   |      35 |            |      |                     |                 NONE |         | UNFIXED    |           |          |      | NONE             |              |                   |              |
| G8         | img_flat_u8x25[187] | High Range | IO_L2N_T0_AD12N_35           | INPUT         | LVCMOS18*   |      35 |            |      |                     |                 NONE |         | UNFIXED    |           |          |      | NONE             |              |                   |              |
| G9         | img_flat_u8x25[179] | High Range | IO_L6N_T0_VREF_35            | INPUT         | LVCMOS18*   |      35 |            |      |                     |                 NONE |         | UNFIXED    |           |          |      | NONE             |              |                   |              |
| G10        |                     |            | GND                          | GND           |             |         |            |      |                     |                      |     0.0 |            |           |          |      |                  |              |                   |              |
| G11        |                     |            | GND                          | GND           |             |         |            |      |                     |                      |     0.0 |            |           |          |      |                  |              |                   |              |
| G12        |                     |            | GND                          | GND           |             |         |            |      |                     |                      |     0.0 |            |           |          |      |                  |              |                   |              |
| G13        |                     |            | GND                          | GND           |             |         |            |      |                     |                      |     0.0 |            |           |          |      |                  |              |                   |              |
| G14        |                     | Dedicated  | VCCBATT_0                    | Config        |             |       0 |            |      |                     |                      |         |            |           |          |      |                  |              |                   |              |
| G15        |                     | High Range | IO_L4P_T0_16                 | User IO       |             |      16 |            |      |                     |                      |         |            |           |          |      |                  |              |                   |              |
| G16        |                     | High Range | IO_L6N_T0_VREF_16            | User IO       |             |      16 |            |      |                     |                      |         |            |           |          |      |                  |              |                   |              |
| G17        |                     | High Range | IO_L2P_T0_16                 | User IO       |             |      16 |            |      |                     |                      |         |            |           |          |      |                  |              |                   |              |
| G18        |                     |            | GND                          | GND           |             |         |            |      |                     |                      |     0.0 |            |           |          |      |                  |              |                   |              |
| G19        |                     | High Range | IO_L5P_T0_16                 | User IO       |             |      16 |            |      |                     |                      |         |            |           |          |      |                  |              |                   |              |
| G20        | img_flat_u8x25[128] | High Range | IO_L11P_T1_SRCC_15           | INPUT         | LVCMOS18*   |      15 |            |      |                     |                 NONE |         | UNFIXED    |           |          |      | NONE             |              |                   |              |
| G21        | img_flat_u8x25[127] | High Range | IO_L11N_T1_SRCC_15           | INPUT         | LVCMOS18*   |      15 |            |      |                     |                 NONE |         | UNFIXED    |           |          |      | NONE             |              |                   |              |
| G22        | img_flat_u8x25[120] | High Range | IO_L15P_T2_DQS_15            | INPUT         | LVCMOS18*   |      15 |            |      |                     |                 NONE |         | UNFIXED    |           |          |      | NONE             |              |                   |              |
| G23        |                     | High Range | VCCO_15                      | VCCO          |             |      15 |            |      |                     |                      |    1.80 |            |           |          |      |                  |              |                   |              |
| G24        | img_flat_u8x25[112] | High Range | IO_L19P_T3_A22_15            | INPUT         | LVCMOS18*   |      15 |            |      |                     |                 NONE |         | UNFIXED    |           |          |      | NONE             |              |                   |              |
| G25        | img_flat_u8x25[104] | High Range | IO_L23P_T3_FOE_B_15          | INPUT         | LVCMOS18*   |      15 |            |      |                     |                 NONE |         | UNFIXED    |           |          |      | NONE             |              |                   |              |
| G26        | img_flat_u8x25[105] | High Range | IO_L22N_T3_A16_15            | INPUT         | LVCMOS18*   |      15 |            |      |                     |                 NONE |         | UNFIXED    |           |          |      | NONE             |              |                   |              |
| H1         | ker_flat_s8x9[53]   | High Range | IO_L10N_T1_34                | INPUT         | LVCMOS18*   |      34 |            |      |                     |                 NONE |         | UNFIXED    |           |          |      | NONE             |              |                   |              |
| H2         | ker_flat_s8x9[54]   | High Range | IO_L10P_T1_34                | INPUT         | LVCMOS18*   |      34 |            |      |                     |                 NONE |         | UNFIXED    |           |          |      | NONE             |              |                   |              |
| H3         | out_flat_u8x4[25]   | High Range | IO_25_35                     | OUTPUT        | LVCMOS18*   |      35 |         12 | SLOW |                     |            FP_VTT_50 |         | UNFIXED    |           |          |      | NONE             |              |                   |              |
| H4         | img_flat_u8x25[173] | High Range | IO_L9N_T1_DQS_AD7N_35        | INPUT         | LVCMOS18*   |      35 |            |      |                     |                 NONE |         | UNFIXED    |           |          |      | NONE             |              |                   |              |
| H5         |                     |            | GND                          | GND           |             |         |            |      |                     |                      |     0.0 |            |           |          |      |                  |              |                   |              |
| H6         | img_flat_u8x25[182] | High Range | IO_L5P_T0_AD13P_35           | INPUT         | LVCMOS18*   |      35 |            |      |                     |                 NONE |         | UNFIXED    |           |          |      | NONE             |              |                   |              |
| H7         | img_flat_u8x25[186] | High Range | IO_L3P_T0_DQS_AD5P_35        | INPUT         | LVCMOS18*   |      35 |            |      |                     |                 NONE |         | UNFIXED    |           |          |      | NONE             |              |                   |              |
| H8         | img_flat_u8x25[188] | High Range | IO_L2P_T0_AD12P_35           | INPUT         | LVCMOS18*   |      35 |            |      |                     |                 NONE |         | UNFIXED    |           |          |      | NONE             |              |                   |              |
| H9         | img_flat_u8x25[180] | High Range | IO_L6P_T0_35                 | INPUT         | LVCMOS18*   |      35 |            |      |                     |                 NONE |         | UNFIXED    |           |          |      | NONE             |              |                   |              |
| H10        |                     | Dedicated  | TDI_0                        | Config        |             |       0 |            |      |                     |                      |         |            |           |          |      |                  |              |                   |              |
| H11        |                     | Dedicated  | TMS_0                        | Config        |             |       0 |            |      |                     |                      |         |            |           |          |      |                  |              |                   |              |
| H12        |                     | Dedicated  | TCK_0                        | Config        |             |       0 |            |      |                     |                      |         |            |           |          |      |                  |              |                   |              |
| H13        |                     | Dedicated  | CCLK_0                       | Config        |             |       0 |            |      |                     |                      |         |            |           |          |      |                  |              |                   |              |
| H14        |                     | High Range | IO_L1P_T0_16                 | User IO       |             |      16 |            |      |                     |                      |         |            |           |          |      |                  |              |                   |              |
| H15        |                     | High Range | IO_L1N_T0_16                 | User IO       |             |      16 |            |      |                     |                      |         |            |           |          |      |                  |              |                   |              |
| H16        |                     | High Range | IO_L6P_T0_16                 | User IO       |             |      16 |            |      |                     |                      |         |            |           |          |      |                  |              |                   |              |
| H17        |                     | High Range | IO_0_16                      | User IO       |             |      16 |            |      |                     |                      |         |            |           |          |      |                  |              |                   |              |
| H18        | img_flat_u8x25[129] | High Range | IO_L10N_T1_AD11N_15          | INPUT         | LVCMOS18*   |      15 |            |      |                     |                 NONE |         | UNFIXED    |           |          |      | NONE             |              |                   |              |
| H19        | img_flat_u8x25[135] | High Range | IO_L7N_T1_AD2N_15            | INPUT         | LVCMOS18*   |      15 |            |      |                     |                 NONE |         | UNFIXED    |           |          |      | NONE             |              |                   |              |
| H20        |                     | High Range | VCCO_15                      | VCCO          |             |      15 |            |      |                     |                      |    1.80 |            |           |          |      |                  |              |                   |              |
| H21        | img_flat_u8x25[124] | High Range | IO_L13P_T2_MRCC_15           | INPUT         | LVCMOS18*   |      15 |            |      |                     |                 NONE |         | UNFIXED    |           |          |      | NONE             |              |                   |              |
| H22        | img_flat_u8x25[123] | High Range | IO_L13N_T2_MRCC_15           | INPUT         | LVCMOS18*   |      15 |            |      |                     |                 NONE |         | UNFIXED    |           |          |      | NONE             |              |                   |              |
| H23        | img_flat_u8x25[121] | High Range | IO_L14N_T2_SRCC_15           | INPUT         | LVCMOS18*   |      15 |            |      |                     |                 NONE |         | UNFIXED    |           |          |      | NONE             |              |                   |              |
| H24        | img_flat_u8x25[117] | High Range | IO_L16N_T2_A27_15            | INPUT         | LVCMOS18*   |      15 |            |      |                     |                 NONE |         | UNFIXED    |           |          |      | NONE             |              |                   |              |
| H25        |                     |            | GND                          | GND           |             |         |            |      |                     |                      |     0.0 |            |           |          |      |                  |              |                   |              |
| H26        | img_flat_u8x25[106] | High Range | IO_L22P_T3_A17_15            | INPUT         | LVCMOS18*   |      15 |            |      |                     |                 NONE |         | UNFIXED    |           |          |      | NONE             |              |                   |              |
| J1         | ker_flat_s8x9[59]   | High Range | IO_L7N_T1_34                 | INPUT         | LVCMOS18*   |      34 |            |      |                     |                 NONE |         | UNFIXED    |           |          |      | NONE             |              |                   |              |
| J2         |                     |            | GND                          | GND           |             |         |            |      |                     |                      |     0.0 |            |           |          |      |                  |              |                   |              |
| J3         | ker_flat_s8x9[71]   | High Range | IO_L1N_T0_34                 | INPUT         | LVCMOS18*   |      34 |            |      |                     |                 NONE |         | UNFIXED    |           |          |      | NONE             |              |                   |              |
| J4         | img_flat_u8x25[174] | High Range | IO_L9P_T1_DQS_AD7P_35        | INPUT         | LVCMOS18*   |      35 |            |      |                     |                 NONE |         | UNFIXED    |           |          |      | NONE             |              |                   |              |
| J5         | img_flat_u8x25[177] | High Range | IO_L7N_T1_AD6N_35            | INPUT         | LVCMOS18*   |      35 |            |      |                     |                 NONE |         | UNFIXED    |           |          |      | NONE             |              |                   |              |
| J6         | img_flat_u8x25[178] | High Range | IO_L7P_T1_AD6P_35            | INPUT         | LVCMOS18*   |      35 |            |      |                     |                 NONE |         | UNFIXED    |           |          |      | NONE             |              |                   |              |
| J7         |                     | High Range | VCCO_35                      | VCCO          |             |      35 |            |      |                     |                      |    1.80 |            |           |          |      |                  |              |                   |              |
| J8         | img_flat_u8x25[191] | High Range | IO_0_35                      | INPUT         | LVCMOS18*   |      35 |            |      |                     |                 NONE |         | UNFIXED    |           |          |      | NONE             |              |                   |              |
| J9         |                     |            | VCCAUX                       | VCCAUX        |             |         |            |      |                     |                      |    1.80 |            |           |          |      |                  |              |                   |              |
| J10        |                     | Dedicated  | TDO_0                        | Config        |             |       0 |            |      |                     |                      |         |            |           |          |      |                  |              |                   |              |
| J11        |                     |            | VCCINT                       | VCCINT        |             |         |            |      |                     |                      |         |            |           |          |      |                  |              |                   |              |
| J12        |                     |            | GND                          | GND           |             |         |            |      |                     |                      |     0.0 |            |           |          |      |                  |              |                   |              |
| J13        |                     |            | VCCINT                       | VCCINT        |             |         |            |      |                     |                      |         |            |           |          |      |                  |              |                   |              |
| J14        | img_flat_u8x25[146] | High Range | IO_L2P_T0_AD8P_15            | INPUT         | LVCMOS18*   |      15 |            |      |                     |                 NONE |         | UNFIXED    |           |          |      | NONE             |              |                   |              |
| J15        | img_flat_u8x25[145] | High Range | IO_L2N_T0_AD8N_15            | INPUT         | LVCMOS18*   |      15 |            |      |                     |                 NONE |         | UNFIXED    |           |          |      | NONE             |              |                   |              |
| J16        | img_flat_u8x25[147] | High Range | IO_L1N_T0_AD0N_15            | INPUT         | LVCMOS18*   |      15 |            |      |                     |                 NONE |         | UNFIXED    |           |          |      | NONE             |              |                   |              |
| J17        |                     | High Range | VCCO_15                      | VCCO          |             |      15 |            |      |                     |                      |    1.80 |            |           |          |      |                  |              |                   |              |
| J18        | img_flat_u8x25[130] | High Range | IO_L10P_T1_AD11P_15          | INPUT         | LVCMOS18*   |      15 |            |      |                     |                 NONE |         | UNFIXED    |           |          |      | NONE             |              |                   |              |
| J19        | img_flat_u8x25[136] | High Range | IO_L7P_T1_AD2P_15            | INPUT         | LVCMOS18*   |      15 |            |      |                     |                 NONE |         | UNFIXED    |           |          |      | NONE             |              |                   |              |
| J20        | img_flat_u8x25[131] | High Range | IO_L9N_T1_DQS_AD3N_15        | INPUT         | LVCMOS18*   |      15 |            |      |                     |                 NONE |         | UNFIXED    |           |          |      | NONE             |              |                   |              |
| J21        | img_flat_u8x25[125] | High Range | IO_L12N_T1_MRCC_15           | INPUT         | LVCMOS18*   |      15 |            |      |                     |                 NONE |         | UNFIXED    |           |          |      | NONE             |              |                   |              |
| J22        |                     |            | GND                          | GND           |             |         |            |      |                     |                      |     0.0 |            |           |          |      |                  |              |                   |              |
| J23        | img_flat_u8x25[122] | High Range | IO_L14P_T2_SRCC_15           | INPUT         | LVCMOS18*   |      15 |            |      |                     |                 NONE |         | UNFIXED    |           |          |      | NONE             |              |                   |              |
| J24        | img_flat_u8x25[118] | High Range | IO_L16P_T2_A28_15            | INPUT         | LVCMOS18*   |      15 |            |      |                     |                 NONE |         | UNFIXED    |           |          |      | NONE             |              |                   |              |
| J25        | img_flat_u8x25[102] | High Range | IO_L24P_T3_RS1_15            | INPUT         | LVCMOS18*   |      15 |            |      |                     |                 NONE |         | UNFIXED    |           |          |      | NONE             |              |                   |              |
| J26        | img_flat_u8x25[101] | High Range | IO_L24N_T3_RS0_15            | INPUT         | LVCMOS18*   |      15 |            |      |                     |                 NONE |         | UNFIXED    |           |          |      | NONE             |              |                   |              |
| K1         | ker_flat_s8x9[60]   | High Range | IO_L7P_T1_34                 | INPUT         | LVCMOS18*   |      34 |            |      |                     |                 NONE |         | UNFIXED    |           |          |      | NONE             |              |                   |              |
| K2         | ker_flat_s8x9[57]   | High Range | IO_L8N_T1_34                 | INPUT         | LVCMOS18*   |      34 |            |      |                     |                 NONE |         | UNFIXED    |           |          |      | NONE             |              |                   |              |
| K3         | rst_n               | High Range | IO_L1P_T0_34                 | INPUT         | LVCMOS18*   |      34 |            |      |                     |                 NONE |         | UNFIXED    |           |          |      | NONE             |              |                   |              |
| K4         |                     | High Range | VCCO_34                      | VCCO          |             |      34 |            |      |                     |                      |    1.80 |            |           |          |      |                  |              |                   |              |
| K5         | ker_flat_s8x9[65]   | High Range | IO_L4N_T0_34                 | INPUT         | LVCMOS18*   |      34 |            |      |                     |                 NONE |         | UNFIXED    |           |          |      | NONE             |              |                   |              |
| K6         | img_flat_u8x25[171] | High Range | IO_L10N_T1_AD15N_35          | INPUT         | LVCMOS18*   |      35 |            |      |                     |                 NONE |         | UNFIXED    |           |          |      | NONE             |              |                   |              |
| K7         | img_flat_u8x25[172] | High Range | IO_L10P_T1_AD15P_35          | INPUT         | LVCMOS18*   |      35 |            |      |                     |                 NONE |         | UNFIXED    |           |          |      | NONE             |              |                   |              |
| K8         | img_flat_u8x25[175] | High Range | IO_L8N_T1_AD14N_35           | INPUT         | LVCMOS18*   |      35 |            |      |                     |                 NONE |         | UNFIXED    |           |          |      | NONE             |              |                   |              |
| K9         |                     |            | GND                          | GND           |             |         |            |      |                     |                      |     0.0 |            |           |          |      |                  |              |                   |              |
| K10        |                     |            | VCCINT                       | VCCINT        |             |         |            |      |                     |                      |         |            |           |          |      |                  |              |                   |              |
| K11        |                     |            | GND                          | GND           |             |         |            |      |                     |                      |     0.0 |            |           |          |      |                  |              |                   |              |
| K12        |                     |            | VCCINT                       | VCCINT        |             |         |            |      |                     |                      |         |            |           |          |      |                  |              |                   |              |
| K13        |                     |            | GND                          | GND           |             |         |            |      |                     |                      |     0.0 |            |           |          |      |                  |              |                   |              |
| K14        |                     | High Range | VCCO_15                      | VCCO          |             |      15 |            |      |                     |                      |    1.80 |            |           |          |      |                  |              |                   |              |
| K15        | img_flat_u8x25[148] | High Range | IO_L1P_T0_AD0P_15            | INPUT         | LVCMOS18*   |      15 |            |      |                     |                 NONE |         | UNFIXED    |           |          |      | NONE             |              |                   |              |
| K16        | img_flat_u8x25[144] | High Range | IO_L3P_T0_DQS_AD1P_15        | INPUT         | LVCMOS18*   |      15 |            |      |                     |                 NONE |         | UNFIXED    |           |          |      | NONE             |              |                   |              |
| K17        | img_flat_u8x25[143] | High Range | IO_L3N_T0_DQS_AD1N_15        | INPUT         | LVCMOS18*   |      15 |            |      |                     |                 NONE |         | UNFIXED    |           |          |      | NONE             |              |                   |              |
| K18        | img_flat_u8x25[149] | High Range | IO_0_15                      | INPUT         | LVCMOS18*   |      15 |            |      |                     |                 NONE |         | UNFIXED    |           |          |      | NONE             |              |                   |              |
| K19        |                     |            | GND                          | GND           |             |         |            |      |                     |                      |     0.0 |            |           |          |      |                  |              |                   |              |
| K20        | img_flat_u8x25[132] | High Range | IO_L9P_T1_DQS_AD3P_15        | INPUT         | LVCMOS18*   |      15 |            |      |                     |                 NONE |         | UNFIXED    |           |          |      | NONE             |              |                   |              |
| K21        | img_flat_u8x25[126] | High Range | IO_L12P_T1_MRCC_15           | INPUT         | LVCMOS18*   |      15 |            |      |                     |                 NONE |         | UNFIXED    |           |          |      | NONE             |              |                   |              |
| K22        | img_flat_u8x25[114] | High Range | IO_L18P_T2_A24_15            | INPUT         | LVCMOS18*   |      15 |            |      |                     |                 NONE |         | UNFIXED    |           |          |      | NONE             |              |                   |              |
| K23        | img_flat_u8x25[113] | High Range | IO_L18N_T2_A23_15            | INPUT         | LVCMOS18*   |      15 |            |      |                     |                 NONE |         | UNFIXED    |           |          |      | NONE             |              |                   |              |
| K24        |                     | High Range | VCCO_14                      | VCCO          |             |      14 |            |      |                     |                      |    1.80 |            |           |          |      |                  |              |                   |              |
| K25        | img_flat_u8x25[86]  | High Range | IO_L7P_T1_D09_14             | INPUT         | LVCMOS18*   |      14 |            |      |                     |                 NONE |         | UNFIXED    |           |          |      | NONE             |              |                   |              |
| K26        | img_flat_u8x25[85]  | High Range | IO_L7N_T1_D10_14             | INPUT         | LVCMOS18*   |      14 |            |      |                     |                 NONE |         | UNFIXED    |           |          |      | NONE             |              |                   |              |
| L1         |                     | High Range | VCCO_34                      | VCCO          |             |      34 |            |      |                     |                      |    1.80 |            |           |          |      |                  |              |                   |              |
| L2         | ker_flat_s8x9[52]   | High Range | IO_L11N_T1_SRCC_34           | INPUT         | LVCMOS18*   |      34 |            |      |                     |                 NONE |         | UNFIXED    |           |          |      | NONE             |              |                   |              |
| L3         | ker_flat_s8x9[58]   | High Range | IO_L8P_T1_34                 | INPUT         | LVCMOS18*   |      34 |            |      |                     |                 NONE |         | UNFIXED    |           |          |      | NONE             |              |                   |              |
| L4         | ker_flat_s8x9[67]   | High Range | IO_L3N_T0_DQS_34             | INPUT         | LVCMOS18*   |      34 |            |      |                     |                 NONE |         | UNFIXED    |           |          |      | NONE             |              |                   |              |
| L5         | ker_flat_s8x9[66]   | High Range | IO_L4P_T0_34                 | INPUT         | LVCMOS18*   |      34 |            |      |                     |                 NONE |         | UNFIXED    |           |          |      | NONE             |              |                   |              |
| L6         |                     |            | GND                          | GND           |             |         |            |      |                     |                      |     0.0 |            |           |          |      |                  |              |                   |              |
| L7         | ker_flat_s8x9[69]   | High Range | IO_L2N_T0_34                 | INPUT         | LVCMOS18*   |      34 |            |      |                     |                 NONE |         | UNFIXED    |           |          |      | NONE             |              |                   |              |
| L8         | img_flat_u8x25[176] | High Range | IO_L8P_T1_AD14P_35           | INPUT         | LVCMOS18*   |      35 |            |      |                     |                 NONE |         | UNFIXED    |           |          |      | NONE             |              |                   |              |
| L9         |                     |            | VCCAUX                       | VCCAUX        |             |         |            |      |                     |                      |    1.80 |            |           |          |      |                  |              |                   |              |
| L10        |                     |            | GND                          | GND           |             |         |            |      |                     |                      |     0.0 |            |           |          |      |                  |              |                   |              |
| L11        |                     |            | VCCINT                       | VCCINT        |             |         |            |      |                     |                      |         |            |           |          |      |                  |              |                   |              |
| L12        |                     |            | GND                          | GND           |             |         |            |      |                     |                      |     0.0 |            |           |          |      |                  |              |                   |              |
| L13        |                     |            | VCCINT                       | VCCINT        |             |         |            |      |                     |                      |         |            |           |          |      |                  |              |                   |              |
| L14        | img_flat_u8x25[141] | High Range | IO_L4N_T0_15                 | INPUT         | LVCMOS18*   |      15 |            |      |                     |                 NONE |         | UNFIXED    |           |          |      | NONE             |              |                   |              |
| L15        | img_flat_u8x25[139] | High Range | IO_L5N_T0_AD9N_15            | INPUT         | LVCMOS18*   |      15 |            |      |                     |                 NONE |         | UNFIXED    |           |          |      | NONE             |              |                   |              |
| L16        |                     |            | GND                          | GND           |             |         |            |      |                     |                      |     0.0 |            |           |          |      |                  |              |                   |              |
| L17        | img_flat_u8x25[134] | High Range | IO_L8P_T1_AD10P_15           | INPUT         | LVCMOS18*   |      15 |            |      |                     |                 NONE |         | UNFIXED    |           |          |      | NONE             |              |                   |              |
| L18        | img_flat_u8x25[133] | High Range | IO_L8N_T1_AD10N_15           | INPUT         | LVCMOS18*   |      15 |            |      |                     |                 NONE |         | UNFIXED    |           |          |      | NONE             |              |                   |              |
| L19        | img_flat_u8x25[100] | High Range | IO_25_15                     | INPUT         | LVCMOS18*   |      15 |            |      |                     |                 NONE |         | UNFIXED    |           |          |      | NONE             |              |                   |              |
| L20        | img_flat_u8x25[83]  | High Range | IO_L8N_T1_D12_14             | INPUT         | LVCMOS18*   |      14 |            |      |                     |                 NONE |         | UNFIXED    |           |          |      | NONE             |              |                   |              |
| L21        |                     | High Range | VCCO_14                      | VCCO          |             |      14 |            |      |                     |                      |    1.80 |            |           |          |      |                  |              |                   |              |
| L22        | img_flat_u8x25[78]  | High Range | IO_L11P_T1_SRCC_14           | INPUT         | LVCMOS18*   |      14 |            |      |                     |                 NONE |         | UNFIXED    |           |          |      | NONE             |              |                   |              |
| L23        | img_flat_u8x25[77]  | High Range | IO_L11N_T1_SRCC_14           | INPUT         | LVCMOS18*   |      14 |            |      |                     |                 NONE |         | UNFIXED    |           |          |      | NONE             |              |                   |              |
| L24        | img_flat_u8x25[82]  | High Range | IO_L9P_T1_DQS_14             | INPUT         | LVCMOS18*   |      14 |            |      |                     |                 NONE |         | UNFIXED    |           |          |      | NONE             |              |                   |              |
| L25        | img_flat_u8x25[81]  | High Range | IO_L9N_T1_DQS_D13_14         | INPUT         | LVCMOS18*   |      14 |            |      |                     |                 NONE |         | UNFIXED    |           |          |      | NONE             |              |                   |              |
| L26        |                     |            | GND                          | GND           |             |         |            |      |                     |                      |     0.0 |            |           |          |      |                  |              |                   |              |
| M1         | ker_flat_s8x9[55]   | High Range | IO_L9N_T1_DQS_34             | INPUT         | LVCMOS18*   |      34 |            |      |                     |                 NONE |         | UNFIXED    |           |          |      | NONE             |              |                   |              |
| M2         | clk                 | High Range | IO_L11P_T1_SRCC_34           | INPUT         | LVCMOS18*   |      34 |            |      |                     |                 NONE |         | UNFIXED    |           |          |      | NONE             |              |                   |              |
| M3         |                     |            | GND                          | GND           |             |         |            |      |                     |                      |     0.0 |            |           |          |      |                  |              |                   |              |
| M4         | ker_flat_s8x9[68]   | High Range | IO_L3P_T0_DQS_34             | INPUT         | LVCMOS18*   |      34 |            |      |                     |                 NONE |         | UNFIXED    |           |          |      | NONE             |              |                   |              |
| M5         | ker_flat_s8x9[61]   | High Range | IO_L6N_T0_VREF_34            | INPUT         | LVCMOS18*   |      34 |            |      |                     |                 NONE |         | UNFIXED    |           |          |      | NONE             |              |                   |              |
| M6         | ker_flat_s8x9[62]   | High Range | IO_L6P_T0_34                 | INPUT         | LVCMOS18*   |      34 |            |      |                     |                 NONE |         | UNFIXED    |           |          |      | NONE             |              |                   |              |
| M7         | ker_flat_s8x9[70]   | High Range | IO_L2P_T0_34                 | INPUT         | LVCMOS18*   |      34 |            |      |                     |                 NONE |         | UNFIXED    |           |          |      | NONE             |              |                   |              |
| M8         |                     | High Range | VCCO_34                      | VCCO          |             |      34 |            |      |                     |                      |    1.80 |            |           |          |      |                  |              |                   |              |
| M9         |                     |            | GND                          | GND           |             |         |            |      |                     |                      |     0.0 |            |           |          |      |                  |              |                   |              |
| M10        |                     |            | VCCINT                       | VCCINT        |             |         |            |      |                     |                      |         |            |           |          |      |                  |              |                   |              |
| M11        |                     | Dedicated  | GNDADC_0                     | XADC          |             |       0 |            |      |                     |                      |         |            |           |          |      |                  |              |                   |              |
| M12        |                     | Dedicated  | VCCADC_0                     | XADC          |             |       0 |            |      |                     |                      |         |            |           |          |      |                  |              |                   |              |
| M13        |                     |            | GND                          | GND           |             |         |            |      |                     |                      |     0.0 |            |           |          |      |                  |              |                   |              |
| M14        | img_flat_u8x25[142] | High Range | IO_L4P_T0_15                 | INPUT         | LVCMOS18*   |      15 |            |      |                     |                 NONE |         | UNFIXED    |           |          |      | NONE             |              |                   |              |
| M15        | img_flat_u8x25[140] | High Range | IO_L5P_T0_AD9P_15            | INPUT         | LVCMOS18*   |      15 |            |      |                     |                 NONE |         | UNFIXED    |           |          |      | NONE             |              |                   |              |
| M16        | img_flat_u8x25[138] | High Range | IO_L6P_T0_15                 | INPUT         | LVCMOS18*   |      15 |            |      |                     |                 NONE |         | UNFIXED    |           |          |      | NONE             |              |                   |              |
| M17        | img_flat_u8x25[137] | High Range | IO_L6N_T0_VREF_15            | INPUT         | LVCMOS18*   |      15 |            |      |                     |                 NONE |         | UNFIXED    |           |          |      | NONE             |              |                   |              |
| M18        |                     | High Range | VCCO_15                      | VCCO          |             |      15 |            |      |                     |                      |    1.80 |            |           |          |      |                  |              |                   |              |
| M19        | img_flat_u8x25[99]  | High Range | IO_0_14                      | INPUT         | LVCMOS18*   |      14 |            |      |                     |                 NONE |         | UNFIXED    |           |          |      | NONE             |              |                   |              |
| M20        | img_flat_u8x25[84]  | High Range | IO_L8P_T1_D11_14             | INPUT         | LVCMOS18*   |      14 |            |      |                     |                 NONE |         | UNFIXED    |           |          |      | NONE             |              |                   |              |
| M21        | img_flat_u8x25[76]  | High Range | IO_L12P_T1_MRCC_14           | INPUT         | LVCMOS18*   |      14 |            |      |                     |                 NONE |         | UNFIXED    |           |          |      | NONE             |              |                   |              |
| M22        | img_flat_u8x25[75]  | High Range | IO_L12N_T1_MRCC_14           | INPUT         | LVCMOS18*   |      14 |            |      |                     |                 NONE |         | UNFIXED    |           |          |      | NONE             |              |                   |              |
| M23        |                     |            | GND                          | GND           |             |         |            |      |                     |                      |     0.0 |            |           |          |      |                  |              |                   |              |
| M24        | img_flat_u8x25[80]  | High Range | IO_L10P_T1_D14_14            | INPUT         | LVCMOS18*   |      14 |            |      |                     |                 NONE |         | UNFIXED    |           |          |      | NONE             |              |                   |              |
| M25        | img_flat_u8x25[79]  | High Range | IO_L10N_T1_D15_14            | INPUT         | LVCMOS18*   |      14 |            |      |                     |                 NONE |         | UNFIXED    |           |          |      | NONE             |              |                   |              |
| M26        | img_flat_u8x25[59]  | High Range | IO_L20N_T3_A07_D23_14        | INPUT         | LVCMOS18*   |      14 |            |      |                     |                 NONE |         | UNFIXED    |           |          |      | NONE             |              |                   |              |
| N1         | ker_flat_s8x9[56]   | High Range | IO_L9P_T1_DQS_34             | INPUT         | LVCMOS18*   |      34 |            |      |                     |                 NONE |         | UNFIXED    |           |          |      | NONE             |              |                   |              |
| N2         | ker_flat_s8x9[50]   | High Range | IO_L12N_T1_MRCC_34           | INPUT         | LVCMOS18*   |      34 |            |      |                     |                 NONE |         | UNFIXED    |           |          |      | NONE             |              |                   |              |
| N3         | ker_flat_s8x9[51]   | High Range | IO_L12P_T1_MRCC_34           | INPUT         | LVCMOS18*   |      34 |            |      |                     |                 NONE |         | UNFIXED    |           |          |      | NONE             |              |                   |              |
| N4         | out_flat_u8x4[21]   | High Range | IO_L14N_T2_SRCC_34           | OUTPUT        | LVCMOS18*   |      34 |         12 | SLOW |                     |            FP_VTT_50 |         | UNFIXED    |           |          |      | NONE             |              |                   |              |
| N5         |                     | High Range | VCCO_34                      | VCCO          |             |      34 |            |      |                     |                      |    1.80 |            |           |          |      |                  |              |                   |              |
| N6         | ker_flat_s8x9[63]   | High Range | IO_L5N_T0_34                 | INPUT         | LVCMOS18*   |      34 |            |      |                     |                 NONE |         | UNFIXED    |           |          |      | NONE             |              |                   |              |
| N7         | ker_flat_s8x9[64]   | High Range | IO_L5P_T0_34                 | INPUT         | LVCMOS18*   |      34 |            |      |                     |                 NONE |         | UNFIXED    |           |          |      | NONE             |              |                   |              |
| N8         | start               | High Range | IO_0_34                      | INPUT         | LVCMOS18*   |      34 |            |      |                     |                 NONE |         | UNFIXED    |           |          |      | NONE             |              |                   |              |
| N9         |                     |            | VCCAUX                       | VCCAUX        |             |         |            |      |                     |                      |    1.80 |            |           |          |      |                  |              |                   |              |
| N10        |                     |            | GND                          | GND           |             |         |            |      |                     |                      |     0.0 |            |           |          |      |                  |              |                   |              |
| N11        |                     | Dedicated  | VREFN_0                      | XADC          |             |       0 |            |      |                     |                      |         |            |           |          |      |                  |              |                   |              |
| N12        |                     | Dedicated  | VP_0                         | XADC          |             |       0 |            |      |                     |                      |         |            |           |          |      |                  |              |                   |              |
| N13        |                     |            | VCCBRAM                      | VCCBRAM       |             |         |            |      |                     |                      |         |            |           |          |      |                  |              |                   |              |
| N14        | img_flat_u8x25[95]  | High Range | IO_L2N_T0_D03_14             | INPUT         | LVCMOS18*   |      14 |            |      |                     |                 NONE |         | UNFIXED    |           |          |      | NONE             |              |                   |              |
| N15        |                     | High Range | VCCO_14                      | VCCO          |             |      14 |            |      |                     |                      |    1.80 |            |           |          |      |                  |              |                   |              |
| N16        | img_flat_u8x25[92]  | High Range | IO_L4P_T0_D04_14             | INPUT         | LVCMOS18*   |      14 |            |      |                     |                 NONE |         | UNFIXED    |           |          |      | NONE             |              |                   |              |
| N17        | img_flat_u8x25[91]  | High Range | IO_L4N_T0_D05_14             | INPUT         | LVCMOS18*   |      14 |            |      |                     |                 NONE |         | UNFIXED    |           |          |      | NONE             |              |                   |              |
| N18        | img_flat_u8x25[87]  | High Range | IO_L6N_T0_D08_VREF_14        | INPUT         | LVCMOS18*   |      14 |            |      |                     |                 NONE |         | UNFIXED    |           |          |      | NONE             |              |                   |              |
| N19        | img_flat_u8x25[67]  | High Range | IO_L16N_T2_A15_D31_14        | INPUT         | LVCMOS18*   |      14 |            |      |                     |                 NONE |         | UNFIXED    |           |          |      | NONE             |              |                   |              |
| N20        |                     |            | GND                          | GND           |             |         |            |      |                     |                      |     0.0 |            |           |          |      |                  |              |                   |              |
| N21        | img_flat_u8x25[74]  | High Range | IO_L13P_T2_MRCC_14           | INPUT         | LVCMOS18*   |      14 |            |      |                     |                 NONE |         | UNFIXED    |           |          |      | NONE             |              |                   |              |
| N22        | img_flat_u8x25[73]  | High Range | IO_L13N_T2_MRCC_14           | INPUT         | LVCMOS18*   |      14 |            |      |                     |                 NONE |         | UNFIXED    |           |          |      | NONE             |              |                   |              |
| N23        | img_flat_u8x25[70]  | High Range | IO_L15P_T2_DQS_RDWR_B_14     | INPUT         | LVCMOS18*   |      14 |            |      |                     |                 NONE |         | UNFIXED    |           |          |      | NONE             |              |                   |              |
| N24        | img_flat_u8x25[69]  | High Range | IO_L15N_T2_DQS_DOUT_CSO_B_14 | INPUT         | LVCMOS18*   |      14 |            |      |                     |                 NONE |         | UNFIXED    |           |          |      | NONE             |              |                   |              |
| N25        |                     | High Range | VCCO_14                      | VCCO          |             |      14 |            |      |                     |                      |    1.80 |            |           |          |      |                  |              |                   |              |
| N26        | img_flat_u8x25[60]  | High Range | IO_L20P_T3_A08_D24_14        | INPUT         | LVCMOS18*   |      14 |            |      |                     |                 NONE |         | UNFIXED    |           |          |      | NONE             |              |                   |              |
| P1         | out_flat_u8x4[19]   | High Range | IO_L15N_T2_DQS_34            | OUTPUT        | LVCMOS18*   |      34 |         12 | SLOW |                     |            FP_VTT_50 |         | UNFIXED    |           |          |      | NONE             |              |                   |              |
| P2         |                     | High Range | VCCO_34                      | VCCO          |             |      34 |            |      |                     |                      |    1.80 |            |           |          |      |                  |              |                   |              |
| P3         | out_flat_u8x4[23]   | High Range | IO_L13N_T2_MRCC_34           | OUTPUT        | LVCMOS18*   |      34 |         12 | SLOW |                     |            FP_VTT_50 |         | UNFIXED    |           |          |      | NONE             |              |                   |              |
| P4         | out_flat_u8x4[22]   | High Range | IO_L14P_T2_SRCC_34           | OUTPUT        | LVCMOS18*   |      34 |         12 | SLOW |                     |            FP_VTT_50 |         | UNFIXED    |           |          |      | NONE             |              |                   |              |
| P5         | out_flat_u8x4[11]   | High Range | IO_L19N_T3_VREF_34           | OUTPUT        | LVCMOS18*   |      34 |         12 | SLOW |                     |            FP_VTT_50 |         | UNFIXED    |           |          |      | NONE             |              |                   |              |
| P6         | out_flat_u8x4[12]   | High Range | IO_L19P_T3_34                | OUTPUT        | LVCMOS18*   |      34 |         12 | SLOW |                     |            FP_VTT_50 |         | UNFIXED    |           |          |      | NONE             |              |                   |              |
| P7         |                     |            | GND                          | GND           |             |         |            |      |                     |                      |     0.0 |            |           |          |      |                  |              |                   |              |
| P8         | out_flat_u8x4[5]    | High Range | IO_L22N_T3_34                | OUTPUT        | LVCMOS18*   |      34 |         12 | SLOW |                     |            FP_VTT_50 |         | UNFIXED    |           |          |      | NONE             |              |                   |              |
| P9         |                     |            | GND                          | GND           |             |         |            |      |                     |                      |     0.0 |            |           |          |      |                  |              |                   |              |
| P10        |                     |            | VCCINT                       | VCCINT        |             |         |            |      |                     |                      |         |            |           |          |      |                  |              |                   |              |
| P11        |                     | Dedicated  | VN_0                         | XADC          |             |       0 |            |      |                     |                      |         |            |           |          |      |                  |              |                   |              |
| P12        |                     | Dedicated  | VREFP_0                      | XADC          |             |       0 |            |      |                     |                      |         |            |           |          |      |                  |              |                   |              |
| P13        |                     |            | GND                          | GND           |             |         |            |      |                     |                      |     0.0 |            |           |          |      |                  |              |                   |              |
| P14        | img_flat_u8x25[96]  | High Range | IO_L2P_T0_D02_14             | INPUT         | LVCMOS18*   |      14 |            |      |                     |                 NONE |         | UNFIXED    |           |          |      | NONE             |              |                   |              |
| P15        | img_flat_u8x25[94]  | High Range | IO_L3P_T0_DQS_PUDC_B_14      | INPUT         | LVCMOS18*   |      14 |            |      |                     |                 NONE |         | UNFIXED    |           |          |      | NONE             |              |                   |              |
| P16        | img_flat_u8x25[93]  | High Range | IO_L3N_T0_DQS_EMCCLK_14      | INPUT         | LVCMOS18*   |      14 |            |      |                     |                 NONE |         | UNFIXED    |           |          |      | NONE             |              |                   |              |
| P17        |                     |            | GND                          | GND           |             |         |            |      |                     |                      |     0.0 |            |           |          |      |                  |              |                   |              |
| P18        | img_flat_u8x25[88]  | High Range | IO_L6P_T0_FCS_B_14           | INPUT         | LVCMOS18*   |      14 |            |      |                     |                 NONE |         | UNFIXED    |           |          |      | NONE             |              |                   |              |
| P19        | img_flat_u8x25[68]  | High Range | IO_L16P_T2_CSI_B_14          | INPUT         | LVCMOS18*   |      14 |            |      |                     |                 NONE |         | UNFIXED    |           |          |      | NONE             |              |                   |              |
| P20        | img_flat_u8x25[72]  | High Range | IO_L14P_T2_SRCC_14           | INPUT         | LVCMOS18*   |      14 |            |      |                     |                 NONE |         | UNFIXED    |           |          |      | NONE             |              |                   |              |
| P21        | img_flat_u8x25[71]  | High Range | IO_L14N_T2_SRCC_14           | INPUT         | LVCMOS18*   |      14 |            |      |                     |                 NONE |         | UNFIXED    |           |          |      | NONE             |              |                   |              |
| P22        |                     | High Range | VCCO_14                      | VCCO          |             |      14 |            |      |                     |                      |    1.80 |            |           |          |      |                  |              |                   |              |
| P23        | img_flat_u8x25[66]  | High Range | IO_L17P_T2_A14_D30_14        | INPUT         | LVCMOS18*   |      14 |            |      |                     |                 NONE |         | UNFIXED    |           |          |      | NONE             |              |                   |              |
| P24        | img_flat_u8x25[65]  | High Range | IO_L17N_T2_A13_D29_14        | INPUT         | LVCMOS18*   |      14 |            |      |                     |                 NONE |         | UNFIXED    |           |          |      | NONE             |              |                   |              |
| P25        | img_flat_u8x25[61]  | High Range | IO_L19N_T3_A09_D25_VREF_14   | INPUT         | LVCMOS18*   |      14 |            |      |                     |                 NONE |         | UNFIXED    |           |          |      | NONE             |              |                   |              |
| P26        | img_flat_u8x25[55]  | High Range | IO_L22N_T3_A04_D20_14        | INPUT         | LVCMOS18*   |      14 |            |      |                     |                 NONE |         | UNFIXED    |           |          |      | NONE             |              |                   |              |
| R1         | out_flat_u8x4[20]   | High Range | IO_L15P_T2_DQS_34            | OUTPUT        | LVCMOS18*   |      34 |         12 | SLOW |                     |            FP_VTT_50 |         | UNFIXED    |           |          |      | NONE             |              |                   |              |
| R2         | out_flat_u8x4[15]   | High Range | IO_L17N_T2_34                | OUTPUT        | LVCMOS18*   |      34 |         12 | SLOW |                     |            FP_VTT_50 |         | UNFIXED    |           |          |      | NONE             |              |                   |              |
| R3         | out_flat_u8x4[24]   | High Range | IO_L13P_T2_MRCC_34           | OUTPUT        | LVCMOS18*   |      34 |         12 | SLOW |                     |            FP_VTT_50 |         | UNFIXED    |           |          |      | NONE             |              |                   |              |
| R4         |                     |            | GND                          | GND           |             |         |            |      |                     |                      |     0.0 |            |           |          |      |                  |              |                   |              |
| R5         | out_flat_u8x4[9]    | High Range | IO_L20N_T3_34                | OUTPUT        | LVCMOS18*   |      34 |         12 | SLOW |                     |            FP_VTT_50 |         | UNFIXED    |           |          |      | NONE             |              |                   |              |
| R6         | out_flat_u8x4[3]    | High Range | IO_L23N_T3_34                | OUTPUT        | LVCMOS18*   |      34 |         12 | SLOW |                     |            FP_VTT_50 |         | UNFIXED    |           |          |      | NONE             |              |                   |              |
| R7         | out_flat_u8x4[4]    | High Range | IO_L23P_T3_34                | OUTPUT        | LVCMOS18*   |      34 |         12 | SLOW |                     |            FP_VTT_50 |         | UNFIXED    |           |          |      | NONE             |              |                   |              |
| R8         | out_flat_u8x4[6]    | High Range | IO_L22P_T3_34                | OUTPUT        | LVCMOS18*   |      34 |         12 | SLOW |                     |            FP_VTT_50 |         | UNFIXED    |           |          |      | NONE             |              |                   |              |
| R9         |                     |            | VCCAUX                       | VCCAUX        |             |         |            |      |                     |                      |    1.80 |            |           |          |      |                  |              |                   |              |
| R10        |                     |            | GND                          | GND           |             |         |            |      |                     |                      |     0.0 |            |           |          |      |                  |              |                   |              |
| R11        |                     | Dedicated  | DXN_0                        | Temp Sensor   |             |       0 |            |      |                     |                      |         |            |           |          |      |                  |              |                   |              |
| R12        |                     | Dedicated  | DXP_0                        | Temp Sensor   |             |       0 |            |      |                     |                      |         |            |           |          |      |                  |              |                   |              |
| R13        |                     |            | VCCBRAM                      | VCCBRAM       |             |         |            |      |                     |                      |         |            |           |          |      |                  |              |                   |              |
| R14        | img_flat_u8x25[98]  | High Range | IO_L1P_T0_D00_MOSI_14        | INPUT         | LVCMOS18*   |      14 |            |      |                     |                 NONE |         | UNFIXED    |           |          |      | NONE             |              |                   |              |
| R15        | img_flat_u8x25[97]  | High Range | IO_L1N_T0_D01_DIN_14         | INPUT         | LVCMOS18*   |      14 |            |      |                     |                 NONE |         | UNFIXED    |           |          |      | NONE             |              |                   |              |
| R16        | img_flat_u8x25[90]  | High Range | IO_L5P_T0_D06_14             | INPUT         | LVCMOS18*   |      14 |            |      |                     |                 NONE |         | UNFIXED    |           |          |      | NONE             |              |                   |              |
| R17        | img_flat_u8x25[89]  | High Range | IO_L5N_T0_D07_14             | INPUT         | LVCMOS18*   |      14 |            |      |                     |                 NONE |         | UNFIXED    |           |          |      | NONE             |              |                   |              |
| R18        | img_flat_u8x25[50]  | High Range | IO_25_14                     | INPUT         | LVCMOS18*   |      14 |            |      |                     |                 NONE |         | UNFIXED    |           |          |      | NONE             |              |                   |              |
| R19        |                     | High Range | VCCO_14                      | VCCO          |             |      14 |            |      |                     |                      |    1.80 |            |           |          |      |                  |              |                   |              |
| R20        | img_flat_u8x25[64]  | High Range | IO_L18P_T2_A12_D28_14        | INPUT         | LVCMOS18*   |      14 |            |      |                     |                 NONE |         | UNFIXED    |           |          |      | NONE             |              |                   |              |
| R21        | img_flat_u8x25[63]  | High Range | IO_L18N_T2_A11_D27_14        | INPUT         | LVCMOS18*   |      14 |            |      |                     |                 NONE |         | UNFIXED    |           |          |      | NONE             |              |                   |              |
| R22        | img_flat_u8x25[53]  | High Range | IO_L23N_T3_A02_D18_14        | INPUT         | LVCMOS18*   |      14 |            |      |                     |                 NONE |         | UNFIXED    |           |          |      | NONE             |              |                   |              |
| R23        | img_flat_u8x25[51]  | High Range | IO_L24N_T3_A00_D16_14        | INPUT         | LVCMOS18*   |      14 |            |      |                     |                 NONE |         | UNFIXED    |           |          |      | NONE             |              |                   |              |
| R24        |                     |            | GND                          | GND           |             |         |            |      |                     |                      |     0.0 |            |           |          |      |                  |              |                   |              |
| R25        | img_flat_u8x25[62]  | High Range | IO_L19P_T3_A10_D26_14        | INPUT         | LVCMOS18*   |      14 |            |      |                     |                 NONE |         | UNFIXED    |           |          |      | NONE             |              |                   |              |
| R26        | img_flat_u8x25[56]  | High Range | IO_L22P_T3_A05_D21_14        | INPUT         | LVCMOS18*   |      14 |            |      |                     |                 NONE |         | UNFIXED    |           |          |      | NONE             |              |                   |              |
| T1         |                     |            | GND                          | GND           |             |         |            |      |                     |                      |     0.0 |            |           |          |      |                  |              |                   |              |
| T2         | out_flat_u8x4[16]   | High Range | IO_L17P_T2_34                | OUTPUT        | LVCMOS18*   |      34 |         12 | SLOW |                     |            FP_VTT_50 |         | UNFIXED    |           |          |      | NONE             |              |                   |              |
| T3         | out_flat_u8x4[17]   | High Range | IO_L16N_T2_34                | OUTPUT        | LVCMOS18*   |      34 |         12 | SLOW |                     |            FP_VTT_50 |         | UNFIXED    |           |          |      | NONE             |              |                   |              |
| T4         | out_flat_u8x4[18]   | High Range | IO_L16P_T2_34                | OUTPUT        | LVCMOS18*   |      34 |         12 | SLOW |                     |            FP_VTT_50 |         | UNFIXED    |           |          |      | NONE             |              |                   |              |
| T5         | out_flat_u8x4[10]   | High Range | IO_L20P_T3_34                | OUTPUT        | LVCMOS18*   |      34 |         12 | SLOW |                     |            FP_VTT_50 |         | UNFIXED    |           |          |      | NONE             |              |                   |              |
| T6         |                     | High Range | VCCO_34                      | VCCO          |             |      34 |            |      |                     |                      |    1.80 |            |           |          |      |                  |              |                   |              |
| T7         | out_flat_u8x4[1]    | High Range | IO_L24N_T3_34                | OUTPUT        | LVCMOS18*   |      34 |         12 | SLOW |                     |            FP_VTT_50 |         | UNFIXED    |           |          |      | NONE             |              |                   |              |
| T8         | out_flat_u8x4[2]    | High Range | IO_L24P_T3_34                | OUTPUT        | LVCMOS18*   |      34 |         12 | SLOW |                     |            FP_VTT_50 |         | UNFIXED    |           |          |      | NONE             |              |                   |              |
| T9         |                     |            | GND                          | GND           |             |         |            |      |                     |                      |     0.0 |            |           |          |      |                  |              |                   |              |
| T10        |                     |            | VCCINT                       | VCCINT        |             |         |            |      |                     |                      |         |            |           |          |      |                  |              |                   |              |
| T11        |                     |            | GND                          | GND           |             |         |            |      |                     |                      |     0.0 |            |           |          |      |                  |              |                   |              |
| T12        |                     |            | VCCINT                       | VCCINT        |             |         |            |      |                     |                      |         |            |           |          |      |                  |              |                   |              |
| T13        |                     |            | GND                          | GND           |             |         |            |      |                     |                      |     0.0 |            |           |          |      |                  |              |                   |              |
| T14        | img_flat_u8x25[10]  | High Range | IO_L20P_T3_13                | INPUT         | LVCMOS18*   |      13 |            |      |                     |                 NONE |         | UNFIXED    |           |          |      | NONE             |              |                   |              |
| T15        | img_flat_u8x25[9]   | High Range | IO_L20N_T3_13                | INPUT         | LVCMOS18*   |      13 |            |      |                     |                 NONE |         | UNFIXED    |           |          |      | NONE             |              |                   |              |
| T16        |                     | High Range | VCCO_13                      | VCCO          |             |      13 |            |      |                     |                      |    1.80 |            |           |          |      |                  |              |                   |              |
| T17        | img_flat_u8x25[8]   | High Range | IO_L21P_T3_DQS_13            | INPUT         | LVCMOS18*   |      13 |            |      |                     |                 NONE |         | UNFIXED    |           |          |      | NONE             |              |                   |              |
| T18        | img_flat_u8x25[7]   | High Range | IO_L21N_T3_DQS_13            | INPUT         | LVCMOS18*   |      13 |            |      |                     |                 NONE |         | UNFIXED    |           |          |      | NONE             |              |                   |              |
| T19        | img_flat_u8x25[16]  | High Range | IO_L17P_T2_13                | INPUT         | LVCMOS18*   |      13 |            |      |                     |                 NONE |         | UNFIXED    |           |          |      | NONE             |              |                   |              |
| T20        | img_flat_u8x25[20]  | High Range | IO_L15P_T2_DQS_13            | INPUT         | LVCMOS18*   |      13 |            |      |                     |                 NONE |         | UNFIXED    |           |          |      | NONE             |              |                   |              |
| T21        |                     |            | GND                          | GND           |             |         |            |      |                     |                      |     0.0 |            |           |          |      |                  |              |                   |              |
| T22        | img_flat_u8x25[54]  | High Range | IO_L23P_T3_A03_D19_14        | INPUT         | LVCMOS18*   |      14 |            |      |                     |                 NONE |         | UNFIXED    |           |          |      | NONE             |              |                   |              |
| T23        | img_flat_u8x25[52]  | High Range | IO_L24P_T3_A01_D17_14        | INPUT         | LVCMOS18*   |      14 |            |      |                     |                 NONE |         | UNFIXED    |           |          |      | NONE             |              |                   |              |
| T24        | img_flat_u8x25[58]  | High Range | IO_L21P_T3_DQS_14            | INPUT         | LVCMOS18*   |      14 |            |      |                     |                 NONE |         | UNFIXED    |           |          |      | NONE             |              |                   |              |
| T25        | img_flat_u8x25[57]  | High Range | IO_L21N_T3_DQS_A06_D22_14    | INPUT         | LVCMOS18*   |      14 |            |      |                     |                 NONE |         | UNFIXED    |           |          |      | NONE             |              |                   |              |
| T26        |                     | High Range | VCCO_13                      | VCCO          |             |      13 |            |      |                     |                      |    1.80 |            |           |          |      |                  |              |                   |              |
| U1         | out_flat_u8x4[13]   | High Range | IO_L18N_T2_34                | OUTPUT        | LVCMOS18*   |      34 |         12 | SLOW |                     |            FP_VTT_50 |         | UNFIXED    |           |          |      | NONE             |              |                   |              |
| U2         | out_flat_u8x4[14]   | High Range | IO_L18P_T2_34                | OUTPUT        | LVCMOS18*   |      34 |         12 | SLOW |                     |            FP_VTT_50 |         | UNFIXED    |           |          |      | NONE             |              |                   |              |
| U3         |                     | High Range | VCCO_33                      | VCCO          |             |      33 |            |      |                     |                      |    1.80 |            |           |          |      |                  |              |                   |              |
| U4         | out_flat_u8x4[0]    | High Range | IO_25_34                     | OUTPUT        | LVCMOS18*   |      34 |         12 | SLOW |                     |            FP_VTT_50 |         | UNFIXED    |           |          |      | NONE             |              |                   |              |
| U5         | out_flat_u8x4[7]    | High Range | IO_L21N_T3_DQS_34            | OUTPUT        | LVCMOS18*   |      34 |         12 | SLOW |                     |            FP_VTT_50 |         | UNFIXED    |           |          |      | NONE             |              |                   |              |
| U6         | out_flat_u8x4[8]    | High Range | IO_L21P_T3_DQS_34            | OUTPUT        | LVCMOS18*   |      34 |         12 | SLOW |                     |            FP_VTT_50 |         | UNFIXED    |           |          |      | NONE             |              |                   |              |
| U7         | ker_flat_s8x9[38]   | High Range | IO_L6P_T0_33                 | INPUT         | LVCMOS18*   |      33 |            |      |                     |                 NONE |         | UNFIXED    |           |          |      | NONE             |              |                   |              |
| U8         |                     |            | GND                          | GND           |             |         |            |      |                     |                      |     0.0 |            |           |          |      |                  |              |                   |              |
| U9         |                     |            | VCCAUX                       | VCCAUX        |             |         |            |      |                     |                      |    1.80 |            |           |          |      |                  |              |                   |              |
| U10        |                     |            | GND                          | GND           |             |         |            |      |                     |                      |     0.0 |            |           |          |      |                  |              |                   |              |
| U11        |                     |            | VCCINT                       | VCCINT        |             |         |            |      |                     |                      |         |            |           |          |      |                  |              |                   |              |
| U12        |                     |            | GND                          | GND           |             |         |            |      |                     |                      |     0.0 |            |           |          |      |                  |              |                   |              |
| U13        |                     |            | VCCBRAM                      | VCCBRAM       |             |         |            |      |                     |                      |         |            |           |          |      |                  |              |                   |              |
| U14        | img_flat_u8x25[4]   | High Range | IO_L23P_T3_13                | INPUT         | LVCMOS18*   |      13 |            |      |                     |                 NONE |         | UNFIXED    |           |          |      | NONE             |              |                   |              |
| U15        | img_flat_u8x25[6]   | High Range | IO_L22P_T3_13                | INPUT         | LVCMOS18*   |      13 |            |      |                     |                 NONE |         | UNFIXED    |           |          |      | NONE             |              |                   |              |
| U16        | img_flat_u8x25[5]   | High Range | IO_L22N_T3_13                | INPUT         | LVCMOS18*   |      13 |            |      |                     |                 NONE |         | UNFIXED    |           |          |      | NONE             |              |                   |              |
| U17        | img_flat_u8x25[0]   | High Range | IO_25_13                     | INPUT         | LVCMOS18*   |      13 |            |      |                     |                 NONE |         | UNFIXED    |           |          |      | NONE             |              |                   |              |
| U18        |                     |            | GND                          | GND           |             |         |            |      |                     |                      |     0.0 |            |           |          |      |                  |              |                   |              |
| U19        | img_flat_u8x25[15]  | High Range | IO_L17N_T2_13                | INPUT         | LVCMOS18*   |      13 |            |      |                     |                 NONE |         | UNFIXED    |           |          |      | NONE             |              |                   |              |
| U20        | img_flat_u8x25[19]  | High Range | IO_L15N_T2_DQS_13            | INPUT         | LVCMOS18*   |      13 |            |      |                     |                 NONE |         | UNFIXED    |           |          |      | NONE             |              |                   |              |
| U21        | img_flat_u8x25[24]  | High Range | IO_L13P_T2_MRCC_13           | INPUT         | LVCMOS18*   |      13 |            |      |                     |                 NONE |         | UNFIXED    |           |          |      | NONE             |              |                   |              |
| U22        | img_flat_u8x25[26]  | High Range | IO_L12P_T1_MRCC_13           | INPUT         | LVCMOS18*   |      13 |            |      |                     |                 NONE |         | UNFIXED    |           |          |      | NONE             |              |                   |              |
| U23        |                     | High Range | VCCO_13                      | VCCO          |             |      13 |            |      |                     |                      |    1.80 |            |           |          |      |                  |              |                   |              |
| U24        | img_flat_u8x25[49]  | High Range | IO_0_13                      | INPUT         | LVCMOS18*   |      13 |            |      |                     |                 NONE |         | UNFIXED    |           |          |      | NONE             |              |                   |              |
| U25        | img_flat_u8x25[48]  | High Range | IO_L1P_T0_13                 | INPUT         | LVCMOS18*   |      13 |            |      |                     |                 NONE |         | UNFIXED    |           |          |      | NONE             |              |                   |              |
| U26        | img_flat_u8x25[47]  | High Range | IO_L1N_T0_13                 | INPUT         | LVCMOS18*   |      13 |            |      |                     |                 NONE |         | UNFIXED    |           |          |      | NONE             |              |                   |              |
| V1         | ker_flat_s8x9[48]   | High Range | IO_L1P_T0_33                 | INPUT         | LVCMOS18*   |      33 |            |      |                     |                 NONE |         | UNFIXED    |           |          |      | NONE             |              |                   |              |
| V2         | ker_flat_s8x9[43]   | High Range | IO_L3N_T0_DQS_33             | INPUT         | LVCMOS18*   |      33 |            |      |                     |                 NONE |         | UNFIXED    |           |          |      | NONE             |              |                   |              |
| V3         | ker_flat_s8x9[44]   | High Range | IO_L3P_T0_DQS_33             | INPUT         | LVCMOS18*   |      33 |            |      |                     |                 NONE |         | UNFIXED    |           |          |      | NONE             |              |                   |              |
| V4         | ker_flat_s8x9[49]   | High Range | IO_0_33                      | INPUT         | LVCMOS18*   |      33 |            |      |                     |                 NONE |         | UNFIXED    |           |          |      | NONE             |              |                   |              |
| V5         |                     |            | GND                          | GND           |             |         |            |      |                     |                      |     0.0 |            |           |          |      |                  |              |                   |              |
| V6         | ker_flat_s8x9[42]   | High Range | IO_L4P_T0_33                 | INPUT         | LVCMOS18*   |      33 |            |      |                     |                 NONE |         | UNFIXED    |           |          |      | NONE             |              |                   |              |
| V7         | ker_flat_s8x9[37]   | High Range | IO_L6N_T0_VREF_33            | INPUT         | LVCMOS18*   |      33 |            |      |                     |                 NONE |         | UNFIXED    |           |          |      | NONE             |              |                   |              |
| V8         | ker_flat_s8x9[8]    | High Range | IO_L21P_T3_DQS_33            | INPUT         | LVCMOS18*   |      33 |            |      |                     |                 NONE |         | UNFIXED    |           |          |      | NONE             |              |                   |              |
| V9         | ker_flat_s8x9[0]    | High Range | IO_25_33                     | INPUT         | LVCMOS18*   |      33 |            |      |                     |                 NONE |         | UNFIXED    |           |          |      | NONE             |              |                   |              |
| V10        |                     |            | VCCINT                       | VCCINT        |             |         |            |      |                     |                      |         |            |           |          |      |                  |              |                   |              |
| V11        |                     | Dedicated  | INIT_B_0                     | Config        |             |       0 |            |      |                     |                      |         |            |           |          |      |                  |              |                   |              |
| V12        |                     |            | VCCINT                       | VCCINT        |             |         |            |      |                     |                      |         |            |           |          |      |                  |              |                   |              |
| V13        |                     |            | GND                          | GND           |             |         |            |      |                     |                      |     0.0 |            |           |          |      |                  |              |                   |              |
| V14        | img_flat_u8x25[3]   | High Range | IO_L23N_T3_13                | INPUT         | LVCMOS18*   |      13 |            |      |                     |                 NONE |         | UNFIXED    |           |          |      | NONE             |              |                   |              |
| V15        |                     |            | GND                          | GND           |             |         |            |      |                     |                      |     0.0 |            |           |          |      |                  |              |                   |              |
| V16        | img_flat_u8x25[2]   | High Range | IO_L24P_T3_13                | INPUT         | LVCMOS18*   |      13 |            |      |                     |                 NONE |         | UNFIXED    |           |          |      | NONE             |              |                   |              |
| V17        | img_flat_u8x25[1]   | High Range | IO_L24N_T3_13                | INPUT         | LVCMOS18*   |      13 |            |      |                     |                 NONE |         | UNFIXED    |           |          |      | NONE             |              |                   |              |
| V18        | img_flat_u8x25[12]  | High Range | IO_L19P_T3_13                | INPUT         | LVCMOS18*   |      13 |            |      |                     |                 NONE |         | UNFIXED    |           |          |      | NONE             |              |                   |              |
| V19        | img_flat_u8x25[14]  | High Range | IO_L18P_T2_13                | INPUT         | LVCMOS18*   |      13 |            |      |                     |                 NONE |         | UNFIXED    |           |          |      | NONE             |              |                   |              |
| V20        |                     | High Range | VCCO_13                      | VCCO          |             |      13 |            |      |                     |                      |    1.80 |            |           |          |      |                  |              |                   |              |
| V21        | img_flat_u8x25[23]  | High Range | IO_L13N_T2_MRCC_13           | INPUT         | LVCMOS18*   |      13 |            |      |                     |                 NONE |         | UNFIXED    |           |          |      | NONE             |              |                   |              |
| V22        | img_flat_u8x25[25]  | High Range | IO_L12N_T1_MRCC_13           | INPUT         | LVCMOS18*   |      13 |            |      |                     |                 NONE |         | UNFIXED    |           |          |      | NONE             |              |                   |              |
| V23        | img_flat_u8x25[30]  | High Range | IO_L10P_T1_13                | INPUT         | LVCMOS18*   |      13 |            |      |                     |                 NONE |         | UNFIXED    |           |          |      | NONE             |              |                   |              |
| V24        | img_flat_u8x25[38]  | High Range | IO_L6P_T0_13                 | INPUT         | LVCMOS18*   |      13 |            |      |                     |                 NONE |         | UNFIXED    |           |          |      | NONE             |              |                   |              |
| V25        |                     |            | GND                          | GND           |             |         |            |      |                     |                      |     0.0 |            |           |          |      |                  |              |                   |              |
| V26        | img_flat_u8x25[46]  | High Range | IO_L2P_T0_13                 | INPUT         | LVCMOS18*   |      13 |            |      |                     |                 NONE |         | UNFIXED    |           |          |      | NONE             |              |                   |              |
| W1         | ker_flat_s8x9[47]   | High Range | IO_L1N_T0_33                 | INPUT         | LVCMOS18*   |      33 |            |      |                     |                 NONE |         | UNFIXED    |           |          |      | NONE             |              |                   |              |
| W2         |                     |            | GND                          | GND           |             |         |            |      |                     |                      |     0.0 |            |           |          |      |                  |              |                   |              |
| W3         | ker_flat_s8x9[40]   | High Range | IO_L5P_T0_33                 | INPUT         | LVCMOS18*   |      33 |            |      |                     |                 NONE |         | UNFIXED    |           |          |      | NONE             |              |                   |              |
| W4         | ker_flat_s8x9[45]   | High Range | IO_L2N_T0_33                 | INPUT         | LVCMOS18*   |      33 |            |      |                     |                 NONE |         | UNFIXED    |           |          |      | NONE             |              |                   |              |
| W5         | ker_flat_s8x9[46]   | High Range | IO_L2P_T0_33                 | INPUT         | LVCMOS18*   |      33 |            |      |                     |                 NONE |         | UNFIXED    |           |          |      | NONE             |              |                   |              |
| W6         | ker_flat_s8x9[41]   | High Range | IO_L4N_T0_33                 | INPUT         | LVCMOS18*   |      33 |            |      |                     |                 NONE |         | UNFIXED    |           |          |      | NONE             |              |                   |              |
| W7         |                     | High Range | VCCO_33                      | VCCO          |             |      33 |            |      |                     |                      |    1.80 |            |           |          |      |                  |              |                   |              |
| W8         | ker_flat_s8x9[7]    | High Range | IO_L21N_T3_DQS_33            | INPUT         | LVCMOS18*   |      33 |            |      |                     |                 NONE |         | UNFIXED    |           |          |      | NONE             |              |                   |              |
| W9         |                     | Dedicated  | M2_0                         | Config        |             |       0 |            |      |                     |                      |         |            |           |          |      |                  |              |                   |              |
| W10        |                     | Dedicated  | DONE_0                       | Config        |             |       0 |            |      |                     |                      |         |            |           |          |      |                  |              |                   |              |
| W11        |                     | Dedicated  | VCCO_0                       | VCCO          |             |       0 |            |      |                     |                      |   any** |            |           |          |      |                  |              |                   |              |
| W12        |                     |            | GND                          | GND           |             |         |            |      |                     |                      |     0.0 |            |           |          |      |                  |              |                   |              |
| W13        |                     |            | VCCBRAM                      | VCCBRAM       |             |         |            |      |                     |                      |         |            |           |          |      |                  |              |                   |              |
| W14        |                     | High Range | IO_L24P_T3_12                | User IO       |             |      12 |            |      |                     |                      |         |            |           |          |      |                  |              |                   |              |
| W15        |                     | High Range | IO_L24N_T3_12                | User IO       |             |      12 |            |      |                     |                      |         |            |           |          |      |                  |              |                   |              |
| W16        |                     | High Range | IO_25_12                     | User IO       |             |      12 |            |      |                     |                      |         |            |           |          |      |                  |              |                   |              |
| W17        |                     | High Range | VCCO_12                      | VCCO          |             |      12 |            |      |                     |                      |   any** |            |           |          |      |                  |              |                   |              |
| W18        | img_flat_u8x25[11]  | High Range | IO_L19N_T3_VREF_13           | INPUT         | LVCMOS18*   |      13 |            |      |                     |                 NONE |         | UNFIXED    |           |          |      | NONE             |              |                   |              |
| W19        | img_flat_u8x25[13]  | High Range | IO_L18N_T2_13                | INPUT         | LVCMOS18*   |      13 |            |      |                     |                 NONE |         | UNFIXED    |           |          |      | NONE             |              |                   |              |
| W20        | img_flat_u8x25[18]  | High Range | IO_L16P_T2_13                | INPUT         | LVCMOS18*   |      13 |            |      |                     |                 NONE |         | UNFIXED    |           |          |      | NONE             |              |                   |              |
| W21        | img_flat_u8x25[22]  | High Range | IO_L14P_T2_SRCC_13           | INPUT         | LVCMOS18*   |      13 |            |      |                     |                 NONE |         | UNFIXED    |           |          |      | NONE             |              |                   |              |
| W22        |                     |            | GND                          | GND           |             |         |            |      |                     |                      |     0.0 |            |           |          |      |                  |              |                   |              |
| W23        | img_flat_u8x25[29]  | High Range | IO_L10N_T1_13                | INPUT         | LVCMOS18*   |      13 |            |      |                     |                 NONE |         | UNFIXED    |           |          |      | NONE             |              |                   |              |
| W24        | img_flat_u8x25[37]  | High Range | IO_L6N_T0_VREF_13            | INPUT         | LVCMOS18*   |      13 |            |      |                     |                 NONE |         | UNFIXED    |           |          |      | NONE             |              |                   |              |
| W25        | img_flat_u8x25[42]  | High Range | IO_L4P_T0_13                 | INPUT         | LVCMOS18*   |      13 |            |      |                     |                 NONE |         | UNFIXED    |           |          |      | NONE             |              |                   |              |
| W26        | img_flat_u8x25[45]  | High Range | IO_L2N_T0_13                 | INPUT         | LVCMOS18*   |      13 |            |      |                     |                 NONE |         | UNFIXED    |           |          |      | NONE             |              |                   |              |
| Y1         | ker_flat_s8x9[33]   | High Range | IO_L8N_T1_33                 | INPUT         | LVCMOS18*   |      33 |            |      |                     |                 NONE |         | UNFIXED    |           |          |      | NONE             |              |                   |              |
| Y2         | ker_flat_s8x9[34]   | High Range | IO_L8P_T1_33                 | INPUT         | LVCMOS18*   |      33 |            |      |                     |                 NONE |         | UNFIXED    |           |          |      | NONE             |              |                   |              |
| Y3         | ker_flat_s8x9[39]   | High Range | IO_L5N_T0_33                 | INPUT         | LVCMOS18*   |      33 |            |      |                     |                 NONE |         | UNFIXED    |           |          |      | NONE             |              |                   |              |
| Y4         |                     | High Range | VCCO_33                      | VCCO          |             |      33 |            |      |                     |                      |    1.80 |            |           |          |      |                  |              |                   |              |
| Y5         | ker_flat_s8x9[9]    | High Range | IO_L20N_T3_33                | INPUT         | LVCMOS18*   |      33 |            |      |                     |                 NONE |         | UNFIXED    |           |          |      | NONE             |              |                   |              |
| Y6         | ker_flat_s8x9[10]   | High Range | IO_L20P_T3_33                | INPUT         | LVCMOS18*   |      33 |            |      |                     |                 NONE |         | UNFIXED    |           |          |      | NONE             |              |                   |              |
| Y7         | ker_flat_s8x9[12]   | High Range | IO_L19P_T3_33                | INPUT         | LVCMOS18*   |      33 |            |      |                     |                 NONE |         | UNFIXED    |           |          |      | NONE             |              |                   |              |
| Y8         | ker_flat_s8x9[4]    | High Range | IO_L23P_T3_33                | INPUT         | LVCMOS18*   |      33 |            |      |                     |                 NONE |         | UNFIXED    |           |          |      | NONE             |              |                   |              |
| Y9         |                     | Dedicated  | M1_0                         | Config        |             |       0 |            |      |                     |                      |         |            |           |          |      |                  |              |                   |              |
| Y10        |                     |            | GND                          | GND           |             |         |            |      |                     |                      |     0.0 |            |           |          |      |                  |              |                   |              |
| Y11        |                     |            | GND                          | GND           |             |         |            |      |                     |                      |     0.0 |            |           |          |      |                  |              |                   |              |
| Y12        |                     |            | GND                          | GND           |             |         |            |      |                     |                      |     0.0 |            |           |          |      |                  |              |                   |              |
| Y13        |                     |            | GND                          | GND           |             |         |            |      |                     |                      |     0.0 |            |           |          |      |                  |              |                   |              |
| Y14        |                     | Dedicated  | VCCO_0                       | VCCO          |             |       0 |            |      |                     |                      |   any** |            |           |          |      |                  |              |                   |              |
| Y15        |                     | High Range | IO_L23P_T3_12                | User IO       |             |      12 |            |      |                     |                      |         |            |           |          |      |                  |              |                   |              |
| Y16        |                     | High Range | IO_L21P_T3_DQS_12            | User IO       |             |      12 |            |      |                     |                      |         |            |           |          |      |                  |              |                   |              |
| Y17        |                     | High Range | IO_L21N_T3_DQS_12            | User IO       |             |      12 |            |      |                     |                      |         |            |           |          |      |                  |              |                   |              |
| Y18        |                     | High Range | IO_L17P_T2_12                | User IO       |             |      12 |            |      |                     |                      |         |            |           |          |      |                  |              |                   |              |
| Y19        |                     |            | GND                          | GND           |             |         |            |      |                     |                      |     0.0 |            |           |          |      |                  |              |                   |              |
| Y20        | img_flat_u8x25[17]  | High Range | IO_L16N_T2_13                | INPUT         | LVCMOS18*   |      13 |            |      |                     |                 NONE |         | UNFIXED    |           |          |      | NONE             |              |                   |              |
| Y21        | img_flat_u8x25[21]  | High Range | IO_L14N_T2_SRCC_13           | INPUT         | LVCMOS18*   |      13 |            |      |                     |                 NONE |         | UNFIXED    |           |          |      | NONE             |              |                   |              |
| Y22        | img_flat_u8x25[28]  | High Range | IO_L11P_T1_SRCC_13           | INPUT         | LVCMOS18*   |      13 |            |      |                     |                 NONE |         | UNFIXED    |           |          |      | NONE             |              |                   |              |
| Y23        | img_flat_u8x25[27]  | High Range | IO_L11N_T1_SRCC_13           | INPUT         | LVCMOS18*   |      13 |            |      |                     |                 NONE |         | UNFIXED    |           |          |      | NONE             |              |                   |              |
| Y24        |                     | High Range | VCCO_13                      | VCCO          |             |      13 |            |      |                     |                      |    1.80 |            |           |          |      |                  |              |                   |              |
| Y25        | img_flat_u8x25[40]  | High Range | IO_L5P_T0_13                 | INPUT         | LVCMOS18*   |      13 |            |      |                     |                 NONE |         | UNFIXED    |           |          |      | NONE             |              |                   |              |
| Y26        | img_flat_u8x25[41]  | High Range | IO_L4N_T0_13                 | INPUT         | LVCMOS18*   |      13 |            |      |                     |                 NONE |         | UNFIXED    |           |          |      | NONE             |              |                   |              |
+------------+---------------------+------------+------------------------------+---------------+-------------+---------+------------+------+---------------------+----------------------+---------+------------+-----------+----------+------+------------------+--------------+-------------------+--------------+
* Default value
** Special VCCO requirements may apply. Please consult the device family datasheet for specific guideline on VCCO requirements.


