#! /c/Source/iverilog-install/bin/vvp
:ivl_version "12.0 (devel)" "(s20150603-1539-g2693dd32b)";
:ivl_delay_selection "TYPICAL";
:vpi_time_precision - 12;
:vpi_module "C:\iverilog\lib\ivl\system.vpi";
:vpi_module "C:\iverilog\lib\ivl\vhdl_sys.vpi";
:vpi_module "C:\iverilog\lib\ivl\vhdl_textio.vpi";
:vpi_module "C:\iverilog\lib\ivl\v2005_math.vpi";
:vpi_module "C:\iverilog\lib\ivl\va_math.vpi";
:vpi_module "C:\iverilog\lib\ivl\v2009.vpi";
S_000002363f962360 .scope package, "$unit" "$unit" 2 1;
 .timescale 0 0;
S_000002363f9624f0 .scope module, "tb_alu" "tb_alu" 3 3;
 .timescale -9 -12;
v000002363f9d3ec0_0 .var "alu_control", 3 0;
v000002363f9d4f00_0 .net "alu_result", 31 0, L_000002363fa48230;  1 drivers
v000002363f9d3e20_0 .var "alu_src1", 31 0;
v000002363f9d5e00_0 .var "alu_src2", 31 0;
v000002363f9d4fa0_0 .var/i "errors", 31 0;
S_000002363f96fb10 .scope task, "run_case" "run_case" 3 17, 3 17 0, S_000002363f9624f0;
 .timescale -9 -12;
v000002363f951d30_0 .var "expected", 31 0;
v000002363f951dd0_0 .var "name", 255 0;
v000002363f953450_0 .var "op", 3 0;
v000002363f951e70_0 .var "src1", 31 0;
v000002363f9534f0_0 .var "src2", 31 0;
TD_tb_alu.run_case ;
    %load/vec4 v000002363f953450_0;
    %store/vec4 v000002363f9d3ec0_0, 0, 4;
    %load/vec4 v000002363f951e70_0;
    %store/vec4 v000002363f9d3e20_0, 0, 32;
    %load/vec4 v000002363f9534f0_0;
    %store/vec4 v000002363f9d5e00_0, 0, 32;
    %delay 1000, 0;
    %load/vec4 v000002363f9d4f00_0;
    %load/vec4 v000002363f951d30_0;
    %cmp/ne;
    %jmp/0xz  T_0.0, 6;
    %load/vec4 v000002363f9d4fa0_0;
    %addi 1, 0, 32;
    %store/vec4 v000002363f9d4fa0_0, 0, 32;
    %vpi_call/w 3 30 "$display", "[FAIL] %0s op=0x%0h src1=0x%08h src2=0x%08h got=0x%08h exp=0x%08h", v000002363f951dd0_0, v000002363f953450_0, v000002363f951e70_0, v000002363f9534f0_0, v000002363f9d4f00_0, v000002363f951d30_0 {0 0 0};
    %jmp T_0.1;
T_0.0 ;
    %vpi_call/w 3 33 "$display", "[PASS] %0s result=0x%08h", v000002363f951dd0_0, v000002363f9d4f00_0 {0 0 0};
T_0.1 ;
    %end;
S_000002363f96fca0 .scope module, "u_alu" "alu" 3 10, 4 8 0, S_000002363f9624f0;
 .timescale -9 -12;
    .port_info 0 /INPUT 4 "alu_control";
    .port_info 1 /INPUT 32 "alu_src1";
    .port_info 2 /INPUT 32 "alu_src2";
    .port_info 3 /OUTPUT 32 "alu_result";
L_000002363f941d00 .functor AND 32, v000002363f9d3e20_0, v000002363f9d5e00_0, C4<11111111111111111111111111111111>, C4<11111111111111111111111111111111>;
L_000002363f941d70 .functor OR 32, v000002363f9d3e20_0, v000002363f9d5e00_0, C4<00000000000000000000000000000000>, C4<00000000000000000000000000000000>;
L_000002363f941de0 .functor NOT 32, L_000002363f941d70, C4<00000000000000000000000000000000>, C4<00000000000000000000000000000000>, C4<00000000000000000000000000000000>;
L_000002363f942010 .functor XOR 32, v000002363f9d3e20_0, v000002363f9d5e00_0, C4<00000000000000000000000000000000>, C4<00000000000000000000000000000000>;
L_000002363f9421d0 .functor XOR 32, v000002363f9d3e20_0, v000002363f9d5e00_0, C4<00000000000000000000000000000000>, C4<00000000000000000000000000000000>;
L_000002363fa1fd90 .functor NOT 32, L_000002363f9421d0, C4<00000000000000000000000000000000>, C4<00000000000000000000000000000000>, C4<00000000000000000000000000000000>;
L_000002363fa200a0 .functor NOT 1, L_000002363f9d3f60, C4<0>, C4<0>, C4<0>;
L_000002363fa20180 .functor BUFZ 32, v000002363f9d3e20_0, C4<00000000000000000000000000000000>, C4<00000000000000000000000000000000>, C4<00000000000000000000000000000000>;
L_000002363fa20810 .functor NOT 32, v000002363f9d5e00_0, C4<00000000000000000000000000000000>, C4<00000000000000000000000000000000>, C4<00000000000000000000000000000000>;
L_000002363fa201f0 .functor BUFZ 1, L_000002363fa200a0, C4<0>, C4<0>, C4<0>;
L_000002363fa1fe70 .functor BUFZ 32, L_000002363f9d75c0, C4<00000000000000000000000000000000>, C4<00000000000000000000000000000000>, C4<00000000000000000000000000000000>;
L_000002363fa202d0 .functor NOT 1, L_000002363f9d6760, C4<0>, C4<0>, C4<0>;
L_000002363fa1fe00 .functor AND 1, L_000002363f9d6b20, L_000002363fa202d0, C4<1>, C4<1>;
L_000002363fa1fc40 .functor XOR 1, L_000002363f9d6300, L_000002363f9d6d00, C4<0>, C4<0>;
L_000002363fa1fbd0 .functor NOT 1, L_000002363fa1fc40, C4<0>, C4<0>, C4<0>;
L_000002363fa1f9a0 .functor AND 1, L_000002363fa1fbd0, L_000002363f9d7700, C4<1>, C4<1>;
L_000002363fa20420 .functor OR 1, L_000002363fa1fe00, L_000002363fa1f9a0, C4<0>, C4<0>;
L_000002363fa20730 .functor NOT 1, L_000002363f9d7200, C4<0>, C4<0>, C4<0>;
L_000002363fa20650 .functor AND 32, L_000002363f9d6c60, v000002363f9d5e00_0, C4<11111111111111111111111111111111>, C4<11111111111111111111111111111111>;
L_000002363fa1fcb0 .functor AND 32, L_000002363f9d68a0, L_000002363f9d6580, C4<11111111111111111111111111111111>, C4<11111111111111111111111111111111>;
L_000002363fa1fd20 .functor OR 32, L_000002363fa20650, L_000002363fa1fcb0, C4<00000000000000000000000000000000>, C4<00000000000000000000000000000000>;
L_000002363fa207a0 .functor AND 32, L_000002363f9d6da0, L_000002363f9d73e0, C4<11111111111111111111111111111111>, C4<11111111111111111111111111111111>;
L_000002363fa1fa80 .functor OR 32, L_000002363fa1fd20, L_000002363fa207a0, C4<00000000000000000000000000000000>, C4<00000000000000000000000000000000>;
L_000002363fa20260 .functor AND 32, L_000002363f9d6440, L_000002363f9d6ee0, C4<11111111111111111111111111111111>, C4<11111111111111111111111111111111>;
L_000002363fa1faf0 .functor OR 32, L_000002363fa1fa80, L_000002363fa20260, C4<00000000000000000000000000000000>, C4<00000000000000000000000000000000>;
L_000002363fa1fee0 .functor AND 32, L_000002363f9d6f80, L_000002363fa1faf0, C4<11111111111111111111111111111111>, C4<11111111111111111111111111111111>;
L_000002363fa1fa10 .functor AND 32, L_000002363f9d77a0, L_000002363fa34a90, C4<11111111111111111111111111111111>, C4<11111111111111111111111111111111>;
L_000002363fa1f930 .functor OR 32, L_000002363fa1fee0, L_000002363fa1fa10, C4<00000000000000000000000000000000>, C4<00000000000000000000000000000000>;
L_000002363fa1fb60 .functor AND 32, L_000002363fa34770, L_000002363fa344f0, C4<11111111111111111111111111111111>, C4<11111111111111111111111111111111>;
L_000002363fa1ff50 .functor OR 32, L_000002363fa1f930, L_000002363fa1fb60, C4<00000000000000000000000000000000>, C4<00000000000000000000000000000000>;
L_000002363fa206c0 .functor AND 32, L_000002363fa33870, L_000002363fa32ab0, C4<11111111111111111111111111111111>, C4<11111111111111111111111111111111>;
L_000002363fa1ffc0 .functor OR 32, L_000002363fa1ff50, L_000002363fa206c0, C4<00000000000000000000000000000000>, C4<00000000000000000000000000000000>;
L_000002363fa20030 .functor AND 32, L_000002363fa32e70, v000002363f9d5e00_0, C4<11111111111111111111111111111111>, C4<11111111111111111111111111111111>;
L_000002363fa20110 .functor AND 32, L_000002363fa33b90, L_000002363fa34f90, C4<11111111111111111111111111111111>, C4<11111111111111111111111111111111>;
L_000002363fa20340 .functor OR 32, L_000002363fa20030, L_000002363fa20110, C4<00000000000000000000000000000000>, C4<00000000000000000000000000000000>;
L_000002363fa203b0 .functor AND 32, L_000002363fa34c70, L_000002363fa34130, C4<11111111111111111111111111111111>, C4<11111111111111111111111111111111>;
L_000002363fa20490 .functor OR 32, L_000002363fa20340, L_000002363fa203b0, C4<00000000000000000000000000000000>, C4<00000000000000000000000000000000>;
L_000002363fa20500 .functor AND 32, L_000002363fa34810, L_000002363fa34950, C4<11111111111111111111111111111111>, C4<11111111111111111111111111111111>;
L_000002363fa20570 .functor OR 32, L_000002363fa20490, L_000002363fa20500, C4<00000000000000000000000000000000>, C4<00000000000000000000000000000000>;
L_000002363fa205e0 .functor AND 32, L_000002363fa33ff0, L_000002363fa20570, C4<11111111111111111111111111111111>, C4<11111111111111111111111111111111>;
L_000002363fa41480 .functor AND 32, L_000002363fa33050, L_000002363fa339b0, C4<11111111111111111111111111111111>, C4<11111111111111111111111111111111>;
L_000002363fa40ca0 .functor OR 32, L_000002363fa205e0, L_000002363fa41480, C4<00000000000000000000000000000000>, C4<00000000000000000000000000000000>;
L_000002363fa411e0 .functor AND 32, L_000002363fa34590, L_000002363fa33690, C4<11111111111111111111111111111111>, C4<11111111111111111111111111111111>;
L_000002363fa41170 .functor OR 32, L_000002363fa40ca0, L_000002363fa411e0, C4<00000000000000000000000000000000>, C4<00000000000000000000000000000000>;
L_000002363fa41250 .functor AND 32, L_000002363fa34270, L_000002363fa33730, C4<11111111111111111111111111111111>, C4<11111111111111111111111111111111>;
L_000002363fa41870 .functor OR 32, L_000002363fa41170, L_000002363fa41250, C4<00000000000000000000000000000000>, C4<00000000000000000000000000000000>;
L_000002363fa40990 .functor AND 32, L_000002363fa33a50, v000002363f9d5e00_0, C4<11111111111111111111111111111111>, C4<11111111111111111111111111111111>;
L_000002363fa416b0 .functor AND 32, L_000002363fa32fb0, L_000002363fa33230, C4<11111111111111111111111111111111>, C4<11111111111111111111111111111111>;
L_000002363fa41020 .functor OR 32, L_000002363fa40990, L_000002363fa416b0, C4<00000000000000000000000000000000>, C4<00000000000000000000000000000000>;
L_000002363fa41720 .functor AND 32, L_000002363fa33410, L_000002363fa33370, C4<11111111111111111111111111111111>, C4<11111111111111111111111111111111>;
L_000002363fa41800 .functor OR 32, L_000002363fa41020, L_000002363fa41720, C4<00000000000000000000000000000000>, C4<00000000000000000000000000000000>;
L_000002363fa40c30 .functor AND 32, L_000002363fa33550, L_000002363fa35ad0, C4<11111111111111111111111111111111>, C4<11111111111111111111111111111111>;
L_000002363fa40d10 .functor OR 32, L_000002363fa41800, L_000002363fa40c30, C4<00000000000000000000000000000000>, C4<00000000000000000000000000000000>;
L_000002363fa40d80 .functor AND 32, L_000002363fa35d50, L_000002363fa40d10, C4<11111111111111111111111111111111>, C4<11111111111111111111111111111111>;
L_000002363fa40df0 .functor AND 32, L_000002363fa35850, L_000002363fa367f0, C4<11111111111111111111111111111111>, C4<11111111111111111111111111111111>;
L_000002363fa40e60 .functor OR 32, L_000002363fa40d80, L_000002363fa40df0, C4<00000000000000000000000000000000>, C4<00000000000000000000000000000000>;
L_000002363fa40a70 .functor AND 32, L_000002363fa36070, L_000002363fa35350, C4<11111111111111111111111111111111>, C4<11111111111111111111111111111111>;
L_000002363fa41790 .functor OR 32, L_000002363fa40e60, L_000002363fa40a70, C4<00000000000000000000000000000000>, C4<00000000000000000000000000000000>;
L_000002363fa414f0 .functor AND 32, L_000002363fa36570, L_000002363fa35df0, C4<11111111111111111111111111111111>, C4<11111111111111111111111111111111>;
L_000002363fa40ed0 .functor OR 32, L_000002363fa41790, L_000002363fa414f0, C4<00000000000000000000000000000000>, C4<00000000000000000000000000000000>;
L_000002363fa41100 .functor OR 1, L_000002363f9d3f60, L_000002363f9d5720, C4<0>, C4<0>;
L_000002363f9d78d8 .functor BUFT 1, C4<0000>, C4<0>, C4<0>, C4<0>;
v000002363f9944a0_0 .net/2u *"_ivl_0", 3 0, L_000002363f9d78d8;  1 drivers
v000002363f9951c0_0 .net *"_ivl_104", 0 0, L_000002363f9d6b20;  1 drivers
v000002363f995940_0 .net *"_ivl_106", 0 0, L_000002363f9d6760;  1 drivers
v000002363f994720_0 .net *"_ivl_107", 0 0, L_000002363fa202d0;  1 drivers
v000002363f995bc0_0 .net *"_ivl_109", 0 0, L_000002363fa1fe00;  1 drivers
v000002363f9960c0_0 .net *"_ivl_112", 0 0, L_000002363f9d6300;  1 drivers
v000002363f996160_0 .net *"_ivl_114", 0 0, L_000002363f9d6d00;  1 drivers
v000002363f996020_0 .net *"_ivl_115", 0 0, L_000002363fa1fc40;  1 drivers
v000002363f995d00_0 .net *"_ivl_117", 0 0, L_000002363fa1fbd0;  1 drivers
L_000002363f9d79b0 .functor BUFT 1, C4<0011>, C4<0>, C4<0>, C4<0>;
v000002363f994900_0 .net/2u *"_ivl_12", 3 0, L_000002363f9d79b0;  1 drivers
v000002363f994540_0 .net *"_ivl_120", 0 0, L_000002363f9d7700;  1 drivers
v000002363f995120_0 .net *"_ivl_121", 0 0, L_000002363fa1f9a0;  1 drivers
v000002363f995300_0 .net *"_ivl_123", 0 0, L_000002363fa20420;  1 drivers
L_000002363f9d7ec0 .functor BUFT 1, C4<0000000000000000000000000000000>, C4<0>, C4<0>, C4<0>;
v000002363f995e40_0 .net/2u *"_ivl_125", 30 0, L_000002363f9d7ec0;  1 drivers
v000002363f9953a0_0 .net *"_ivl_127", 0 0, L_000002363fa20730;  1 drivers
L_000002363f9d7f08 .functor BUFT 1, C4<0000000000000000000000000000000>, C4<0>, C4<0>, C4<0>;
v000002363f996200_0 .net/2u *"_ivl_131", 30 0, L_000002363f9d7f08;  1 drivers
L_000002363f9d7f50 .functor BUFT 1, C4<00000000000000000000000000000000>, C4<0>, C4<0>, C4<0>;
v000002363f995440_0 .net/2u *"_ivl_133", 31 0, L_000002363f9d7f50;  1 drivers
v000002363f995580_0 .net *"_ivl_135", 0 0, L_000002363f9d6260;  1 drivers
L_000002363f9d7f98 .functor BUFT 1, C4<00>, C4<0>, C4<0>, C4<0>;
v000002363f995da0_0 .net/2u *"_ivl_145", 1 0, L_000002363f9d7f98;  1 drivers
v000002363f994ae0_0 .net *"_ivl_147", 0 0, L_000002363f9d6800;  1 drivers
v000002363f9962a0_0 .net *"_ivl_149", 31 0, L_000002363f9d6c60;  1 drivers
v000002363f9949a0_0 .net *"_ivl_151", 31 0, L_000002363fa20650;  1 drivers
L_000002363f9d7fe0 .functor BUFT 1, C4<01>, C4<0>, C4<0>, C4<0>;
v000002363f995c60_0 .net/2u *"_ivl_153", 1 0, L_000002363f9d7fe0;  1 drivers
v000002363f9947c0_0 .net *"_ivl_155", 0 0, L_000002363f9d6a80;  1 drivers
v000002363f995620_0 .net *"_ivl_157", 31 0, L_000002363f9d68a0;  1 drivers
L_000002363f9d79f8 .functor BUFT 1, C4<0100>, C4<0>, C4<0>, C4<0>;
v000002363f9945e0_0 .net/2u *"_ivl_16", 3 0, L_000002363f9d79f8;  1 drivers
v000002363f9959e0_0 .net *"_ivl_160", 30 0, L_000002363f9d7520;  1 drivers
L_000002363f9d8028 .functor BUFT 1, C4<0>, C4<0>, C4<0>, C4<0>;
v000002363f9956c0_0 .net/2u *"_ivl_161", 0 0, L_000002363f9d8028;  1 drivers
v000002363f995ee0_0 .net *"_ivl_163", 31 0, L_000002363f9d6580;  1 drivers
v000002363f994860_0 .net *"_ivl_165", 31 0, L_000002363fa1fcb0;  1 drivers
v000002363f995760_0 .net *"_ivl_167", 31 0, L_000002363fa1fd20;  1 drivers
L_000002363f9d8070 .functor BUFT 1, C4<10>, C4<0>, C4<0>, C4<0>;
v000002363f995f80_0 .net/2u *"_ivl_169", 1 0, L_000002363f9d8070;  1 drivers
v000002363f994a40_0 .net *"_ivl_171", 0 0, L_000002363f9d6620;  1 drivers
v000002363f994f40_0 .net *"_ivl_173", 31 0, L_000002363f9d6da0;  1 drivers
v000002363f994b80_0 .net *"_ivl_176", 29 0, L_000002363f9d7340;  1 drivers
L_000002363f9d80b8 .functor BUFT 1, C4<00>, C4<0>, C4<0>, C4<0>;
v000002363f995a80_0 .net/2u *"_ivl_177", 1 0, L_000002363f9d80b8;  1 drivers
v000002363f994c20_0 .net *"_ivl_179", 31 0, L_000002363f9d73e0;  1 drivers
v000002363f994cc0_0 .net *"_ivl_181", 31 0, L_000002363fa207a0;  1 drivers
v000002363f995080_0 .net *"_ivl_183", 31 0, L_000002363fa1fa80;  1 drivers
L_000002363f9d8100 .functor BUFT 1, C4<11>, C4<0>, C4<0>, C4<0>;
v000002363f995b20_0 .net/2u *"_ivl_185", 1 0, L_000002363f9d8100;  1 drivers
v000002363f994e00_0 .net *"_ivl_187", 0 0, L_000002363f9d7160;  1 drivers
v000002363f994ea0_0 .net *"_ivl_189", 31 0, L_000002363f9d6440;  1 drivers
v000002363f996550_0 .net *"_ivl_192", 28 0, L_000002363f9d6e40;  1 drivers
L_000002363f9d8148 .functor BUFT 1, C4<000>, C4<0>, C4<0>, C4<0>;
v000002363f997db0_0 .net/2u *"_ivl_193", 2 0, L_000002363f9d8148;  1 drivers
v000002363f998170_0 .net *"_ivl_195", 31 0, L_000002363f9d6ee0;  1 drivers
v000002363f997810_0 .net *"_ivl_197", 31 0, L_000002363fa20260;  1 drivers
L_000002363f9d7a40 .functor BUFT 1, C4<0101>, C4<0>, C4<0>, C4<0>;
v000002363f997130_0 .net/2u *"_ivl_20", 3 0, L_000002363f9d7a40;  1 drivers
L_000002363f9d8190 .functor BUFT 1, C4<00>, C4<0>, C4<0>, C4<0>;
v000002363f996ff0_0 .net/2u *"_ivl_201", 1 0, L_000002363f9d8190;  1 drivers
v000002363f997090_0 .net *"_ivl_203", 0 0, L_000002363f9d7020;  1 drivers
v000002363f9965f0_0 .net *"_ivl_205", 31 0, L_000002363f9d6f80;  1 drivers
v000002363f997b30_0 .net *"_ivl_207", 31 0, L_000002363fa1fee0;  1 drivers
L_000002363f9d81d8 .functor BUFT 1, C4<01>, C4<0>, C4<0>, C4<0>;
v000002363f996d70_0 .net/2u *"_ivl_209", 1 0, L_000002363f9d81d8;  1 drivers
v000002363f996690_0 .net *"_ivl_211", 0 0, L_000002363f9d7480;  1 drivers
v000002363f996f50_0 .net *"_ivl_213", 31 0, L_000002363f9d77a0;  1 drivers
v000002363f998210_0 .net *"_ivl_216", 27 0, L_000002363fa33910;  1 drivers
L_000002363f9d8220 .functor BUFT 1, C4<0000>, C4<0>, C4<0>, C4<0>;
v000002363f998030_0 .net/2u *"_ivl_217", 3 0, L_000002363f9d8220;  1 drivers
v000002363f996870_0 .net *"_ivl_219", 31 0, L_000002363fa34a90;  1 drivers
v000002363f9964b0_0 .net *"_ivl_221", 31 0, L_000002363fa1fa10;  1 drivers
v000002363f997270_0 .net *"_ivl_223", 31 0, L_000002363fa1f930;  1 drivers
L_000002363f9d8268 .functor BUFT 1, C4<10>, C4<0>, C4<0>, C4<0>;
v000002363f997310_0 .net/2u *"_ivl_225", 1 0, L_000002363f9d8268;  1 drivers
v000002363f997f90_0 .net *"_ivl_227", 0 0, L_000002363fa33af0;  1 drivers
v000002363f996730_0 .net *"_ivl_229", 31 0, L_000002363fa34770;  1 drivers
v000002363f996af0_0 .net *"_ivl_232", 23 0, L_000002363fa33e10;  1 drivers
L_000002363f9d82b0 .functor BUFT 1, C4<00000000>, C4<0>, C4<0>, C4<0>;
v000002363f996b90_0 .net/2u *"_ivl_233", 7 0, L_000002363f9d82b0;  1 drivers
v000002363f997770_0 .net *"_ivl_235", 31 0, L_000002363fa344f0;  1 drivers
v000002363f9980d0_0 .net *"_ivl_237", 31 0, L_000002363fa1fb60;  1 drivers
v000002363f997e50_0 .net *"_ivl_239", 31 0, L_000002363fa1ff50;  1 drivers
L_000002363f9d7a88 .functor BUFT 1, C4<0110>, C4<0>, C4<0>, C4<0>;
v000002363f9978b0_0 .net/2u *"_ivl_24", 3 0, L_000002363f9d7a88;  1 drivers
L_000002363f9d82f8 .functor BUFT 1, C4<11>, C4<0>, C4<0>, C4<0>;
v000002363f9971d0_0 .net/2u *"_ivl_241", 1 0, L_000002363f9d82f8;  1 drivers
v000002363f997950_0 .net *"_ivl_243", 0 0, L_000002363fa34ef0;  1 drivers
v000002363f9973b0_0 .net *"_ivl_245", 31 0, L_000002363fa33870;  1 drivers
v000002363f997ef0_0 .net *"_ivl_248", 19 0, L_000002363fa32a10;  1 drivers
L_000002363f9d8340 .functor BUFT 1, C4<000000000000>, C4<0>, C4<0>, C4<0>;
v000002363f997630_0 .net/2u *"_ivl_249", 11 0, L_000002363f9d8340;  1 drivers
v000002363f9979f0_0 .net *"_ivl_251", 31 0, L_000002363fa32ab0;  1 drivers
v000002363f9982b0_0 .net *"_ivl_253", 31 0, L_000002363fa206c0;  1 drivers
v000002363f997a90_0 .net *"_ivl_258", 0 0, L_000002363fa337d0;  1 drivers
v000002363f997bd0_0 .net *"_ivl_260", 15 0, L_000002363fa34db0;  1 drivers
L_000002363f9d8388 .functor BUFT 1, C4<0000000000000000>, C4<0>, C4<0>, C4<0>;
v000002363f9967d0_0 .net/2u *"_ivl_261", 15 0, L_000002363f9d8388;  1 drivers
v000002363f996910_0 .net *"_ivl_263", 31 0, L_000002363fa32dd0;  1 drivers
L_000002363f9d83d0 .functor BUFT 1, C4<00>, C4<0>, C4<0>, C4<0>;
v000002363f997450_0 .net/2u *"_ivl_267", 1 0, L_000002363f9d83d0;  1 drivers
v000002363f9969b0_0 .net *"_ivl_269", 0 0, L_000002363fa34bd0;  1 drivers
v000002363f9974f0_0 .net *"_ivl_271", 31 0, L_000002363fa32e70;  1 drivers
v000002363f996a50_0 .net *"_ivl_273", 31 0, L_000002363fa20030;  1 drivers
L_000002363f9d8418 .functor BUFT 1, C4<01>, C4<0>, C4<0>, C4<0>;
v000002363f996c30_0 .net/2u *"_ivl_275", 1 0, L_000002363f9d8418;  1 drivers
v000002363f997590_0 .net *"_ivl_277", 0 0, L_000002363fa349f0;  1 drivers
v000002363f996cd0_0 .net *"_ivl_279", 31 0, L_000002363fa33b90;  1 drivers
L_000002363f9d7ad0 .functor BUFT 1, C4<0111>, C4<0>, C4<0>, C4<0>;
v000002363f996e10_0 .net/2u *"_ivl_28", 3 0, L_000002363f9d7ad0;  1 drivers
L_000002363f9d8460 .functor BUFT 1, C4<0>, C4<0>, C4<0>, C4<0>;
v000002363f9976d0_0 .net/2u *"_ivl_281", 0 0, L_000002363f9d8460;  1 drivers
v000002363f997c70_0 .net *"_ivl_284", 30 0, L_000002363fa34b30;  1 drivers
v000002363f998350_0 .net *"_ivl_285", 31 0, L_000002363fa34f90;  1 drivers
v000002363f997d10_0 .net *"_ivl_287", 31 0, L_000002363fa20110;  1 drivers
v000002363f996eb0_0 .net *"_ivl_289", 31 0, L_000002363fa20340;  1 drivers
L_000002363f9d84a8 .functor BUFT 1, C4<10>, C4<0>, C4<0>, C4<0>;
v000002363f99a330_0 .net/2u *"_ivl_291", 1 0, L_000002363f9d84a8;  1 drivers
v000002363f99a470_0 .net *"_ivl_293", 0 0, L_000002363fa348b0;  1 drivers
v000002363f99b370_0 .net *"_ivl_295", 31 0, L_000002363fa34c70;  1 drivers
L_000002363f9d84f0 .functor BUFT 1, C4<00>, C4<0>, C4<0>, C4<0>;
v000002363f99b0f0_0 .net/2u *"_ivl_297", 1 0, L_000002363f9d84f0;  1 drivers
v000002363f99ab50_0 .net *"_ivl_300", 29 0, L_000002363fa335f0;  1 drivers
v000002363f99a6f0_0 .net *"_ivl_301", 31 0, L_000002363fa34130;  1 drivers
v000002363f99b190_0 .net *"_ivl_303", 31 0, L_000002363fa203b0;  1 drivers
v000002363f99a8d0_0 .net *"_ivl_305", 31 0, L_000002363fa20490;  1 drivers
L_000002363f9d8538 .functor BUFT 1, C4<11>, C4<0>, C4<0>, C4<0>;
v000002363f99afb0_0 .net/2u *"_ivl_307", 1 0, L_000002363f9d8538;  1 drivers
v000002363f999890_0 .net *"_ivl_309", 0 0, L_000002363fa32c90;  1 drivers
v000002363f99af10_0 .net *"_ivl_311", 31 0, L_000002363fa34810;  1 drivers
L_000002363f9d8580 .functor BUFT 1, C4<000>, C4<0>, C4<0>, C4<0>;
v000002363f99a830_0 .net/2u *"_ivl_313", 2 0, L_000002363f9d8580;  1 drivers
v000002363f99a150_0 .net *"_ivl_316", 28 0, L_000002363fa343b0;  1 drivers
v000002363f99ae70_0 .net *"_ivl_317", 31 0, L_000002363fa34950;  1 drivers
v000002363f999cf0_0 .net *"_ivl_319", 31 0, L_000002363fa20500;  1 drivers
L_000002363f9d7b18 .functor BUFT 1, C4<1000>, C4<0>, C4<0>, C4<0>;
v000002363f99a5b0_0 .net/2u *"_ivl_32", 3 0, L_000002363f9d7b18;  1 drivers
L_000002363f9d85c8 .functor BUFT 1, C4<00>, C4<0>, C4<0>, C4<0>;
v000002363f99aa10_0 .net/2u *"_ivl_323", 1 0, L_000002363f9d85c8;  1 drivers
v000002363f999b10_0 .net *"_ivl_325", 0 0, L_000002363fa341d0;  1 drivers
v000002363f99add0_0 .net *"_ivl_327", 31 0, L_000002363fa33ff0;  1 drivers
v000002363f99a790_0 .net *"_ivl_329", 31 0, L_000002363fa205e0;  1 drivers
L_000002363f9d8610 .functor BUFT 1, C4<01>, C4<0>, C4<0>, C4<0>;
v000002363f99a650_0 .net/2u *"_ivl_331", 1 0, L_000002363f9d8610;  1 drivers
v000002363f99b230_0 .net *"_ivl_333", 0 0, L_000002363fa34d10;  1 drivers
v000002363f999610_0 .net *"_ivl_335", 31 0, L_000002363fa33050;  1 drivers
L_000002363f9d8658 .functor BUFT 1, C4<0000>, C4<0>, C4<0>, C4<0>;
v000002363f9994d0_0 .net/2u *"_ivl_337", 3 0, L_000002363f9d8658;  1 drivers
v000002363f99abf0_0 .net *"_ivl_340", 27 0, L_000002363fa35030;  1 drivers
v000002363f999bb0_0 .net *"_ivl_341", 31 0, L_000002363fa339b0;  1 drivers
v000002363f999570_0 .net *"_ivl_343", 31 0, L_000002363fa41480;  1 drivers
v000002363f9996b0_0 .net *"_ivl_345", 31 0, L_000002363fa40ca0;  1 drivers
L_000002363f9d86a0 .functor BUFT 1, C4<10>, C4<0>, C4<0>, C4<0>;
v000002363f999c50_0 .net/2u *"_ivl_347", 1 0, L_000002363f9d86a0;  1 drivers
v000002363f999e30_0 .net *"_ivl_349", 0 0, L_000002363fa34310;  1 drivers
v000002363f99ad30_0 .net *"_ivl_351", 31 0, L_000002363fa34590;  1 drivers
L_000002363f9d86e8 .functor BUFT 1, C4<00000000>, C4<0>, C4<0>, C4<0>;
v000002363f9997f0_0 .net/2u *"_ivl_353", 7 0, L_000002363f9d86e8;  1 drivers
v000002363f99a1f0_0 .net *"_ivl_356", 23 0, L_000002363fa32d30;  1 drivers
v000002363f99aab0_0 .net *"_ivl_357", 31 0, L_000002363fa33690;  1 drivers
v000002363f999930_0 .net *"_ivl_359", 31 0, L_000002363fa411e0;  1 drivers
L_000002363f9d7b60 .functor BUFT 1, C4<1001>, C4<0>, C4<0>, C4<0>;
v000002363f99ac90_0 .net/2u *"_ivl_36", 3 0, L_000002363f9d7b60;  1 drivers
v000002363f99b050_0 .net *"_ivl_361", 31 0, L_000002363fa41170;  1 drivers
L_000002363f9d8730 .functor BUFT 1, C4<11>, C4<0>, C4<0>, C4<0>;
v000002363f99b2d0_0 .net/2u *"_ivl_363", 1 0, L_000002363f9d8730;  1 drivers
v000002363f999750_0 .net *"_ivl_365", 0 0, L_000002363fa34090;  1 drivers
v000002363f9999d0_0 .net *"_ivl_367", 31 0, L_000002363fa34270;  1 drivers
L_000002363f9d8778 .functor BUFT 1, C4<000000000000>, C4<0>, C4<0>, C4<0>;
v000002363f999a70_0 .net/2u *"_ivl_369", 11 0, L_000002363f9d8778;  1 drivers
v000002363f999f70_0 .net *"_ivl_372", 19 0, L_000002363fa32970;  1 drivers
v000002363f99a970_0 .net *"_ivl_373", 31 0, L_000002363fa33730;  1 drivers
v000002363f999d90_0 .net *"_ivl_375", 31 0, L_000002363fa41250;  1 drivers
v000002363f999ed0_0 .net *"_ivl_380", 0 0, L_000002363fa350d0;  1 drivers
L_000002363f9d87c0 .functor BUFT 1, C4<0000000000000000>, C4<0>, C4<0>, C4<0>;
v000002363f99a010_0 .net/2u *"_ivl_381", 15 0, L_000002363f9d87c0;  1 drivers
v000002363f99a0b0_0 .net *"_ivl_384", 15 0, L_000002363fa32b50;  1 drivers
v000002363f99a290_0 .net *"_ivl_385", 31 0, L_000002363fa34450;  1 drivers
L_000002363f9d8808 .functor BUFT 1, C4<00>, C4<0>, C4<0>, C4<0>;
v000002363f99a3d0_0 .net/2u *"_ivl_389", 1 0, L_000002363f9d8808;  1 drivers
v000002363f99a510_0 .net *"_ivl_391", 0 0, L_000002363fa32bf0;  1 drivers
v000002363f99bb20_0 .net *"_ivl_393", 31 0, L_000002363fa33a50;  1 drivers
v000002363f99c8e0_0 .net *"_ivl_395", 31 0, L_000002363fa40990;  1 drivers
L_000002363f9d8850 .functor BUFT 1, C4<01>, C4<0>, C4<0>, C4<0>;
v000002363f99c3e0_0 .net/2u *"_ivl_397", 1 0, L_000002363f9d8850;  1 drivers
v000002363f99c340_0 .net *"_ivl_399", 0 0, L_000002363fa32f10;  1 drivers
L_000002363f9d7920 .functor BUFT 1, C4<0001>, C4<0>, C4<0>, C4<0>;
v000002363f99cac0_0 .net/2u *"_ivl_4", 3 0, L_000002363f9d7920;  1 drivers
L_000002363f9d7ba8 .functor BUFT 1, C4<1010>, C4<0>, C4<0>, C4<0>;
v000002363f99b6c0_0 .net/2u *"_ivl_40", 3 0, L_000002363f9d7ba8;  1 drivers
v000002363f99cb60_0 .net *"_ivl_401", 31 0, L_000002363fa32fb0;  1 drivers
v000002363f99be40_0 .net *"_ivl_404", 0 0, L_000002363fa330f0;  1 drivers
v000002363f99c700_0 .net *"_ivl_406", 30 0, L_000002363fa33190;  1 drivers
v000002363f99bee0_0 .net *"_ivl_407", 31 0, L_000002363fa33230;  1 drivers
v000002363f99cc00_0 .net *"_ivl_409", 31 0, L_000002363fa416b0;  1 drivers
v000002363f99c520_0 .net *"_ivl_411", 31 0, L_000002363fa41020;  1 drivers
L_000002363f9d8898 .functor BUFT 1, C4<10>, C4<0>, C4<0>, C4<0>;
v000002363f99c7a0_0 .net/2u *"_ivl_413", 1 0, L_000002363f9d8898;  1 drivers
v000002363f99b760_0 .net *"_ivl_415", 0 0, L_000002363fa33c30;  1 drivers
v000002363f99d380_0 .net *"_ivl_417", 31 0, L_000002363fa33410;  1 drivers
v000002363f99c840_0 .net *"_ivl_420", 0 0, L_000002363fa33d70;  1 drivers
v000002363f99cca0_0 .net *"_ivl_421", 1 0, L_000002363fa346d0;  1 drivers
v000002363f99c480_0 .net *"_ivl_424", 29 0, L_000002363fa332d0;  1 drivers
v000002363f99bf80_0 .net *"_ivl_425", 31 0, L_000002363fa33370;  1 drivers
v000002363f99bc60_0 .net *"_ivl_427", 31 0, L_000002363fa41720;  1 drivers
v000002363f99b800_0 .net *"_ivl_429", 31 0, L_000002363fa41800;  1 drivers
L_000002363f9d88e0 .functor BUFT 1, C4<11>, C4<0>, C4<0>, C4<0>;
v000002363f99cd40_0 .net/2u *"_ivl_431", 1 0, L_000002363f9d88e0;  1 drivers
v000002363f99cfc0_0 .net *"_ivl_433", 0 0, L_000002363fa334b0;  1 drivers
v000002363f99b580_0 .net *"_ivl_435", 31 0, L_000002363fa33550;  1 drivers
v000002363f99b620_0 .net *"_ivl_438", 0 0, L_000002363fa33eb0;  1 drivers
v000002363f99cde0_0 .net *"_ivl_439", 2 0, L_000002363fa33cd0;  1 drivers
L_000002363f9d7bf0 .functor BUFT 1, C4<1011>, C4<0>, C4<0>, C4<0>;
v000002363f99d1a0_0 .net/2u *"_ivl_44", 3 0, L_000002363f9d7bf0;  1 drivers
v000002363f99c980_0 .net *"_ivl_442", 28 0, L_000002363fa33f50;  1 drivers
v000002363f99c160_0 .net *"_ivl_443", 31 0, L_000002363fa35ad0;  1 drivers
v000002363f99c020_0 .net *"_ivl_445", 31 0, L_000002363fa40c30;  1 drivers
L_000002363f9d8928 .functor BUFT 1, C4<00>, C4<0>, C4<0>, C4<0>;
v000002363f99c0c0_0 .net/2u *"_ivl_449", 1 0, L_000002363f9d8928;  1 drivers
v000002363f99bd00_0 .net *"_ivl_451", 0 0, L_000002363fa35530;  1 drivers
v000002363f99ce80_0 .net *"_ivl_453", 31 0, L_000002363fa35d50;  1 drivers
v000002363f99bda0_0 .net *"_ivl_455", 31 0, L_000002363fa40d80;  1 drivers
L_000002363f9d8970 .functor BUFT 1, C4<01>, C4<0>, C4<0>, C4<0>;
v000002363f99b8a0_0 .net/2u *"_ivl_457", 1 0, L_000002363f9d8970;  1 drivers
v000002363f99b4e0_0 .net *"_ivl_459", 0 0, L_000002363fa35f30;  1 drivers
v000002363f99b940_0 .net *"_ivl_461", 31 0, L_000002363fa35850;  1 drivers
v000002363f99b9e0_0 .net *"_ivl_464", 0 0, L_000002363fa355d0;  1 drivers
v000002363f99c200_0 .net *"_ivl_465", 3 0, L_000002363fa35fd0;  1 drivers
v000002363f99ba80_0 .net *"_ivl_468", 27 0, L_000002363fa36750;  1 drivers
v000002363f99ca20_0 .net *"_ivl_469", 31 0, L_000002363fa367f0;  1 drivers
v000002363f99cf20_0 .net *"_ivl_471", 31 0, L_000002363fa40df0;  1 drivers
v000002363f99bbc0_0 .net *"_ivl_473", 31 0, L_000002363fa40e60;  1 drivers
L_000002363f9d89b8 .functor BUFT 1, C4<10>, C4<0>, C4<0>, C4<0>;
v000002363f99d060_0 .net/2u *"_ivl_475", 1 0, L_000002363f9d89b8;  1 drivers
v000002363f99c2a0_0 .net *"_ivl_477", 0 0, L_000002363fa352b0;  1 drivers
v000002363f99d100_0 .net *"_ivl_479", 31 0, L_000002363fa36070;  1 drivers
L_000002363f9d7c38 .functor BUFT 1, C4<1100>, C4<0>, C4<0>, C4<0>;
v000002363f99c5c0_0 .net/2u *"_ivl_48", 3 0, L_000002363f9d7c38;  1 drivers
v000002363f99c660_0 .net *"_ivl_482", 0 0, L_000002363fa35cb0;  1 drivers
v000002363f99d240_0 .net *"_ivl_483", 7 0, L_000002363fa35170;  1 drivers
v000002363f99d2e0_0 .net *"_ivl_486", 23 0, L_000002363fa362f0;  1 drivers
v000002363f9d2c60_0 .net *"_ivl_487", 31 0, L_000002363fa35350;  1 drivers
v000002363f9d1a40_0 .net *"_ivl_489", 31 0, L_000002363fa40a70;  1 drivers
v000002363f9d28a0_0 .net *"_ivl_491", 31 0, L_000002363fa41790;  1 drivers
L_000002363f9d8a00 .functor BUFT 1, C4<11>, C4<0>, C4<0>, C4<0>;
v000002363f9d3200_0 .net/2u *"_ivl_493", 1 0, L_000002363f9d8a00;  1 drivers
v000002363f9d29e0_0 .net *"_ivl_495", 0 0, L_000002363fa35670;  1 drivers
v000002363f9d1ea0_0 .net *"_ivl_497", 31 0, L_000002363fa36570;  1 drivers
v000002363f9d2d00_0 .net *"_ivl_500", 0 0, L_000002363fa36110;  1 drivers
v000002363f9d2bc0_0 .net *"_ivl_501", 11 0, L_000002363fa35c10;  1 drivers
v000002363f9d2300_0 .net *"_ivl_504", 19 0, L_000002363fa35a30;  1 drivers
v000002363f9d23a0_0 .net *"_ivl_505", 31 0, L_000002363fa35df0;  1 drivers
v000002363f9d24e0_0 .net *"_ivl_507", 31 0, L_000002363fa414f0;  1 drivers
v000002363f9d2da0_0 .net *"_ivl_512", 0 0, L_000002363fa35e90;  1 drivers
v000002363f9d2e40_0 .net *"_ivl_514", 0 0, L_000002363fa36430;  1 drivers
v000002363f9d2a80_0 .net *"_ivl_515", 15 0, L_000002363fa358f0;  1 drivers
v000002363f9d35c0_0 .net *"_ivl_518", 15 0, L_000002363fa35210;  1 drivers
v000002363f9d2ee0_0 .net *"_ivl_519", 31 0, L_000002363fa357b0;  1 drivers
L_000002363f9d7c80 .functor BUFT 1, C4<1101>, C4<0>, C4<0>, C4<0>;
v000002363f9d19a0_0 .net/2u *"_ivl_52", 3 0, L_000002363f9d7c80;  1 drivers
v000002363f9d2440_0 .net *"_ivl_523", 0 0, L_000002363fa41100;  1 drivers
L_000002363f9d8a48 .functor BUFT 1, C4<00000000000000000000000000000000>, C4<0>, C4<0>, C4<0>;
v000002363f9d2f80_0 .net/2u *"_ivl_525", 31 0, L_000002363f9d8a48;  1 drivers
v000002363f9d1ae0_0 .net *"_ivl_527", 31 0, L_000002363fa364d0;  1 drivers
v000002363f9d3020_0 .net *"_ivl_529", 31 0, L_000002363fa35490;  1 drivers
v000002363f9d30c0_0 .net *"_ivl_531", 31 0, L_000002363fa35b70;  1 drivers
v000002363f9d3160_0 .net *"_ivl_533", 31 0, L_000002363fa36390;  1 drivers
v000002363f9d37a0_0 .net *"_ivl_535", 31 0, L_000002363fa361b0;  1 drivers
v000002363f9d3520_0 .net *"_ivl_537", 31 0, L_000002363fa36610;  1 drivers
v000002363f9d32a0_0 .net *"_ivl_539", 31 0, L_000002363fa366b0;  1 drivers
v000002363f9d2b20_0 .net *"_ivl_541", 31 0, L_000002363fa35710;  1 drivers
v000002363f9d3660_0 .net *"_ivl_543", 31 0, L_000002363fa36250;  1 drivers
v000002363f9d3340_0 .net *"_ivl_545", 31 0, L_000002363fa35990;  1 drivers
v000002363f9d33e0_0 .net *"_ivl_547", 31 0, L_000002363fa467f0;  1 drivers
v000002363f9d1cc0_0 .net *"_ivl_549", 31 0, L_000002363fa46750;  1 drivers
v000002363f9d1f40_0 .net *"_ivl_551", 31 0, L_000002363fa47790;  1 drivers
L_000002363f9d7cc8 .functor BUFT 1, C4<1110>, C4<0>, C4<0>, C4<0>;
v000002363f9d3480_0 .net/2u *"_ivl_56", 3 0, L_000002363f9d7cc8;  1 drivers
v000002363f9d2940_0 .net *"_ivl_68", 31 0, L_000002363f9421d0;  1 drivers
v000002363f9d3700_0 .net *"_ivl_73", 15 0, L_000002363f9d59a0;  1 drivers
L_000002363f9d7d10 .functor BUFT 1, C4<0000000000000000>, C4<0>, C4<0>, C4<0>;
v000002363f9d2620_0 .net/2u *"_ivl_74", 15 0, L_000002363f9d7d10;  1 drivers
L_000002363f9d7d58 .functor BUFT 1, C4<0000000000000000>, C4<0>, C4<0>, C4<0>;
v000002363f9d2800_0 .net/2u *"_ivl_78", 15 0, L_000002363f9d7d58;  1 drivers
L_000002363f9d7968 .functor BUFT 1, C4<0010>, C4<0>, C4<0>, C4<0>;
v000002363f9d1900_0 .net/2u *"_ivl_8", 3 0, L_000002363f9d7968;  1 drivers
v000002363f9d1b80_0 .net *"_ivl_81", 15 0, L_000002363f9d4960;  1 drivers
v000002363f9d1c20_0 .net *"_ivl_88", 31 0, L_000002363fa20810;  1 drivers
L_000002363f9d7e78 .functor BUFT 1, C4<0000000000000000000000000000000>, C4<0>, C4<0>, C4<0>;
v000002363f9d1d60_0 .net/2u *"_ivl_98", 30 0, L_000002363f9d7e78;  1 drivers
v000002363f9d1e00_0 .net "add_sub_result", 31 0, L_000002363fa1fe70;  1 drivers
v000002363f9d1fe0_0 .net "adder_cin", 0 0, L_000002363fa201f0;  1 drivers
v000002363f9d21c0_0 .net "adder_cout", 0 0, L_000002363f9d7200;  1 drivers
v000002363f9d2080_0 .net "adder_operand1", 31 0, L_000002363fa20180;  1 drivers
v000002363f9d2120_0 .net "adder_operand2", 31 0, L_000002363f9d5040;  1 drivers
v000002363f9d2260_0 .net "adder_result", 31 0, L_000002363f9d75c0;  1 drivers
v000002363f9d2580_0 .net "adder_use_sub", 0 0, L_000002363fa200a0;  1 drivers
v000002363f9d26c0_0 .net "alu_add", 0 0, L_000002363f9d3f60;  1 drivers
v000002363f9d2760_0 .net "alu_and", 0 0, L_000002363f9d5540;  1 drivers
v000002363f9d5180_0 .net "alu_control", 3 0, v000002363f9d3ec0_0;  1 drivers
v000002363f9d6080_0 .net "alu_lli", 0 0, L_000002363f9d5860;  1 drivers
v000002363f9d4140_0 .net "alu_lui", 0 0, L_000002363f9d48c0;  1 drivers
v000002363f9d4b40_0 .net "alu_nor", 0 0, L_000002363f9d4640;  1 drivers
v000002363f9d5360_0 .net "alu_or", 0 0, L_000002363f9d46e0;  1 drivers
v000002363f9d4be0_0 .net "alu_result", 31 0, L_000002363fa48230;  alias, 1 drivers
v000002363f9d5ea0_0 .net "alu_seq", 0 0, L_000002363f9d4d20;  1 drivers
v000002363f9d3c40_0 .net "alu_sll", 0 0, L_000002363f9d4780;  1 drivers
v000002363f9d4460_0 .net "alu_slt", 0 0, L_000002363f9d45a0;  1 drivers
v000002363f9d5220_0 .net "alu_sltu", 0 0, L_000002363f9d40a0;  1 drivers
v000002363f9d5c20_0 .net "alu_sra", 0 0, L_000002363f9d57c0;  1 drivers
v000002363f9d39c0_0 .net "alu_src1", 31 0, v000002363f9d3e20_0;  1 drivers
v000002363f9d3a60_0 .net "alu_src2", 31 0, v000002363f9d5e00_0;  1 drivers
v000002363f9d5900_0 .net "alu_srl", 0 0, L_000002363f9d4820;  1 drivers
v000002363f9d4aa0_0 .net "alu_sub", 0 0, L_000002363f9d5720;  1 drivers
v000002363f9d5ae0_0 .net "alu_xnor", 0 0, L_000002363f9d4dc0;  1 drivers
v000002363f9d52c0_0 .net "alu_xor", 0 0, L_000002363f9d4c80;  1 drivers
v000002363f9d41e0_0 .net "and_result", 31 0, L_000002363f941d00;  1 drivers
v000002363f9d5400_0 .net "lli_result", 31 0, L_000002363f9d50e0;  1 drivers
v000002363f9d3b00_0 .net "lui_result", 31 0, L_000002363f9d5a40;  1 drivers
v000002363f9d3ba0_0 .net "nor_result", 31 0, L_000002363f941de0;  1 drivers
v000002363f9d55e0_0 .net "or_result", 31 0, L_000002363f941d70;  1 drivers
v000002363f9d4500_0 .net "seq_result", 31 0, L_000002363f9d72a0;  1 drivers
v000002363f9d3ce0_0 .net "shf", 4 0, L_000002363f9d6bc0;  1 drivers
v000002363f9d3920_0 .net "shf_1_0", 1 0, L_000002363f9d64e0;  1 drivers
v000002363f9d5b80_0 .net "shf_3_2", 1 0, L_000002363f9d63a0;  1 drivers
v000002363f9d4e60_0 .net "sll_result", 31 0, L_000002363fa34e50;  1 drivers
v000002363f9d5cc0_0 .net "sll_step1", 31 0, L_000002363fa1faf0;  1 drivers
v000002363f9d54a0_0 .net "sll_step2", 31 0, L_000002363fa1ffc0;  1 drivers
v000002363f9d5f40_0 .net "slt_result", 31 0, L_000002363f9d70c0;  1 drivers
v000002363f9d43c0_0 .net "sltu_result", 31 0, L_000002363f9d61c0;  1 drivers
v000002363f9d4000_0 .net "sra_result", 31 0, L_000002363fa353f0;  1 drivers
v000002363f9d4280_0 .net "sra_step1", 31 0, L_000002363fa40d10;  1 drivers
v000002363f9d3d80_0 .net "sra_step2", 31 0, L_000002363fa40ed0;  1 drivers
v000002363f9d4a00_0 .net "srl_result", 31 0, L_000002363fa34630;  1 drivers
v000002363f9d5fe0_0 .net "srl_step1", 31 0, L_000002363fa20570;  1 drivers
v000002363f9d5d60_0 .net "srl_step2", 31 0, L_000002363fa41870;  1 drivers
v000002363f9d5680_0 .net "xnor_result", 31 0, L_000002363fa1fd90;  1 drivers
v000002363f9d4320_0 .net "xor_result", 31 0, L_000002363f942010;  1 drivers
L_000002363f9d3f60 .cmp/eq 4, v000002363f9d3ec0_0, L_000002363f9d78d8;
L_000002363f9d5720 .cmp/eq 4, v000002363f9d3ec0_0, L_000002363f9d7920;
L_000002363f9d45a0 .cmp/eq 4, v000002363f9d3ec0_0, L_000002363f9d7968;
L_000002363f9d40a0 .cmp/eq 4, v000002363f9d3ec0_0, L_000002363f9d79b0;
L_000002363f9d5540 .cmp/eq 4, v000002363f9d3ec0_0, L_000002363f9d79f8;
L_000002363f9d4640 .cmp/eq 4, v000002363f9d3ec0_0, L_000002363f9d7a40;
L_000002363f9d46e0 .cmp/eq 4, v000002363f9d3ec0_0, L_000002363f9d7a88;
L_000002363f9d4c80 .cmp/eq 4, v000002363f9d3ec0_0, L_000002363f9d7ad0;
L_000002363f9d4780 .cmp/eq 4, v000002363f9d3ec0_0, L_000002363f9d7b18;
L_000002363f9d4820 .cmp/eq 4, v000002363f9d3ec0_0, L_000002363f9d7b60;
L_000002363f9d57c0 .cmp/eq 4, v000002363f9d3ec0_0, L_000002363f9d7ba8;
L_000002363f9d48c0 .cmp/eq 4, v000002363f9d3ec0_0, L_000002363f9d7bf0;
L_000002363f9d4d20 .cmp/eq 4, v000002363f9d3ec0_0, L_000002363f9d7c38;
L_000002363f9d4dc0 .cmp/eq 4, v000002363f9d3ec0_0, L_000002363f9d7c80;
L_000002363f9d5860 .cmp/eq 4, v000002363f9d3ec0_0, L_000002363f9d7cc8;
L_000002363f9d59a0 .part v000002363f9d5e00_0, 0, 16;
L_000002363f9d5a40 .concat [ 16 16 0 0], L_000002363f9d7d10, L_000002363f9d59a0;
L_000002363f9d4960 .part v000002363f9d5e00_0, 0, 16;
L_000002363f9d50e0 .concat [ 16 16 0 0], L_000002363f9d4960, L_000002363f9d7d58;
L_000002363f9d5040 .functor MUXZ 32, v000002363f9d5e00_0, L_000002363fa20810, L_000002363fa200a0, C4<>;
L_000002363f9d70c0 .concat8 [ 1 31 0 0], L_000002363fa20420, L_000002363f9d7e78;
L_000002363f9d6b20 .part v000002363f9d3e20_0, 31, 1;
L_000002363f9d6760 .part v000002363f9d5e00_0, 31, 1;
L_000002363f9d6300 .part v000002363f9d3e20_0, 31, 1;
L_000002363f9d6d00 .part v000002363f9d5e00_0, 31, 1;
L_000002363f9d7700 .part L_000002363f9d75c0, 31, 1;
L_000002363f9d61c0 .concat [ 1 31 0 0], L_000002363fa20730, L_000002363f9d7ec0;
L_000002363f9d6260 .cmp/eq 32, L_000002363f9d75c0, L_000002363f9d7f50;
L_000002363f9d72a0 .concat [ 1 31 0 0], L_000002363f9d6260, L_000002363f9d7f08;
L_000002363f9d6bc0 .part v000002363f9d3e20_0, 0, 5;
L_000002363f9d64e0 .part L_000002363f9d6bc0, 0, 2;
L_000002363f9d63a0 .part L_000002363f9d6bc0, 2, 2;
L_000002363f9d6800 .cmp/eq 2, L_000002363f9d64e0, L_000002363f9d7f98;
LS_000002363f9d6c60_0_0 .concat [ 1 1 1 1], L_000002363f9d6800, L_000002363f9d6800, L_000002363f9d6800, L_000002363f9d6800;
LS_000002363f9d6c60_0_4 .concat [ 1 1 1 1], L_000002363f9d6800, L_000002363f9d6800, L_000002363f9d6800, L_000002363f9d6800;
LS_000002363f9d6c60_0_8 .concat [ 1 1 1 1], L_000002363f9d6800, L_000002363f9d6800, L_000002363f9d6800, L_000002363f9d6800;
LS_000002363f9d6c60_0_12 .concat [ 1 1 1 1], L_000002363f9d6800, L_000002363f9d6800, L_000002363f9d6800, L_000002363f9d6800;
LS_000002363f9d6c60_0_16 .concat [ 1 1 1 1], L_000002363f9d6800, L_000002363f9d6800, L_000002363f9d6800, L_000002363f9d6800;
LS_000002363f9d6c60_0_20 .concat [ 1 1 1 1], L_000002363f9d6800, L_000002363f9d6800, L_000002363f9d6800, L_000002363f9d6800;
LS_000002363f9d6c60_0_24 .concat [ 1 1 1 1], L_000002363f9d6800, L_000002363f9d6800, L_000002363f9d6800, L_000002363f9d6800;
LS_000002363f9d6c60_0_28 .concat [ 1 1 1 1], L_000002363f9d6800, L_000002363f9d6800, L_000002363f9d6800, L_000002363f9d6800;
LS_000002363f9d6c60_1_0 .concat [ 4 4 4 4], LS_000002363f9d6c60_0_0, LS_000002363f9d6c60_0_4, LS_000002363f9d6c60_0_8, LS_000002363f9d6c60_0_12;
LS_000002363f9d6c60_1_4 .concat [ 4 4 4 4], LS_000002363f9d6c60_0_16, LS_000002363f9d6c60_0_20, LS_000002363f9d6c60_0_24, LS_000002363f9d6c60_0_28;
L_000002363f9d6c60 .concat [ 16 16 0 0], LS_000002363f9d6c60_1_0, LS_000002363f9d6c60_1_4;
L_000002363f9d6a80 .cmp/eq 2, L_000002363f9d64e0, L_000002363f9d7fe0;
LS_000002363f9d68a0_0_0 .concat [ 1 1 1 1], L_000002363f9d6a80, L_000002363f9d6a80, L_000002363f9d6a80, L_000002363f9d6a80;
LS_000002363f9d68a0_0_4 .concat [ 1 1 1 1], L_000002363f9d6a80, L_000002363f9d6a80, L_000002363f9d6a80, L_000002363f9d6a80;
LS_000002363f9d68a0_0_8 .concat [ 1 1 1 1], L_000002363f9d6a80, L_000002363f9d6a80, L_000002363f9d6a80, L_000002363f9d6a80;
LS_000002363f9d68a0_0_12 .concat [ 1 1 1 1], L_000002363f9d6a80, L_000002363f9d6a80, L_000002363f9d6a80, L_000002363f9d6a80;
LS_000002363f9d68a0_0_16 .concat [ 1 1 1 1], L_000002363f9d6a80, L_000002363f9d6a80, L_000002363f9d6a80, L_000002363f9d6a80;
LS_000002363f9d68a0_0_20 .concat [ 1 1 1 1], L_000002363f9d6a80, L_000002363f9d6a80, L_000002363f9d6a80, L_000002363f9d6a80;
LS_000002363f9d68a0_0_24 .concat [ 1 1 1 1], L_000002363f9d6a80, L_000002363f9d6a80, L_000002363f9d6a80, L_000002363f9d6a80;
LS_000002363f9d68a0_0_28 .concat [ 1 1 1 1], L_000002363f9d6a80, L_000002363f9d6a80, L_000002363f9d6a80, L_000002363f9d6a80;
LS_000002363f9d68a0_1_0 .concat [ 4 4 4 4], LS_000002363f9d68a0_0_0, LS_000002363f9d68a0_0_4, LS_000002363f9d68a0_0_8, LS_000002363f9d68a0_0_12;
LS_000002363f9d68a0_1_4 .concat [ 4 4 4 4], LS_000002363f9d68a0_0_16, LS_000002363f9d68a0_0_20, LS_000002363f9d68a0_0_24, LS_000002363f9d68a0_0_28;
L_000002363f9d68a0 .concat [ 16 16 0 0], LS_000002363f9d68a0_1_0, LS_000002363f9d68a0_1_4;
L_000002363f9d7520 .part v000002363f9d5e00_0, 0, 31;
L_000002363f9d6580 .concat [ 1 31 0 0], L_000002363f9d8028, L_000002363f9d7520;
L_000002363f9d6620 .cmp/eq 2, L_000002363f9d64e0, L_000002363f9d8070;
LS_000002363f9d6da0_0_0 .concat [ 1 1 1 1], L_000002363f9d6620, L_000002363f9d6620, L_000002363f9d6620, L_000002363f9d6620;
LS_000002363f9d6da0_0_4 .concat [ 1 1 1 1], L_000002363f9d6620, L_000002363f9d6620, L_000002363f9d6620, L_000002363f9d6620;
LS_000002363f9d6da0_0_8 .concat [ 1 1 1 1], L_000002363f9d6620, L_000002363f9d6620, L_000002363f9d6620, L_000002363f9d6620;
LS_000002363f9d6da0_0_12 .concat [ 1 1 1 1], L_000002363f9d6620, L_000002363f9d6620, L_000002363f9d6620, L_000002363f9d6620;
LS_000002363f9d6da0_0_16 .concat [ 1 1 1 1], L_000002363f9d6620, L_000002363f9d6620, L_000002363f9d6620, L_000002363f9d6620;
LS_000002363f9d6da0_0_20 .concat [ 1 1 1 1], L_000002363f9d6620, L_000002363f9d6620, L_000002363f9d6620, L_000002363f9d6620;
LS_000002363f9d6da0_0_24 .concat [ 1 1 1 1], L_000002363f9d6620, L_000002363f9d6620, L_000002363f9d6620, L_000002363f9d6620;
LS_000002363f9d6da0_0_28 .concat [ 1 1 1 1], L_000002363f9d6620, L_000002363f9d6620, L_000002363f9d6620, L_000002363f9d6620;
LS_000002363f9d6da0_1_0 .concat [ 4 4 4 4], LS_000002363f9d6da0_0_0, LS_000002363f9d6da0_0_4, LS_000002363f9d6da0_0_8, LS_000002363f9d6da0_0_12;
LS_000002363f9d6da0_1_4 .concat [ 4 4 4 4], LS_000002363f9d6da0_0_16, LS_000002363f9d6da0_0_20, LS_000002363f9d6da0_0_24, LS_000002363f9d6da0_0_28;
L_000002363f9d6da0 .concat [ 16 16 0 0], LS_000002363f9d6da0_1_0, LS_000002363f9d6da0_1_4;
L_000002363f9d7340 .part v000002363f9d5e00_0, 0, 30;
L_000002363f9d73e0 .concat [ 2 30 0 0], L_000002363f9d80b8, L_000002363f9d7340;
L_000002363f9d7160 .cmp/eq 2, L_000002363f9d64e0, L_000002363f9d8100;
LS_000002363f9d6440_0_0 .concat [ 1 1 1 1], L_000002363f9d7160, L_000002363f9d7160, L_000002363f9d7160, L_000002363f9d7160;
LS_000002363f9d6440_0_4 .concat [ 1 1 1 1], L_000002363f9d7160, L_000002363f9d7160, L_000002363f9d7160, L_000002363f9d7160;
LS_000002363f9d6440_0_8 .concat [ 1 1 1 1], L_000002363f9d7160, L_000002363f9d7160, L_000002363f9d7160, L_000002363f9d7160;
LS_000002363f9d6440_0_12 .concat [ 1 1 1 1], L_000002363f9d7160, L_000002363f9d7160, L_000002363f9d7160, L_000002363f9d7160;
LS_000002363f9d6440_0_16 .concat [ 1 1 1 1], L_000002363f9d7160, L_000002363f9d7160, L_000002363f9d7160, L_000002363f9d7160;
LS_000002363f9d6440_0_20 .concat [ 1 1 1 1], L_000002363f9d7160, L_000002363f9d7160, L_000002363f9d7160, L_000002363f9d7160;
LS_000002363f9d6440_0_24 .concat [ 1 1 1 1], L_000002363f9d7160, L_000002363f9d7160, L_000002363f9d7160, L_000002363f9d7160;
LS_000002363f9d6440_0_28 .concat [ 1 1 1 1], L_000002363f9d7160, L_000002363f9d7160, L_000002363f9d7160, L_000002363f9d7160;
LS_000002363f9d6440_1_0 .concat [ 4 4 4 4], LS_000002363f9d6440_0_0, LS_000002363f9d6440_0_4, LS_000002363f9d6440_0_8, LS_000002363f9d6440_0_12;
LS_000002363f9d6440_1_4 .concat [ 4 4 4 4], LS_000002363f9d6440_0_16, LS_000002363f9d6440_0_20, LS_000002363f9d6440_0_24, LS_000002363f9d6440_0_28;
L_000002363f9d6440 .concat [ 16 16 0 0], LS_000002363f9d6440_1_0, LS_000002363f9d6440_1_4;
L_000002363f9d6e40 .part v000002363f9d5e00_0, 0, 29;
L_000002363f9d6ee0 .concat [ 3 29 0 0], L_000002363f9d8148, L_000002363f9d6e40;
L_000002363f9d7020 .cmp/eq 2, L_000002363f9d63a0, L_000002363f9d8190;
LS_000002363f9d6f80_0_0 .concat [ 1 1 1 1], L_000002363f9d7020, L_000002363f9d7020, L_000002363f9d7020, L_000002363f9d7020;
LS_000002363f9d6f80_0_4 .concat [ 1 1 1 1], L_000002363f9d7020, L_000002363f9d7020, L_000002363f9d7020, L_000002363f9d7020;
LS_000002363f9d6f80_0_8 .concat [ 1 1 1 1], L_000002363f9d7020, L_000002363f9d7020, L_000002363f9d7020, L_000002363f9d7020;
LS_000002363f9d6f80_0_12 .concat [ 1 1 1 1], L_000002363f9d7020, L_000002363f9d7020, L_000002363f9d7020, L_000002363f9d7020;
LS_000002363f9d6f80_0_16 .concat [ 1 1 1 1], L_000002363f9d7020, L_000002363f9d7020, L_000002363f9d7020, L_000002363f9d7020;
LS_000002363f9d6f80_0_20 .concat [ 1 1 1 1], L_000002363f9d7020, L_000002363f9d7020, L_000002363f9d7020, L_000002363f9d7020;
LS_000002363f9d6f80_0_24 .concat [ 1 1 1 1], L_000002363f9d7020, L_000002363f9d7020, L_000002363f9d7020, L_000002363f9d7020;
LS_000002363f9d6f80_0_28 .concat [ 1 1 1 1], L_000002363f9d7020, L_000002363f9d7020, L_000002363f9d7020, L_000002363f9d7020;
LS_000002363f9d6f80_1_0 .concat [ 4 4 4 4], LS_000002363f9d6f80_0_0, LS_000002363f9d6f80_0_4, LS_000002363f9d6f80_0_8, LS_000002363f9d6f80_0_12;
LS_000002363f9d6f80_1_4 .concat [ 4 4 4 4], LS_000002363f9d6f80_0_16, LS_000002363f9d6f80_0_20, LS_000002363f9d6f80_0_24, LS_000002363f9d6f80_0_28;
L_000002363f9d6f80 .concat [ 16 16 0 0], LS_000002363f9d6f80_1_0, LS_000002363f9d6f80_1_4;
L_000002363f9d7480 .cmp/eq 2, L_000002363f9d63a0, L_000002363f9d81d8;
LS_000002363f9d77a0_0_0 .concat [ 1 1 1 1], L_000002363f9d7480, L_000002363f9d7480, L_000002363f9d7480, L_000002363f9d7480;
LS_000002363f9d77a0_0_4 .concat [ 1 1 1 1], L_000002363f9d7480, L_000002363f9d7480, L_000002363f9d7480, L_000002363f9d7480;
LS_000002363f9d77a0_0_8 .concat [ 1 1 1 1], L_000002363f9d7480, L_000002363f9d7480, L_000002363f9d7480, L_000002363f9d7480;
LS_000002363f9d77a0_0_12 .concat [ 1 1 1 1], L_000002363f9d7480, L_000002363f9d7480, L_000002363f9d7480, L_000002363f9d7480;
LS_000002363f9d77a0_0_16 .concat [ 1 1 1 1], L_000002363f9d7480, L_000002363f9d7480, L_000002363f9d7480, L_000002363f9d7480;
LS_000002363f9d77a0_0_20 .concat [ 1 1 1 1], L_000002363f9d7480, L_000002363f9d7480, L_000002363f9d7480, L_000002363f9d7480;
LS_000002363f9d77a0_0_24 .concat [ 1 1 1 1], L_000002363f9d7480, L_000002363f9d7480, L_000002363f9d7480, L_000002363f9d7480;
LS_000002363f9d77a0_0_28 .concat [ 1 1 1 1], L_000002363f9d7480, L_000002363f9d7480, L_000002363f9d7480, L_000002363f9d7480;
LS_000002363f9d77a0_1_0 .concat [ 4 4 4 4], LS_000002363f9d77a0_0_0, LS_000002363f9d77a0_0_4, LS_000002363f9d77a0_0_8, LS_000002363f9d77a0_0_12;
LS_000002363f9d77a0_1_4 .concat [ 4 4 4 4], LS_000002363f9d77a0_0_16, LS_000002363f9d77a0_0_20, LS_000002363f9d77a0_0_24, LS_000002363f9d77a0_0_28;
L_000002363f9d77a0 .concat [ 16 16 0 0], LS_000002363f9d77a0_1_0, LS_000002363f9d77a0_1_4;
L_000002363fa33910 .part L_000002363fa1faf0, 0, 28;
L_000002363fa34a90 .concat [ 4 28 0 0], L_000002363f9d8220, L_000002363fa33910;
L_000002363fa33af0 .cmp/eq 2, L_000002363f9d63a0, L_000002363f9d8268;
LS_000002363fa34770_0_0 .concat [ 1 1 1 1], L_000002363fa33af0, L_000002363fa33af0, L_000002363fa33af0, L_000002363fa33af0;
LS_000002363fa34770_0_4 .concat [ 1 1 1 1], L_000002363fa33af0, L_000002363fa33af0, L_000002363fa33af0, L_000002363fa33af0;
LS_000002363fa34770_0_8 .concat [ 1 1 1 1], L_000002363fa33af0, L_000002363fa33af0, L_000002363fa33af0, L_000002363fa33af0;
LS_000002363fa34770_0_12 .concat [ 1 1 1 1], L_000002363fa33af0, L_000002363fa33af0, L_000002363fa33af0, L_000002363fa33af0;
LS_000002363fa34770_0_16 .concat [ 1 1 1 1], L_000002363fa33af0, L_000002363fa33af0, L_000002363fa33af0, L_000002363fa33af0;
LS_000002363fa34770_0_20 .concat [ 1 1 1 1], L_000002363fa33af0, L_000002363fa33af0, L_000002363fa33af0, L_000002363fa33af0;
LS_000002363fa34770_0_24 .concat [ 1 1 1 1], L_000002363fa33af0, L_000002363fa33af0, L_000002363fa33af0, L_000002363fa33af0;
LS_000002363fa34770_0_28 .concat [ 1 1 1 1], L_000002363fa33af0, L_000002363fa33af0, L_000002363fa33af0, L_000002363fa33af0;
LS_000002363fa34770_1_0 .concat [ 4 4 4 4], LS_000002363fa34770_0_0, LS_000002363fa34770_0_4, LS_000002363fa34770_0_8, LS_000002363fa34770_0_12;
LS_000002363fa34770_1_4 .concat [ 4 4 4 4], LS_000002363fa34770_0_16, LS_000002363fa34770_0_20, LS_000002363fa34770_0_24, LS_000002363fa34770_0_28;
L_000002363fa34770 .concat [ 16 16 0 0], LS_000002363fa34770_1_0, LS_000002363fa34770_1_4;
L_000002363fa33e10 .part L_000002363fa1faf0, 0, 24;
L_000002363fa344f0 .concat [ 8 24 0 0], L_000002363f9d82b0, L_000002363fa33e10;
L_000002363fa34ef0 .cmp/eq 2, L_000002363f9d63a0, L_000002363f9d82f8;
LS_000002363fa33870_0_0 .concat [ 1 1 1 1], L_000002363fa34ef0, L_000002363fa34ef0, L_000002363fa34ef0, L_000002363fa34ef0;
LS_000002363fa33870_0_4 .concat [ 1 1 1 1], L_000002363fa34ef0, L_000002363fa34ef0, L_000002363fa34ef0, L_000002363fa34ef0;
LS_000002363fa33870_0_8 .concat [ 1 1 1 1], L_000002363fa34ef0, L_000002363fa34ef0, L_000002363fa34ef0, L_000002363fa34ef0;
LS_000002363fa33870_0_12 .concat [ 1 1 1 1], L_000002363fa34ef0, L_000002363fa34ef0, L_000002363fa34ef0, L_000002363fa34ef0;
LS_000002363fa33870_0_16 .concat [ 1 1 1 1], L_000002363fa34ef0, L_000002363fa34ef0, L_000002363fa34ef0, L_000002363fa34ef0;
LS_000002363fa33870_0_20 .concat [ 1 1 1 1], L_000002363fa34ef0, L_000002363fa34ef0, L_000002363fa34ef0, L_000002363fa34ef0;
LS_000002363fa33870_0_24 .concat [ 1 1 1 1], L_000002363fa34ef0, L_000002363fa34ef0, L_000002363fa34ef0, L_000002363fa34ef0;
LS_000002363fa33870_0_28 .concat [ 1 1 1 1], L_000002363fa34ef0, L_000002363fa34ef0, L_000002363fa34ef0, L_000002363fa34ef0;
LS_000002363fa33870_1_0 .concat [ 4 4 4 4], LS_000002363fa33870_0_0, LS_000002363fa33870_0_4, LS_000002363fa33870_0_8, LS_000002363fa33870_0_12;
LS_000002363fa33870_1_4 .concat [ 4 4 4 4], LS_000002363fa33870_0_16, LS_000002363fa33870_0_20, LS_000002363fa33870_0_24, LS_000002363fa33870_0_28;
L_000002363fa33870 .concat [ 16 16 0 0], LS_000002363fa33870_1_0, LS_000002363fa33870_1_4;
L_000002363fa32a10 .part L_000002363fa1faf0, 0, 20;
L_000002363fa32ab0 .concat [ 12 20 0 0], L_000002363f9d8340, L_000002363fa32a10;
L_000002363fa337d0 .part L_000002363f9d6bc0, 4, 1;
L_000002363fa34db0 .part L_000002363fa1ffc0, 0, 16;
L_000002363fa32dd0 .concat [ 16 16 0 0], L_000002363f9d8388, L_000002363fa34db0;
L_000002363fa34e50 .functor MUXZ 32, L_000002363fa1ffc0, L_000002363fa32dd0, L_000002363fa337d0, C4<>;
L_000002363fa34bd0 .cmp/eq 2, L_000002363f9d64e0, L_000002363f9d83d0;
LS_000002363fa32e70_0_0 .concat [ 1 1 1 1], L_000002363fa34bd0, L_000002363fa34bd0, L_000002363fa34bd0, L_000002363fa34bd0;
LS_000002363fa32e70_0_4 .concat [ 1 1 1 1], L_000002363fa34bd0, L_000002363fa34bd0, L_000002363fa34bd0, L_000002363fa34bd0;
LS_000002363fa32e70_0_8 .concat [ 1 1 1 1], L_000002363fa34bd0, L_000002363fa34bd0, L_000002363fa34bd0, L_000002363fa34bd0;
LS_000002363fa32e70_0_12 .concat [ 1 1 1 1], L_000002363fa34bd0, L_000002363fa34bd0, L_000002363fa34bd0, L_000002363fa34bd0;
LS_000002363fa32e70_0_16 .concat [ 1 1 1 1], L_000002363fa34bd0, L_000002363fa34bd0, L_000002363fa34bd0, L_000002363fa34bd0;
LS_000002363fa32e70_0_20 .concat [ 1 1 1 1], L_000002363fa34bd0, L_000002363fa34bd0, L_000002363fa34bd0, L_000002363fa34bd0;
LS_000002363fa32e70_0_24 .concat [ 1 1 1 1], L_000002363fa34bd0, L_000002363fa34bd0, L_000002363fa34bd0, L_000002363fa34bd0;
LS_000002363fa32e70_0_28 .concat [ 1 1 1 1], L_000002363fa34bd0, L_000002363fa34bd0, L_000002363fa34bd0, L_000002363fa34bd0;
LS_000002363fa32e70_1_0 .concat [ 4 4 4 4], LS_000002363fa32e70_0_0, LS_000002363fa32e70_0_4, LS_000002363fa32e70_0_8, LS_000002363fa32e70_0_12;
LS_000002363fa32e70_1_4 .concat [ 4 4 4 4], LS_000002363fa32e70_0_16, LS_000002363fa32e70_0_20, LS_000002363fa32e70_0_24, LS_000002363fa32e70_0_28;
L_000002363fa32e70 .concat [ 16 16 0 0], LS_000002363fa32e70_1_0, LS_000002363fa32e70_1_4;
L_000002363fa349f0 .cmp/eq 2, L_000002363f9d64e0, L_000002363f9d8418;
LS_000002363fa33b90_0_0 .concat [ 1 1 1 1], L_000002363fa349f0, L_000002363fa349f0, L_000002363fa349f0, L_000002363fa349f0;
LS_000002363fa33b90_0_4 .concat [ 1 1 1 1], L_000002363fa349f0, L_000002363fa349f0, L_000002363fa349f0, L_000002363fa349f0;
LS_000002363fa33b90_0_8 .concat [ 1 1 1 1], L_000002363fa349f0, L_000002363fa349f0, L_000002363fa349f0, L_000002363fa349f0;
LS_000002363fa33b90_0_12 .concat [ 1 1 1 1], L_000002363fa349f0, L_000002363fa349f0, L_000002363fa349f0, L_000002363fa349f0;
LS_000002363fa33b90_0_16 .concat [ 1 1 1 1], L_000002363fa349f0, L_000002363fa349f0, L_000002363fa349f0, L_000002363fa349f0;
LS_000002363fa33b90_0_20 .concat [ 1 1 1 1], L_000002363fa349f0, L_000002363fa349f0, L_000002363fa349f0, L_000002363fa349f0;
LS_000002363fa33b90_0_24 .concat [ 1 1 1 1], L_000002363fa349f0, L_000002363fa349f0, L_000002363fa349f0, L_000002363fa349f0;
LS_000002363fa33b90_0_28 .concat [ 1 1 1 1], L_000002363fa349f0, L_000002363fa349f0, L_000002363fa349f0, L_000002363fa349f0;
LS_000002363fa33b90_1_0 .concat [ 4 4 4 4], LS_000002363fa33b90_0_0, LS_000002363fa33b90_0_4, LS_000002363fa33b90_0_8, LS_000002363fa33b90_0_12;
LS_000002363fa33b90_1_4 .concat [ 4 4 4 4], LS_000002363fa33b90_0_16, LS_000002363fa33b90_0_20, LS_000002363fa33b90_0_24, LS_000002363fa33b90_0_28;
L_000002363fa33b90 .concat [ 16 16 0 0], LS_000002363fa33b90_1_0, LS_000002363fa33b90_1_4;
L_000002363fa34b30 .part v000002363f9d5e00_0, 1, 31;
L_000002363fa34f90 .concat [ 31 1 0 0], L_000002363fa34b30, L_000002363f9d8460;
L_000002363fa348b0 .cmp/eq 2, L_000002363f9d64e0, L_000002363f9d84a8;
LS_000002363fa34c70_0_0 .concat [ 1 1 1 1], L_000002363fa348b0, L_000002363fa348b0, L_000002363fa348b0, L_000002363fa348b0;
LS_000002363fa34c70_0_4 .concat [ 1 1 1 1], L_000002363fa348b0, L_000002363fa348b0, L_000002363fa348b0, L_000002363fa348b0;
LS_000002363fa34c70_0_8 .concat [ 1 1 1 1], L_000002363fa348b0, L_000002363fa348b0, L_000002363fa348b0, L_000002363fa348b0;
LS_000002363fa34c70_0_12 .concat [ 1 1 1 1], L_000002363fa348b0, L_000002363fa348b0, L_000002363fa348b0, L_000002363fa348b0;
LS_000002363fa34c70_0_16 .concat [ 1 1 1 1], L_000002363fa348b0, L_000002363fa348b0, L_000002363fa348b0, L_000002363fa348b0;
LS_000002363fa34c70_0_20 .concat [ 1 1 1 1], L_000002363fa348b0, L_000002363fa348b0, L_000002363fa348b0, L_000002363fa348b0;
LS_000002363fa34c70_0_24 .concat [ 1 1 1 1], L_000002363fa348b0, L_000002363fa348b0, L_000002363fa348b0, L_000002363fa348b0;
LS_000002363fa34c70_0_28 .concat [ 1 1 1 1], L_000002363fa348b0, L_000002363fa348b0, L_000002363fa348b0, L_000002363fa348b0;
LS_000002363fa34c70_1_0 .concat [ 4 4 4 4], LS_000002363fa34c70_0_0, LS_000002363fa34c70_0_4, LS_000002363fa34c70_0_8, LS_000002363fa34c70_0_12;
LS_000002363fa34c70_1_4 .concat [ 4 4 4 4], LS_000002363fa34c70_0_16, LS_000002363fa34c70_0_20, LS_000002363fa34c70_0_24, LS_000002363fa34c70_0_28;
L_000002363fa34c70 .concat [ 16 16 0 0], LS_000002363fa34c70_1_0, LS_000002363fa34c70_1_4;
L_000002363fa335f0 .part v000002363f9d5e00_0, 2, 30;
L_000002363fa34130 .concat [ 30 2 0 0], L_000002363fa335f0, L_000002363f9d84f0;
L_000002363fa32c90 .cmp/eq 2, L_000002363f9d64e0, L_000002363f9d8538;
LS_000002363fa34810_0_0 .concat [ 1 1 1 1], L_000002363fa32c90, L_000002363fa32c90, L_000002363fa32c90, L_000002363fa32c90;
LS_000002363fa34810_0_4 .concat [ 1 1 1 1], L_000002363fa32c90, L_000002363fa32c90, L_000002363fa32c90, L_000002363fa32c90;
LS_000002363fa34810_0_8 .concat [ 1 1 1 1], L_000002363fa32c90, L_000002363fa32c90, L_000002363fa32c90, L_000002363fa32c90;
LS_000002363fa34810_0_12 .concat [ 1 1 1 1], L_000002363fa32c90, L_000002363fa32c90, L_000002363fa32c90, L_000002363fa32c90;
LS_000002363fa34810_0_16 .concat [ 1 1 1 1], L_000002363fa32c90, L_000002363fa32c90, L_000002363fa32c90, L_000002363fa32c90;
LS_000002363fa34810_0_20 .concat [ 1 1 1 1], L_000002363fa32c90, L_000002363fa32c90, L_000002363fa32c90, L_000002363fa32c90;
LS_000002363fa34810_0_24 .concat [ 1 1 1 1], L_000002363fa32c90, L_000002363fa32c90, L_000002363fa32c90, L_000002363fa32c90;
LS_000002363fa34810_0_28 .concat [ 1 1 1 1], L_000002363fa32c90, L_000002363fa32c90, L_000002363fa32c90, L_000002363fa32c90;
LS_000002363fa34810_1_0 .concat [ 4 4 4 4], LS_000002363fa34810_0_0, LS_000002363fa34810_0_4, LS_000002363fa34810_0_8, LS_000002363fa34810_0_12;
LS_000002363fa34810_1_4 .concat [ 4 4 4 4], LS_000002363fa34810_0_16, LS_000002363fa34810_0_20, LS_000002363fa34810_0_24, LS_000002363fa34810_0_28;
L_000002363fa34810 .concat [ 16 16 0 0], LS_000002363fa34810_1_0, LS_000002363fa34810_1_4;
L_000002363fa343b0 .part v000002363f9d5e00_0, 3, 29;
L_000002363fa34950 .concat [ 29 3 0 0], L_000002363fa343b0, L_000002363f9d8580;
L_000002363fa341d0 .cmp/eq 2, L_000002363f9d63a0, L_000002363f9d85c8;
LS_000002363fa33ff0_0_0 .concat [ 1 1 1 1], L_000002363fa341d0, L_000002363fa341d0, L_000002363fa341d0, L_000002363fa341d0;
LS_000002363fa33ff0_0_4 .concat [ 1 1 1 1], L_000002363fa341d0, L_000002363fa341d0, L_000002363fa341d0, L_000002363fa341d0;
LS_000002363fa33ff0_0_8 .concat [ 1 1 1 1], L_000002363fa341d0, L_000002363fa341d0, L_000002363fa341d0, L_000002363fa341d0;
LS_000002363fa33ff0_0_12 .concat [ 1 1 1 1], L_000002363fa341d0, L_000002363fa341d0, L_000002363fa341d0, L_000002363fa341d0;
LS_000002363fa33ff0_0_16 .concat [ 1 1 1 1], L_000002363fa341d0, L_000002363fa341d0, L_000002363fa341d0, L_000002363fa341d0;
LS_000002363fa33ff0_0_20 .concat [ 1 1 1 1], L_000002363fa341d0, L_000002363fa341d0, L_000002363fa341d0, L_000002363fa341d0;
LS_000002363fa33ff0_0_24 .concat [ 1 1 1 1], L_000002363fa341d0, L_000002363fa341d0, L_000002363fa341d0, L_000002363fa341d0;
LS_000002363fa33ff0_0_28 .concat [ 1 1 1 1], L_000002363fa341d0, L_000002363fa341d0, L_000002363fa341d0, L_000002363fa341d0;
LS_000002363fa33ff0_1_0 .concat [ 4 4 4 4], LS_000002363fa33ff0_0_0, LS_000002363fa33ff0_0_4, LS_000002363fa33ff0_0_8, LS_000002363fa33ff0_0_12;
LS_000002363fa33ff0_1_4 .concat [ 4 4 4 4], LS_000002363fa33ff0_0_16, LS_000002363fa33ff0_0_20, LS_000002363fa33ff0_0_24, LS_000002363fa33ff0_0_28;
L_000002363fa33ff0 .concat [ 16 16 0 0], LS_000002363fa33ff0_1_0, LS_000002363fa33ff0_1_4;
L_000002363fa34d10 .cmp/eq 2, L_000002363f9d63a0, L_000002363f9d8610;
LS_000002363fa33050_0_0 .concat [ 1 1 1 1], L_000002363fa34d10, L_000002363fa34d10, L_000002363fa34d10, L_000002363fa34d10;
LS_000002363fa33050_0_4 .concat [ 1 1 1 1], L_000002363fa34d10, L_000002363fa34d10, L_000002363fa34d10, L_000002363fa34d10;
LS_000002363fa33050_0_8 .concat [ 1 1 1 1], L_000002363fa34d10, L_000002363fa34d10, L_000002363fa34d10, L_000002363fa34d10;
LS_000002363fa33050_0_12 .concat [ 1 1 1 1], L_000002363fa34d10, L_000002363fa34d10, L_000002363fa34d10, L_000002363fa34d10;
LS_000002363fa33050_0_16 .concat [ 1 1 1 1], L_000002363fa34d10, L_000002363fa34d10, L_000002363fa34d10, L_000002363fa34d10;
LS_000002363fa33050_0_20 .concat [ 1 1 1 1], L_000002363fa34d10, L_000002363fa34d10, L_000002363fa34d10, L_000002363fa34d10;
LS_000002363fa33050_0_24 .concat [ 1 1 1 1], L_000002363fa34d10, L_000002363fa34d10, L_000002363fa34d10, L_000002363fa34d10;
LS_000002363fa33050_0_28 .concat [ 1 1 1 1], L_000002363fa34d10, L_000002363fa34d10, L_000002363fa34d10, L_000002363fa34d10;
LS_000002363fa33050_1_0 .concat [ 4 4 4 4], LS_000002363fa33050_0_0, LS_000002363fa33050_0_4, LS_000002363fa33050_0_8, LS_000002363fa33050_0_12;
LS_000002363fa33050_1_4 .concat [ 4 4 4 4], LS_000002363fa33050_0_16, LS_000002363fa33050_0_20, LS_000002363fa33050_0_24, LS_000002363fa33050_0_28;
L_000002363fa33050 .concat [ 16 16 0 0], LS_000002363fa33050_1_0, LS_000002363fa33050_1_4;
L_000002363fa35030 .part L_000002363fa20570, 4, 28;
L_000002363fa339b0 .concat [ 28 4 0 0], L_000002363fa35030, L_000002363f9d8658;
L_000002363fa34310 .cmp/eq 2, L_000002363f9d63a0, L_000002363f9d86a0;
LS_000002363fa34590_0_0 .concat [ 1 1 1 1], L_000002363fa34310, L_000002363fa34310, L_000002363fa34310, L_000002363fa34310;
LS_000002363fa34590_0_4 .concat [ 1 1 1 1], L_000002363fa34310, L_000002363fa34310, L_000002363fa34310, L_000002363fa34310;
LS_000002363fa34590_0_8 .concat [ 1 1 1 1], L_000002363fa34310, L_000002363fa34310, L_000002363fa34310, L_000002363fa34310;
LS_000002363fa34590_0_12 .concat [ 1 1 1 1], L_000002363fa34310, L_000002363fa34310, L_000002363fa34310, L_000002363fa34310;
LS_000002363fa34590_0_16 .concat [ 1 1 1 1], L_000002363fa34310, L_000002363fa34310, L_000002363fa34310, L_000002363fa34310;
LS_000002363fa34590_0_20 .concat [ 1 1 1 1], L_000002363fa34310, L_000002363fa34310, L_000002363fa34310, L_000002363fa34310;
LS_000002363fa34590_0_24 .concat [ 1 1 1 1], L_000002363fa34310, L_000002363fa34310, L_000002363fa34310, L_000002363fa34310;
LS_000002363fa34590_0_28 .concat [ 1 1 1 1], L_000002363fa34310, L_000002363fa34310, L_000002363fa34310, L_000002363fa34310;
LS_000002363fa34590_1_0 .concat [ 4 4 4 4], LS_000002363fa34590_0_0, LS_000002363fa34590_0_4, LS_000002363fa34590_0_8, LS_000002363fa34590_0_12;
LS_000002363fa34590_1_4 .concat [ 4 4 4 4], LS_000002363fa34590_0_16, LS_000002363fa34590_0_20, LS_000002363fa34590_0_24, LS_000002363fa34590_0_28;
L_000002363fa34590 .concat [ 16 16 0 0], LS_000002363fa34590_1_0, LS_000002363fa34590_1_4;
L_000002363fa32d30 .part L_000002363fa20570, 8, 24;
L_000002363fa33690 .concat [ 24 8 0 0], L_000002363fa32d30, L_000002363f9d86e8;
L_000002363fa34090 .cmp/eq 2, L_000002363f9d63a0, L_000002363f9d8730;
LS_000002363fa34270_0_0 .concat [ 1 1 1 1], L_000002363fa34090, L_000002363fa34090, L_000002363fa34090, L_000002363fa34090;
LS_000002363fa34270_0_4 .concat [ 1 1 1 1], L_000002363fa34090, L_000002363fa34090, L_000002363fa34090, L_000002363fa34090;
LS_000002363fa34270_0_8 .concat [ 1 1 1 1], L_000002363fa34090, L_000002363fa34090, L_000002363fa34090, L_000002363fa34090;
LS_000002363fa34270_0_12 .concat [ 1 1 1 1], L_000002363fa34090, L_000002363fa34090, L_000002363fa34090, L_000002363fa34090;
LS_000002363fa34270_0_16 .concat [ 1 1 1 1], L_000002363fa34090, L_000002363fa34090, L_000002363fa34090, L_000002363fa34090;
LS_000002363fa34270_0_20 .concat [ 1 1 1 1], L_000002363fa34090, L_000002363fa34090, L_000002363fa34090, L_000002363fa34090;
LS_000002363fa34270_0_24 .concat [ 1 1 1 1], L_000002363fa34090, L_000002363fa34090, L_000002363fa34090, L_000002363fa34090;
LS_000002363fa34270_0_28 .concat [ 1 1 1 1], L_000002363fa34090, L_000002363fa34090, L_000002363fa34090, L_000002363fa34090;
LS_000002363fa34270_1_0 .concat [ 4 4 4 4], LS_000002363fa34270_0_0, LS_000002363fa34270_0_4, LS_000002363fa34270_0_8, LS_000002363fa34270_0_12;
LS_000002363fa34270_1_4 .concat [ 4 4 4 4], LS_000002363fa34270_0_16, LS_000002363fa34270_0_20, LS_000002363fa34270_0_24, LS_000002363fa34270_0_28;
L_000002363fa34270 .concat [ 16 16 0 0], LS_000002363fa34270_1_0, LS_000002363fa34270_1_4;
L_000002363fa32970 .part L_000002363fa20570, 12, 20;
L_000002363fa33730 .concat [ 20 12 0 0], L_000002363fa32970, L_000002363f9d8778;
L_000002363fa350d0 .part L_000002363f9d6bc0, 4, 1;
L_000002363fa32b50 .part L_000002363fa41870, 16, 16;
L_000002363fa34450 .concat [ 16 16 0 0], L_000002363fa32b50, L_000002363f9d87c0;
L_000002363fa34630 .functor MUXZ 32, L_000002363fa41870, L_000002363fa34450, L_000002363fa350d0, C4<>;
L_000002363fa32bf0 .cmp/eq 2, L_000002363f9d64e0, L_000002363f9d8808;
LS_000002363fa33a50_0_0 .concat [ 1 1 1 1], L_000002363fa32bf0, L_000002363fa32bf0, L_000002363fa32bf0, L_000002363fa32bf0;
LS_000002363fa33a50_0_4 .concat [ 1 1 1 1], L_000002363fa32bf0, L_000002363fa32bf0, L_000002363fa32bf0, L_000002363fa32bf0;
LS_000002363fa33a50_0_8 .concat [ 1 1 1 1], L_000002363fa32bf0, L_000002363fa32bf0, L_000002363fa32bf0, L_000002363fa32bf0;
LS_000002363fa33a50_0_12 .concat [ 1 1 1 1], L_000002363fa32bf0, L_000002363fa32bf0, L_000002363fa32bf0, L_000002363fa32bf0;
LS_000002363fa33a50_0_16 .concat [ 1 1 1 1], L_000002363fa32bf0, L_000002363fa32bf0, L_000002363fa32bf0, L_000002363fa32bf0;
LS_000002363fa33a50_0_20 .concat [ 1 1 1 1], L_000002363fa32bf0, L_000002363fa32bf0, L_000002363fa32bf0, L_000002363fa32bf0;
LS_000002363fa33a50_0_24 .concat [ 1 1 1 1], L_000002363fa32bf0, L_000002363fa32bf0, L_000002363fa32bf0, L_000002363fa32bf0;
LS_000002363fa33a50_0_28 .concat [ 1 1 1 1], L_000002363fa32bf0, L_000002363fa32bf0, L_000002363fa32bf0, L_000002363fa32bf0;
LS_000002363fa33a50_1_0 .concat [ 4 4 4 4], LS_000002363fa33a50_0_0, LS_000002363fa33a50_0_4, LS_000002363fa33a50_0_8, LS_000002363fa33a50_0_12;
LS_000002363fa33a50_1_4 .concat [ 4 4 4 4], LS_000002363fa33a50_0_16, LS_000002363fa33a50_0_20, LS_000002363fa33a50_0_24, LS_000002363fa33a50_0_28;
L_000002363fa33a50 .concat [ 16 16 0 0], LS_000002363fa33a50_1_0, LS_000002363fa33a50_1_4;
L_000002363fa32f10 .cmp/eq 2, L_000002363f9d64e0, L_000002363f9d8850;
LS_000002363fa32fb0_0_0 .concat [ 1 1 1 1], L_000002363fa32f10, L_000002363fa32f10, L_000002363fa32f10, L_000002363fa32f10;
LS_000002363fa32fb0_0_4 .concat [ 1 1 1 1], L_000002363fa32f10, L_000002363fa32f10, L_000002363fa32f10, L_000002363fa32f10;
LS_000002363fa32fb0_0_8 .concat [ 1 1 1 1], L_000002363fa32f10, L_000002363fa32f10, L_000002363fa32f10, L_000002363fa32f10;
LS_000002363fa32fb0_0_12 .concat [ 1 1 1 1], L_000002363fa32f10, L_000002363fa32f10, L_000002363fa32f10, L_000002363fa32f10;
LS_000002363fa32fb0_0_16 .concat [ 1 1 1 1], L_000002363fa32f10, L_000002363fa32f10, L_000002363fa32f10, L_000002363fa32f10;
LS_000002363fa32fb0_0_20 .concat [ 1 1 1 1], L_000002363fa32f10, L_000002363fa32f10, L_000002363fa32f10, L_000002363fa32f10;
LS_000002363fa32fb0_0_24 .concat [ 1 1 1 1], L_000002363fa32f10, L_000002363fa32f10, L_000002363fa32f10, L_000002363fa32f10;
LS_000002363fa32fb0_0_28 .concat [ 1 1 1 1], L_000002363fa32f10, L_000002363fa32f10, L_000002363fa32f10, L_000002363fa32f10;
LS_000002363fa32fb0_1_0 .concat [ 4 4 4 4], LS_000002363fa32fb0_0_0, LS_000002363fa32fb0_0_4, LS_000002363fa32fb0_0_8, LS_000002363fa32fb0_0_12;
LS_000002363fa32fb0_1_4 .concat [ 4 4 4 4], LS_000002363fa32fb0_0_16, LS_000002363fa32fb0_0_20, LS_000002363fa32fb0_0_24, LS_000002363fa32fb0_0_28;
L_000002363fa32fb0 .concat [ 16 16 0 0], LS_000002363fa32fb0_1_0, LS_000002363fa32fb0_1_4;
L_000002363fa330f0 .part v000002363f9d5e00_0, 31, 1;
L_000002363fa33190 .part v000002363f9d5e00_0, 1, 31;
L_000002363fa33230 .concat [ 31 1 0 0], L_000002363fa33190, L_000002363fa330f0;
L_000002363fa33c30 .cmp/eq 2, L_000002363f9d64e0, L_000002363f9d8898;
LS_000002363fa33410_0_0 .concat [ 1 1 1 1], L_000002363fa33c30, L_000002363fa33c30, L_000002363fa33c30, L_000002363fa33c30;
LS_000002363fa33410_0_4 .concat [ 1 1 1 1], L_000002363fa33c30, L_000002363fa33c30, L_000002363fa33c30, L_000002363fa33c30;
LS_000002363fa33410_0_8 .concat [ 1 1 1 1], L_000002363fa33c30, L_000002363fa33c30, L_000002363fa33c30, L_000002363fa33c30;
LS_000002363fa33410_0_12 .concat [ 1 1 1 1], L_000002363fa33c30, L_000002363fa33c30, L_000002363fa33c30, L_000002363fa33c30;
LS_000002363fa33410_0_16 .concat [ 1 1 1 1], L_000002363fa33c30, L_000002363fa33c30, L_000002363fa33c30, L_000002363fa33c30;
LS_000002363fa33410_0_20 .concat [ 1 1 1 1], L_000002363fa33c30, L_000002363fa33c30, L_000002363fa33c30, L_000002363fa33c30;
LS_000002363fa33410_0_24 .concat [ 1 1 1 1], L_000002363fa33c30, L_000002363fa33c30, L_000002363fa33c30, L_000002363fa33c30;
LS_000002363fa33410_0_28 .concat [ 1 1 1 1], L_000002363fa33c30, L_000002363fa33c30, L_000002363fa33c30, L_000002363fa33c30;
LS_000002363fa33410_1_0 .concat [ 4 4 4 4], LS_000002363fa33410_0_0, LS_000002363fa33410_0_4, LS_000002363fa33410_0_8, LS_000002363fa33410_0_12;
LS_000002363fa33410_1_4 .concat [ 4 4 4 4], LS_000002363fa33410_0_16, LS_000002363fa33410_0_20, LS_000002363fa33410_0_24, LS_000002363fa33410_0_28;
L_000002363fa33410 .concat [ 16 16 0 0], LS_000002363fa33410_1_0, LS_000002363fa33410_1_4;
L_000002363fa33d70 .part v000002363f9d5e00_0, 31, 1;
L_000002363fa346d0 .concat [ 1 1 0 0], L_000002363fa33d70, L_000002363fa33d70;
L_000002363fa332d0 .part v000002363f9d5e00_0, 2, 30;
L_000002363fa33370 .concat [ 30 2 0 0], L_000002363fa332d0, L_000002363fa346d0;
L_000002363fa334b0 .cmp/eq 2, L_000002363f9d64e0, L_000002363f9d88e0;
LS_000002363fa33550_0_0 .concat [ 1 1 1 1], L_000002363fa334b0, L_000002363fa334b0, L_000002363fa334b0, L_000002363fa334b0;
LS_000002363fa33550_0_4 .concat [ 1 1 1 1], L_000002363fa334b0, L_000002363fa334b0, L_000002363fa334b0, L_000002363fa334b0;
LS_000002363fa33550_0_8 .concat [ 1 1 1 1], L_000002363fa334b0, L_000002363fa334b0, L_000002363fa334b0, L_000002363fa334b0;
LS_000002363fa33550_0_12 .concat [ 1 1 1 1], L_000002363fa334b0, L_000002363fa334b0, L_000002363fa334b0, L_000002363fa334b0;
LS_000002363fa33550_0_16 .concat [ 1 1 1 1], L_000002363fa334b0, L_000002363fa334b0, L_000002363fa334b0, L_000002363fa334b0;
LS_000002363fa33550_0_20 .concat [ 1 1 1 1], L_000002363fa334b0, L_000002363fa334b0, L_000002363fa334b0, L_000002363fa334b0;
LS_000002363fa33550_0_24 .concat [ 1 1 1 1], L_000002363fa334b0, L_000002363fa334b0, L_000002363fa334b0, L_000002363fa334b0;
LS_000002363fa33550_0_28 .concat [ 1 1 1 1], L_000002363fa334b0, L_000002363fa334b0, L_000002363fa334b0, L_000002363fa334b0;
LS_000002363fa33550_1_0 .concat [ 4 4 4 4], LS_000002363fa33550_0_0, LS_000002363fa33550_0_4, LS_000002363fa33550_0_8, LS_000002363fa33550_0_12;
LS_000002363fa33550_1_4 .concat [ 4 4 4 4], LS_000002363fa33550_0_16, LS_000002363fa33550_0_20, LS_000002363fa33550_0_24, LS_000002363fa33550_0_28;
L_000002363fa33550 .concat [ 16 16 0 0], LS_000002363fa33550_1_0, LS_000002363fa33550_1_4;
L_000002363fa33eb0 .part v000002363f9d5e00_0, 31, 1;
L_000002363fa33cd0 .concat [ 1 1 1 0], L_000002363fa33eb0, L_000002363fa33eb0, L_000002363fa33eb0;
L_000002363fa33f50 .part v000002363f9d5e00_0, 3, 29;
L_000002363fa35ad0 .concat [ 29 3 0 0], L_000002363fa33f50, L_000002363fa33cd0;
L_000002363fa35530 .cmp/eq 2, L_000002363f9d63a0, L_000002363f9d8928;
LS_000002363fa35d50_0_0 .concat [ 1 1 1 1], L_000002363fa35530, L_000002363fa35530, L_000002363fa35530, L_000002363fa35530;
LS_000002363fa35d50_0_4 .concat [ 1 1 1 1], L_000002363fa35530, L_000002363fa35530, L_000002363fa35530, L_000002363fa35530;
LS_000002363fa35d50_0_8 .concat [ 1 1 1 1], L_000002363fa35530, L_000002363fa35530, L_000002363fa35530, L_000002363fa35530;
LS_000002363fa35d50_0_12 .concat [ 1 1 1 1], L_000002363fa35530, L_000002363fa35530, L_000002363fa35530, L_000002363fa35530;
LS_000002363fa35d50_0_16 .concat [ 1 1 1 1], L_000002363fa35530, L_000002363fa35530, L_000002363fa35530, L_000002363fa35530;
LS_000002363fa35d50_0_20 .concat [ 1 1 1 1], L_000002363fa35530, L_000002363fa35530, L_000002363fa35530, L_000002363fa35530;
LS_000002363fa35d50_0_24 .concat [ 1 1 1 1], L_000002363fa35530, L_000002363fa35530, L_000002363fa35530, L_000002363fa35530;
LS_000002363fa35d50_0_28 .concat [ 1 1 1 1], L_000002363fa35530, L_000002363fa35530, L_000002363fa35530, L_000002363fa35530;
LS_000002363fa35d50_1_0 .concat [ 4 4 4 4], LS_000002363fa35d50_0_0, LS_000002363fa35d50_0_4, LS_000002363fa35d50_0_8, LS_000002363fa35d50_0_12;
LS_000002363fa35d50_1_4 .concat [ 4 4 4 4], LS_000002363fa35d50_0_16, LS_000002363fa35d50_0_20, LS_000002363fa35d50_0_24, LS_000002363fa35d50_0_28;
L_000002363fa35d50 .concat [ 16 16 0 0], LS_000002363fa35d50_1_0, LS_000002363fa35d50_1_4;
L_000002363fa35f30 .cmp/eq 2, L_000002363f9d63a0, L_000002363f9d8970;
LS_000002363fa35850_0_0 .concat [ 1 1 1 1], L_000002363fa35f30, L_000002363fa35f30, L_000002363fa35f30, L_000002363fa35f30;
LS_000002363fa35850_0_4 .concat [ 1 1 1 1], L_000002363fa35f30, L_000002363fa35f30, L_000002363fa35f30, L_000002363fa35f30;
LS_000002363fa35850_0_8 .concat [ 1 1 1 1], L_000002363fa35f30, L_000002363fa35f30, L_000002363fa35f30, L_000002363fa35f30;
LS_000002363fa35850_0_12 .concat [ 1 1 1 1], L_000002363fa35f30, L_000002363fa35f30, L_000002363fa35f30, L_000002363fa35f30;
LS_000002363fa35850_0_16 .concat [ 1 1 1 1], L_000002363fa35f30, L_000002363fa35f30, L_000002363fa35f30, L_000002363fa35f30;
LS_000002363fa35850_0_20 .concat [ 1 1 1 1], L_000002363fa35f30, L_000002363fa35f30, L_000002363fa35f30, L_000002363fa35f30;
LS_000002363fa35850_0_24 .concat [ 1 1 1 1], L_000002363fa35f30, L_000002363fa35f30, L_000002363fa35f30, L_000002363fa35f30;
LS_000002363fa35850_0_28 .concat [ 1 1 1 1], L_000002363fa35f30, L_000002363fa35f30, L_000002363fa35f30, L_000002363fa35f30;
LS_000002363fa35850_1_0 .concat [ 4 4 4 4], LS_000002363fa35850_0_0, LS_000002363fa35850_0_4, LS_000002363fa35850_0_8, LS_000002363fa35850_0_12;
LS_000002363fa35850_1_4 .concat [ 4 4 4 4], LS_000002363fa35850_0_16, LS_000002363fa35850_0_20, LS_000002363fa35850_0_24, LS_000002363fa35850_0_28;
L_000002363fa35850 .concat [ 16 16 0 0], LS_000002363fa35850_1_0, LS_000002363fa35850_1_4;
L_000002363fa355d0 .part L_000002363fa40d10, 31, 1;
L_000002363fa35fd0 .concat [ 1 1 1 1], L_000002363fa355d0, L_000002363fa355d0, L_000002363fa355d0, L_000002363fa355d0;
L_000002363fa36750 .part L_000002363fa40d10, 4, 28;
L_000002363fa367f0 .concat [ 28 4 0 0], L_000002363fa36750, L_000002363fa35fd0;
L_000002363fa352b0 .cmp/eq 2, L_000002363f9d63a0, L_000002363f9d89b8;
LS_000002363fa36070_0_0 .concat [ 1 1 1 1], L_000002363fa352b0, L_000002363fa352b0, L_000002363fa352b0, L_000002363fa352b0;
LS_000002363fa36070_0_4 .concat [ 1 1 1 1], L_000002363fa352b0, L_000002363fa352b0, L_000002363fa352b0, L_000002363fa352b0;
LS_000002363fa36070_0_8 .concat [ 1 1 1 1], L_000002363fa352b0, L_000002363fa352b0, L_000002363fa352b0, L_000002363fa352b0;
LS_000002363fa36070_0_12 .concat [ 1 1 1 1], L_000002363fa352b0, L_000002363fa352b0, L_000002363fa352b0, L_000002363fa352b0;
LS_000002363fa36070_0_16 .concat [ 1 1 1 1], L_000002363fa352b0, L_000002363fa352b0, L_000002363fa352b0, L_000002363fa352b0;
LS_000002363fa36070_0_20 .concat [ 1 1 1 1], L_000002363fa352b0, L_000002363fa352b0, L_000002363fa352b0, L_000002363fa352b0;
LS_000002363fa36070_0_24 .concat [ 1 1 1 1], L_000002363fa352b0, L_000002363fa352b0, L_000002363fa352b0, L_000002363fa352b0;
LS_000002363fa36070_0_28 .concat [ 1 1 1 1], L_000002363fa352b0, L_000002363fa352b0, L_000002363fa352b0, L_000002363fa352b0;
LS_000002363fa36070_1_0 .concat [ 4 4 4 4], LS_000002363fa36070_0_0, LS_000002363fa36070_0_4, LS_000002363fa36070_0_8, LS_000002363fa36070_0_12;
LS_000002363fa36070_1_4 .concat [ 4 4 4 4], LS_000002363fa36070_0_16, LS_000002363fa36070_0_20, LS_000002363fa36070_0_24, LS_000002363fa36070_0_28;
L_000002363fa36070 .concat [ 16 16 0 0], LS_000002363fa36070_1_0, LS_000002363fa36070_1_4;
L_000002363fa35cb0 .part L_000002363fa40d10, 31, 1;
LS_000002363fa35170_0_0 .concat [ 1 1 1 1], L_000002363fa35cb0, L_000002363fa35cb0, L_000002363fa35cb0, L_000002363fa35cb0;
LS_000002363fa35170_0_4 .concat [ 1 1 1 1], L_000002363fa35cb0, L_000002363fa35cb0, L_000002363fa35cb0, L_000002363fa35cb0;
L_000002363fa35170 .concat [ 4 4 0 0], LS_000002363fa35170_0_0, LS_000002363fa35170_0_4;
L_000002363fa362f0 .part L_000002363fa40d10, 8, 24;
L_000002363fa35350 .concat [ 24 8 0 0], L_000002363fa362f0, L_000002363fa35170;
L_000002363fa35670 .cmp/eq 2, L_000002363f9d63a0, L_000002363f9d8a00;
LS_000002363fa36570_0_0 .concat [ 1 1 1 1], L_000002363fa35670, L_000002363fa35670, L_000002363fa35670, L_000002363fa35670;
LS_000002363fa36570_0_4 .concat [ 1 1 1 1], L_000002363fa35670, L_000002363fa35670, L_000002363fa35670, L_000002363fa35670;
LS_000002363fa36570_0_8 .concat [ 1 1 1 1], L_000002363fa35670, L_000002363fa35670, L_000002363fa35670, L_000002363fa35670;
LS_000002363fa36570_0_12 .concat [ 1 1 1 1], L_000002363fa35670, L_000002363fa35670, L_000002363fa35670, L_000002363fa35670;
LS_000002363fa36570_0_16 .concat [ 1 1 1 1], L_000002363fa35670, L_000002363fa35670, L_000002363fa35670, L_000002363fa35670;
LS_000002363fa36570_0_20 .concat [ 1 1 1 1], L_000002363fa35670, L_000002363fa35670, L_000002363fa35670, L_000002363fa35670;
LS_000002363fa36570_0_24 .concat [ 1 1 1 1], L_000002363fa35670, L_000002363fa35670, L_000002363fa35670, L_000002363fa35670;
LS_000002363fa36570_0_28 .concat [ 1 1 1 1], L_000002363fa35670, L_000002363fa35670, L_000002363fa35670, L_000002363fa35670;
LS_000002363fa36570_1_0 .concat [ 4 4 4 4], LS_000002363fa36570_0_0, LS_000002363fa36570_0_4, LS_000002363fa36570_0_8, LS_000002363fa36570_0_12;
LS_000002363fa36570_1_4 .concat [ 4 4 4 4], LS_000002363fa36570_0_16, LS_000002363fa36570_0_20, LS_000002363fa36570_0_24, LS_000002363fa36570_0_28;
L_000002363fa36570 .concat [ 16 16 0 0], LS_000002363fa36570_1_0, LS_000002363fa36570_1_4;
L_000002363fa36110 .part L_000002363fa40d10, 31, 1;
LS_000002363fa35c10_0_0 .concat [ 1 1 1 1], L_000002363fa36110, L_000002363fa36110, L_000002363fa36110, L_000002363fa36110;
LS_000002363fa35c10_0_4 .concat [ 1 1 1 1], L_000002363fa36110, L_000002363fa36110, L_000002363fa36110, L_000002363fa36110;
LS_000002363fa35c10_0_8 .concat [ 1 1 1 1], L_000002363fa36110, L_000002363fa36110, L_000002363fa36110, L_000002363fa36110;
L_000002363fa35c10 .concat [ 4 4 4 0], LS_000002363fa35c10_0_0, LS_000002363fa35c10_0_4, LS_000002363fa35c10_0_8;
L_000002363fa35a30 .part L_000002363fa40d10, 12, 20;
L_000002363fa35df0 .concat [ 20 12 0 0], L_000002363fa35a30, L_000002363fa35c10;
L_000002363fa35e90 .part L_000002363f9d6bc0, 4, 1;
L_000002363fa36430 .part L_000002363fa40ed0, 31, 1;
LS_000002363fa358f0_0_0 .concat [ 1 1 1 1], L_000002363fa36430, L_000002363fa36430, L_000002363fa36430, L_000002363fa36430;
LS_000002363fa358f0_0_4 .concat [ 1 1 1 1], L_000002363fa36430, L_000002363fa36430, L_000002363fa36430, L_000002363fa36430;
LS_000002363fa358f0_0_8 .concat [ 1 1 1 1], L_000002363fa36430, L_000002363fa36430, L_000002363fa36430, L_000002363fa36430;
LS_000002363fa358f0_0_12 .concat [ 1 1 1 1], L_000002363fa36430, L_000002363fa36430, L_000002363fa36430, L_000002363fa36430;
L_000002363fa358f0 .concat [ 4 4 4 4], LS_000002363fa358f0_0_0, LS_000002363fa358f0_0_4, LS_000002363fa358f0_0_8, LS_000002363fa358f0_0_12;
L_000002363fa35210 .part L_000002363fa40ed0, 16, 16;
L_000002363fa357b0 .concat [ 16 16 0 0], L_000002363fa35210, L_000002363fa358f0;
L_000002363fa353f0 .functor MUXZ 32, L_000002363fa40ed0, L_000002363fa357b0, L_000002363fa35e90, C4<>;
L_000002363fa364d0 .functor MUXZ 32, L_000002363f9d8a48, L_000002363f9d50e0, L_000002363f9d5860, C4<>;
L_000002363fa35490 .functor MUXZ 32, L_000002363fa364d0, L_000002363f9d72a0, L_000002363f9d4d20, C4<>;
L_000002363fa35b70 .functor MUXZ 32, L_000002363fa35490, L_000002363f9d5a40, L_000002363f9d48c0, C4<>;
L_000002363fa36390 .functor MUXZ 32, L_000002363fa35b70, L_000002363fa353f0, L_000002363f9d57c0, C4<>;
L_000002363fa361b0 .functor MUXZ 32, L_000002363fa36390, L_000002363fa34630, L_000002363f9d4820, C4<>;
L_000002363fa36610 .functor MUXZ 32, L_000002363fa361b0, L_000002363fa34e50, L_000002363f9d4780, C4<>;
L_000002363fa366b0 .functor MUXZ 32, L_000002363fa36610, L_000002363fa1fd90, L_000002363f9d4dc0, C4<>;
L_000002363fa35710 .functor MUXZ 32, L_000002363fa366b0, L_000002363f942010, L_000002363f9d4c80, C4<>;
L_000002363fa36250 .functor MUXZ 32, L_000002363fa35710, L_000002363f941d70, L_000002363f9d46e0, C4<>;
L_000002363fa35990 .functor MUXZ 32, L_000002363fa36250, L_000002363f941de0, L_000002363f9d4640, C4<>;
L_000002363fa467f0 .functor MUXZ 32, L_000002363fa35990, L_000002363f941d00, L_000002363f9d5540, C4<>;
L_000002363fa46750 .functor MUXZ 32, L_000002363fa467f0, L_000002363f9d61c0, L_000002363f9d40a0, C4<>;
L_000002363fa47790 .functor MUXZ 32, L_000002363fa46750, L_000002363f9d70c0, L_000002363f9d45a0, C4<>;
L_000002363fa48230 .functor MUXZ 32, L_000002363fa47790, L_000002363fa1fe70, L_000002363fa41100, C4<>;
S_000002363f8e58d0 .scope module, "adder_module" "adder" 4 87, 5 8 0, S_000002363f96fca0;
 .timescale -9 -12;
    .port_info 0 /INPUT 32 "operand1";
    .port_info 1 /INPUT 32 "operand2";
    .port_info 2 /INPUT 1 "cin";
    .port_info 3 /OUTPUT 32 "result";
    .port_info 4 /OUTPUT 1 "cout";
L_000002363f9d7de8 .functor BUFT 1, C4<0>, C4<0>, C4<0>, C4<0>;
v000002363f953770_0 .net *"_ivl_10", 0 0, L_000002363f9d7de8;  1 drivers
v000002363f9520f0_0 .net *"_ivl_11", 32 0, L_000002363f9d6120;  1 drivers
v000002363f952a50_0 .net *"_ivl_13", 32 0, L_000002363f9d69e0;  1 drivers
L_000002363f9d7e30 .functor BUFT 1, C4<00000000000000000000000000000000>, C4<0>, C4<0>, C4<0>;
v000002363f952af0_0 .net *"_ivl_16", 31 0, L_000002363f9d7e30;  1 drivers
v000002363f952b90_0 .net *"_ivl_17", 32 0, L_000002363f9d66c0;  1 drivers
v000002363f995260_0 .net *"_ivl_3", 32 0, L_000002363f9d6940;  1 drivers
L_000002363f9d7da0 .functor BUFT 1, C4<0>, C4<0>, C4<0>, C4<0>;
v000002363f9958a0_0 .net *"_ivl_6", 0 0, L_000002363f9d7da0;  1 drivers
v000002363f996340_0 .net *"_ivl_7", 32 0, L_000002363f9d7660;  1 drivers
v000002363f994680_0 .net "cin", 0 0, L_000002363fa201f0;  alias, 1 drivers
v000002363f994d60_0 .net "cout", 0 0, L_000002363f9d7200;  alias, 1 drivers
v000002363f995800_0 .net "operand1", 31 0, L_000002363fa20180;  alias, 1 drivers
v000002363f994fe0_0 .net "operand2", 31 0, L_000002363f9d5040;  alias, 1 drivers
v000002363f9954e0_0 .net "result", 31 0, L_000002363f9d75c0;  alias, 1 drivers
L_000002363f9d7200 .part L_000002363f9d66c0, 32, 1;
L_000002363f9d75c0 .part L_000002363f9d66c0, 0, 32;
L_000002363f9d6940 .concat [ 32 1 0 0], L_000002363fa20180, L_000002363f9d7da0;
L_000002363f9d7660 .concat [ 32 1 0 0], L_000002363f9d5040, L_000002363f9d7de8;
L_000002363f9d6120 .arith/sum 33, L_000002363f9d6940, L_000002363f9d7660;
L_000002363f9d69e0 .concat [ 1 32 0 0], L_000002363fa201f0, L_000002363f9d7e30;
L_000002363f9d66c0 .arith/sum 33, L_000002363f9d6120, L_000002363f9d69e0;
    .scope S_000002363f9624f0;
T_1 ;
    %pushi/vec4 0, 0, 32;
    %store/vec4 v000002363f9d4fa0_0, 0, 32;
    %pushi/vec4 0, 0, 4;
    %store/vec4 v000002363f9d3ec0_0, 0, 4;
    %pushi/vec4 0, 0, 32;
    %store/vec4 v000002363f9d3e20_0, 0, 32;
    %pushi/vec4 0, 0, 32;
    %store/vec4 v000002363f9d5e00_0, 0, 32;
    %delay 5000, 0;
    %pushi/vec4 0, 0, 32; draw_string_vec4
    %pushi/vec4 0, 0, 32; draw_string_vec4
    %concat/vec4; draw_string_vec4
    %pushi/vec4 0, 0, 32; draw_string_vec4
    %concat/vec4; draw_string_vec4
    %pushi/vec4 0, 0, 32; draw_string_vec4
    %concat/vec4; draw_string_vec4
    %pushi/vec4 0, 0, 32; draw_string_vec4
    %concat/vec4; draw_string_vec4
    %pushi/vec4 65, 0, 32; draw_string_vec4
    %concat/vec4; draw_string_vec4
    %pushi/vec4 1145315426, 0, 32; draw_string_vec4
    %concat/vec4; draw_string_vec4
    %pushi/vec4 1634953571, 0, 32; draw_string_vec4
    %concat/vec4; draw_string_vec4
    %store/vec4 v000002363f951dd0_0, 0, 256;
    %pushi/vec4 0, 0, 4;
    %store/vec4 v000002363f953450_0, 0, 4;
    %pushi/vec4 1, 0, 32;
    %store/vec4 v000002363f951e70_0, 0, 32;
    %pushi/vec4 2, 0, 32;
    %store/vec4 v000002363f9534f0_0, 0, 32;
    %pushi/vec4 3, 0, 32;
    %store/vec4 v000002363f951d30_0, 0, 32;
    %fork TD_tb_alu.run_case, S_000002363f96fb10;
    %join;
    %pushi/vec4 0, 0, 32; draw_string_vec4
    %pushi/vec4 0, 0, 32; draw_string_vec4
    %concat/vec4; draw_string_vec4
    %pushi/vec4 0, 0, 32; draw_string_vec4
    %concat/vec4; draw_string_vec4
    %pushi/vec4 0, 0, 32; draw_string_vec4
    %concat/vec4; draw_string_vec4
    %pushi/vec4 0, 0, 32; draw_string_vec4
    %concat/vec4; draw_string_vec4
    %pushi/vec4 0, 0, 32; draw_string_vec4
    %concat/vec4; draw_string_vec4
    %pushi/vec4 1094992928, 0, 32; draw_string_vec4
    %concat/vec4; draw_string_vec4
    %pushi/vec4 2003984752, 0, 32; draw_string_vec4
    %concat/vec4; draw_string_vec4
    %store/vec4 v000002363f951dd0_0, 0, 256;
    %pushi/vec4 0, 0, 4;
    %store/vec4 v000002363f953450_0, 0, 4;
    %pushi/vec4 4294967295, 0, 32;
    %store/vec4 v000002363f951e70_0, 0, 32;
    %pushi/vec4 1, 0, 32;
    %store/vec4 v000002363f9534f0_0, 0, 32;
    %pushi/vec4 0, 0, 32;
    %store/vec4 v000002363f951d30_0, 0, 32;
    %fork TD_tb_alu.run_case, S_000002363f96fb10;
    %join;
    %pushi/vec4 0, 0, 32; draw_string_vec4
    %pushi/vec4 0, 0, 32; draw_string_vec4
    %concat/vec4; draw_string_vec4
    %pushi/vec4 0, 0, 32; draw_string_vec4
    %concat/vec4; draw_string_vec4
    %pushi/vec4 0, 0, 32; draw_string_vec4
    %concat/vec4; draw_string_vec4
    %pushi/vec4 0, 0, 32; draw_string_vec4
    %concat/vec4; draw_string_vec4
    %pushi/vec4 83, 0, 32; draw_string_vec4
    %concat/vec4; draw_string_vec4
    %pushi/vec4 1430397026, 0, 32; draw_string_vec4
    %concat/vec4; draw_string_vec4
    %pushi/vec4 1634953571, 0, 32; draw_string_vec4
    %concat/vec4; draw_string_vec4
    %store/vec4 v000002363f951dd0_0, 0, 256;
    %pushi/vec4 1, 0, 4;
    %store/vec4 v000002363f953450_0, 0, 4;
    %pushi/vec4 5, 0, 32;
    %store/vec4 v000002363f951e70_0, 0, 32;
    %pushi/vec4 7, 0, 32;
    %store/vec4 v000002363f9534f0_0, 0, 32;
    %pushi/vec4 4294967294, 0, 32;
    %store/vec4 v000002363f951d30_0, 0, 32;
    %fork TD_tb_alu.run_case, S_000002363f96fb10;
    %join;
    %pushi/vec4 0, 0, 32; draw_string_vec4
    %pushi/vec4 0, 0, 32; draw_string_vec4
    %concat/vec4; draw_string_vec4
    %pushi/vec4 0, 0, 32; draw_string_vec4
    %concat/vec4; draw_string_vec4
    %pushi/vec4 0, 0, 32; draw_string_vec4
    %concat/vec4; draw_string_vec4
    %pushi/vec4 0, 0, 32; draw_string_vec4
    %concat/vec4; draw_string_vec4
    %pushi/vec4 0, 0, 32; draw_string_vec4
    %concat/vec4; draw_string_vec4
    %pushi/vec4 1397511200, 0, 32; draw_string_vec4
    %concat/vec4; draw_string_vec4
    %pushi/vec4 758201393, 0, 32; draw_string_vec4
    %concat/vec4; draw_string_vec4
    %store/vec4 v000002363f951dd0_0, 0, 256;
    %pushi/vec4 2, 0, 4;
    %store/vec4 v000002363f953450_0, 0, 4;
    %pushi/vec4 4294967295, 0, 32;
    %store/vec4 v000002363f951e70_0, 0, 32;
    %pushi/vec4 1, 0, 32;
    %store/vec4 v000002363f9534f0_0, 0, 32;
    %pushi/vec4 1, 0, 32;
    %store/vec4 v000002363f951d30_0, 0, 32;
    %fork TD_tb_alu.run_case, S_000002363f96fb10;
    %join;
    %pushi/vec4 0, 0, 32; draw_string_vec4
    %pushi/vec4 0, 0, 32; draw_string_vec4
    %concat/vec4; draw_string_vec4
    %pushi/vec4 0, 0, 32; draw_string_vec4
    %concat/vec4; draw_string_vec4
    %pushi/vec4 0, 0, 32; draw_string_vec4
    %concat/vec4; draw_string_vec4
    %pushi/vec4 0, 0, 32; draw_string_vec4
    %concat/vec4; draw_string_vec4
    %pushi/vec4 0, 0, 32; draw_string_vec4
    %concat/vec4; draw_string_vec4
    %pushi/vec4 1397511200, 0, 32; draw_string_vec4
    %concat/vec4; draw_string_vec4
    %pushi/vec4 893136179, 0, 32; draw_string_vec4
    %concat/vec4; draw_string_vec4
    %store/vec4 v000002363f951dd0_0, 0, 256;
    %pushi/vec4 2, 0, 4;
    %store/vec4 v000002363f953450_0, 0, 4;
    %pushi/vec4 5, 0, 32;
    %store/vec4 v000002363f951e70_0, 0, 32;
    %pushi/vec4 4294967293, 0, 32;
    %store/vec4 v000002363f9534f0_0, 0, 32;
    %pushi/vec4 0, 0, 32;
    %store/vec4 v000002363f951d30_0, 0, 32;
    %fork TD_tb_alu.run_case, S_000002363f96fb10;
    %join;
    %pushi/vec4 0, 0, 32; draw_string_vec4
    %pushi/vec4 0, 0, 32; draw_string_vec4
    %concat/vec4; draw_string_vec4
    %pushi/vec4 0, 0, 32; draw_string_vec4
    %concat/vec4; draw_string_vec4
    %pushi/vec4 0, 0, 32; draw_string_vec4
    %concat/vec4; draw_string_vec4
    %pushi/vec4 0, 0, 32; draw_string_vec4
    %concat/vec4; draw_string_vec4
    %pushi/vec4 0, 0, 32; draw_string_vec4
    %concat/vec4; draw_string_vec4
    %pushi/vec4 1397511253, 0, 32; draw_string_vec4
    %concat/vec4; draw_string_vec4
    %pushi/vec4 540097586, 0, 32; draw_string_vec4
    %concat/vec4; draw_string_vec4
    %store/vec4 v000002363f951dd0_0, 0, 256;
    %pushi/vec4 3, 0, 4;
    %store/vec4 v000002363f953450_0, 0, 4;
    %pushi/vec4 1, 0, 32;
    %store/vec4 v000002363f951e70_0, 0, 32;
    %pushi/vec4 2, 0, 32;
    %store/vec4 v000002363f9534f0_0, 0, 32;
    %pushi/vec4 1, 0, 32;
    %store/vec4 v000002363f951d30_0, 0, 32;
    %fork TD_tb_alu.run_case, S_000002363f96fb10;
    %join;
    %pushi/vec4 0, 0, 32; draw_string_vec4
    %pushi/vec4 0, 0, 32; draw_string_vec4
    %concat/vec4; draw_string_vec4
    %pushi/vec4 0, 0, 32; draw_string_vec4
    %concat/vec4; draw_string_vec4
    %pushi/vec4 0, 0, 32; draw_string_vec4
    %concat/vec4; draw_string_vec4
    %pushi/vec4 0, 0, 32; draw_string_vec4
    %concat/vec4; draw_string_vec4
    %pushi/vec4 5459028, 0, 32; draw_string_vec4
    %concat/vec4; draw_string_vec4
    %pushi/vec4 1428178502, 0, 32; draw_string_vec4
    %concat/vec4; draw_string_vec4
    %pushi/vec4 1179008049, 0, 32; draw_string_vec4
    %concat/vec4; draw_string_vec4
    %store/vec4 v000002363f951dd0_0, 0, 256;
    %pushi/vec4 3, 0, 4;
    %store/vec4 v000002363f953450_0, 0, 4;
    %pushi/vec4 4294967295, 0, 32;
    %store/vec4 v000002363f951e70_0, 0, 32;
    %pushi/vec4 1, 0, 32;
    %store/vec4 v000002363f9534f0_0, 0, 32;
    %pushi/vec4 0, 0, 32;
    %store/vec4 v000002363f951d30_0, 0, 32;
    %fork TD_tb_alu.run_case, S_000002363f96fb10;
    %join;
    %pushi/vec4 0, 0, 32; draw_string_vec4
    %pushi/vec4 0, 0, 32; draw_string_vec4
    %concat/vec4; draw_string_vec4
    %pushi/vec4 0, 0, 32; draw_string_vec4
    %concat/vec4; draw_string_vec4
    %pushi/vec4 0, 0, 32; draw_string_vec4
    %concat/vec4; draw_string_vec4
    %pushi/vec4 0, 0, 32; draw_string_vec4
    %concat/vec4; draw_string_vec4
    %pushi/vec4 0, 0, 32; draw_string_vec4
    %concat/vec4; draw_string_vec4
    %pushi/vec4 0, 0, 32; draw_string_vec4
    %concat/vec4; draw_string_vec4
    %pushi/vec4 4279876, 0, 32; draw_string_vec4
    %concat/vec4; draw_string_vec4
    %store/vec4 v000002363f951dd0_0, 0, 256;
    %pushi/vec4 4, 0, 4;
    %store/vec4 v000002363f953450_0, 0, 4;
    %pushi/vec4 1437269760, 0, 32;
    %store/vec4 v000002363f951e70_0, 0, 32;
    %pushi/vec4 252645135, 0, 32;
    %store/vec4 v000002363f9534f0_0, 0, 32;
    %pushi/vec4 84545280, 0, 32;
    %store/vec4 v000002363f951d30_0, 0, 32;
    %fork TD_tb_alu.run_case, S_000002363f96fb10;
    %join;
    %pushi/vec4 0, 0, 32; draw_string_vec4
    %pushi/vec4 0, 0, 32; draw_string_vec4
    %concat/vec4; draw_string_vec4
    %pushi/vec4 0, 0, 32; draw_string_vec4
    %concat/vec4; draw_string_vec4
    %pushi/vec4 0, 0, 32; draw_string_vec4
    %concat/vec4; draw_string_vec4
    %pushi/vec4 0, 0, 32; draw_string_vec4
    %concat/vec4; draw_string_vec4
    %pushi/vec4 0, 0, 32; draw_string_vec4
    %concat/vec4; draw_string_vec4
    %pushi/vec4 0, 0, 32; draw_string_vec4
    %concat/vec4; draw_string_vec4
    %pushi/vec4 5132114, 0, 32; draw_string_vec4
    %concat/vec4; draw_string_vec4
    %store/vec4 v000002363f951dd0_0, 0, 256;
    %pushi/vec4 5, 0, 4;
    %store/vec4 v000002363f953450_0, 0, 4;
    %pushi/vec4 1437269760, 0, 32;
    %store/vec4 v000002363f951e70_0, 0, 32;
    %pushi/vec4 252645135, 0, 32;
    %store/vec4 v000002363f9534f0_0, 0, 32;
    %pushi/vec4 2689597680, 0, 32;
    %store/vec4 v000002363f951d30_0, 0, 32;
    %fork TD_tb_alu.run_case, S_000002363f96fb10;
    %join;
    %pushi/vec4 0, 0, 32; draw_string_vec4
    %pushi/vec4 0, 0, 32; draw_string_vec4
    %concat/vec4; draw_string_vec4
    %pushi/vec4 0, 0, 32; draw_string_vec4
    %concat/vec4; draw_string_vec4
    %pushi/vec4 0, 0, 32; draw_string_vec4
    %concat/vec4; draw_string_vec4
    %pushi/vec4 0, 0, 32; draw_string_vec4
    %concat/vec4; draw_string_vec4
    %pushi/vec4 0, 0, 32; draw_string_vec4
    %concat/vec4; draw_string_vec4
    %pushi/vec4 0, 0, 32; draw_string_vec4
    %concat/vec4; draw_string_vec4
    %pushi/vec4 20306, 0, 32; draw_string_vec4
    %concat/vec4; draw_string_vec4
    %store/vec4 v000002363f951dd0_0, 0, 256;
    %pushi/vec4 6, 0, 4;
    %store/vec4 v000002363f953450_0, 0, 4;
    %pushi/vec4 1437269760, 0, 32;
    %store/vec4 v000002363f951e70_0, 0, 32;
    %pushi/vec4 252645135, 0, 32;
    %store/vec4 v000002363f9534f0_0, 0, 32;
    %pushi/vec4 1605369615, 0, 32;
    %store/vec4 v000002363f951d30_0, 0, 32;
    %fork TD_tb_alu.run_case, S_000002363f96fb10;
    %join;
    %pushi/vec4 0, 0, 32; draw_string_vec4
    %pushi/vec4 0, 0, 32; draw_string_vec4
    %concat/vec4; draw_string_vec4
    %pushi/vec4 0, 0, 32; draw_string_vec4
    %concat/vec4; draw_string_vec4
    %pushi/vec4 0, 0, 32; draw_string_vec4
    %concat/vec4; draw_string_vec4
    %pushi/vec4 0, 0, 32; draw_string_vec4
    %concat/vec4; draw_string_vec4
    %pushi/vec4 0, 0, 32; draw_string_vec4
    %concat/vec4; draw_string_vec4
    %pushi/vec4 0, 0, 32; draw_string_vec4
    %concat/vec4; draw_string_vec4
    %pushi/vec4 5787474, 0, 32; draw_string_vec4
    %concat/vec4; draw_string_vec4
    %store/vec4 v000002363f951dd0_0, 0, 256;
    %pushi/vec4 7, 0, 4;
    %store/vec4 v000002363f953450_0, 0, 4;
    %pushi/vec4 1437269760, 0, 32;
    %store/vec4 v000002363f951e70_0, 0, 32;
    %pushi/vec4 252645135, 0, 32;
    %store/vec4 v000002363f9534f0_0, 0, 32;
    %pushi/vec4 1520824335, 0, 32;
    %store/vec4 v000002363f951d30_0, 0, 32;
    %fork TD_tb_alu.run_case, S_000002363f96fb10;
    %join;
    %pushi/vec4 0, 0, 32; draw_string_vec4
    %pushi/vec4 0, 0, 32; draw_string_vec4
    %concat/vec4; draw_string_vec4
    %pushi/vec4 0, 0, 32; draw_string_vec4
    %concat/vec4; draw_string_vec4
    %pushi/vec4 0, 0, 32; draw_string_vec4
    %concat/vec4; draw_string_vec4
    %pushi/vec4 0, 0, 32; draw_string_vec4
    %concat/vec4; draw_string_vec4
    %pushi/vec4 0, 0, 32; draw_string_vec4
    %concat/vec4; draw_string_vec4
    %pushi/vec4 1397509152, 0, 32; draw_string_vec4
    %concat/vec4; draw_string_vec4
    %pushi/vec4 1652105268, 0, 32; draw_string_vec4
    %concat/vec4; draw_string_vec4
    %store/vec4 v000002363f951dd0_0, 0, 256;
    %pushi/vec4 8, 0, 4;
    %store/vec4 v000002363f953450_0, 0, 4;
    %pushi/vec4 4, 0, 32;
    %store/vec4 v000002363f951e70_0, 0, 32;
    %pushi/vec4 17, 0, 32;
    %store/vec4 v000002363f9534f0_0, 0, 32;
    %pushi/vec4 272, 0, 32;
    %store/vec4 v000002363f951d30_0, 0, 32;
    %fork TD_tb_alu.run_case, S_000002363f96fb10;
    %join;
    %pushi/vec4 0, 0, 32; draw_string_vec4
    %pushi/vec4 0, 0, 32; draw_string_vec4
    %concat/vec4; draw_string_vec4
    %pushi/vec4 0, 0, 32; draw_string_vec4
    %concat/vec4; draw_string_vec4
    %pushi/vec4 0, 0, 32; draw_string_vec4
    %concat/vec4; draw_string_vec4
    %pushi/vec4 0, 0, 32; draw_string_vec4
    %concat/vec4; draw_string_vec4
    %pushi/vec4 0, 0, 32; draw_string_vec4
    %concat/vec4; draw_string_vec4
    %pushi/vec4 1397902368, 0, 32; draw_string_vec4
    %concat/vec4; draw_string_vec4
    %pushi/vec4 1652105268, 0, 32; draw_string_vec4
    %concat/vec4; draw_string_vec4
    %store/vec4 v000002363f951dd0_0, 0, 256;
    %pushi/vec4 9, 0, 4;
    %store/vec4 v000002363f953450_0, 0, 4;
    %pushi/vec4 4, 0, 32;
    %store/vec4 v000002363f951e70_0, 0, 32;
    %pushi/vec4 4026531840, 0, 32;
    %store/vec4 v000002363f9534f0_0, 0, 32;
    %pushi/vec4 251658240, 0, 32;
    %store/vec4 v000002363f951d30_0, 0, 32;
    %fork TD_tb_alu.run_case, S_000002363f96fb10;
    %join;
    %pushi/vec4 0, 0, 32; draw_string_vec4
    %pushi/vec4 0, 0, 32; draw_string_vec4
    %concat/vec4; draw_string_vec4
    %pushi/vec4 0, 0, 32; draw_string_vec4
    %concat/vec4; draw_string_vec4
    %pushi/vec4 0, 0, 32; draw_string_vec4
    %concat/vec4; draw_string_vec4
    %pushi/vec4 0, 0, 32; draw_string_vec4
    %concat/vec4; draw_string_vec4
    %pushi/vec4 0, 0, 32; draw_string_vec4
    %concat/vec4; draw_string_vec4
    %pushi/vec4 1397899552, 0, 32; draw_string_vec4
    %concat/vec4; draw_string_vec4
    %pushi/vec4 1652105268, 0, 32; draw_string_vec4
    %concat/vec4; draw_string_vec4
    %store/vec4 v000002363f951dd0_0, 0, 256;
    %pushi/vec4 10, 0, 4;
    %store/vec4 v000002363f953450_0, 0, 4;
    %pushi/vec4 4, 0, 32;
    %store/vec4 v000002363f951e70_0, 0, 32;
    %pushi/vec4 4026531840, 0, 32;
    %store/vec4 v000002363f9534f0_0, 0, 32;
    %pushi/vec4 4278190080, 0, 32;
    %store/vec4 v000002363f951d30_0, 0, 32;
    %fork TD_tb_alu.run_case, S_000002363f96fb10;
    %join;
    %pushi/vec4 0, 0, 32; draw_string_vec4
    %pushi/vec4 0, 0, 32; draw_string_vec4
    %concat/vec4; draw_string_vec4
    %pushi/vec4 0, 0, 32; draw_string_vec4
    %concat/vec4; draw_string_vec4
    %pushi/vec4 0, 0, 32; draw_string_vec4
    %concat/vec4; draw_string_vec4
    %pushi/vec4 0, 0, 32; draw_string_vec4
    %concat/vec4; draw_string_vec4
    %pushi/vec4 0, 0, 32; draw_string_vec4
    %concat/vec4; draw_string_vec4
    %pushi/vec4 0, 0, 32; draw_string_vec4
    %concat/vec4; draw_string_vec4
    %pushi/vec4 5002569, 0, 32; draw_string_vec4
    %concat/vec4; draw_string_vec4
    %store/vec4 v000002363f951dd0_0, 0, 256;
    %pushi/vec4 11, 0, 4;
    %store/vec4 v000002363f953450_0, 0, 4;
    %pushi/vec4 0, 0, 32;
    %store/vec4 v000002363f951e70_0, 0, 32;
    %pushi/vec4 305419896, 0, 32;
    %store/vec4 v000002363f9534f0_0, 0, 32;
    %pushi/vec4 1450704896, 0, 32;
    %store/vec4 v000002363f951d30_0, 0, 32;
    %fork TD_tb_alu.run_case, S_000002363f96fb10;
    %join;
    %pushi/vec4 0, 0, 32; draw_string_vec4
    %pushi/vec4 0, 0, 32; draw_string_vec4
    %concat/vec4; draw_string_vec4
    %pushi/vec4 0, 0, 32; draw_string_vec4
    %concat/vec4; draw_string_vec4
    %pushi/vec4 0, 0, 32; draw_string_vec4
    %concat/vec4; draw_string_vec4
    %pushi/vec4 0, 0, 32; draw_string_vec4
    %concat/vec4; draw_string_vec4
    %pushi/vec4 83, 0, 32; draw_string_vec4
    %concat/vec4; draw_string_vec4
    %pushi/vec4 1162944613, 0, 32; draw_string_vec4
    %concat/vec4; draw_string_vec4
    %pushi/vec4 1903518060, 0, 32; draw_string_vec4
    %concat/vec4; draw_string_vec4
    %store/vec4 v000002363f951dd0_0, 0, 256;
    %pushi/vec4 12, 0, 4;
    %store/vec4 v000002363f953450_0, 0, 4;
    %pushi/vec4 305419896, 0, 32;
    %store/vec4 v000002363f951e70_0, 0, 32;
    %pushi/vec4 305419896, 0, 32;
    %store/vec4 v000002363f9534f0_0, 0, 32;
    %pushi/vec4 1, 0, 32;
    %store/vec4 v000002363f951d30_0, 0, 32;
    %fork TD_tb_alu.run_case, S_000002363f96fb10;
    %join;
    %pushi/vec4 0, 0, 32; draw_string_vec4
    %pushi/vec4 0, 0, 32; draw_string_vec4
    %concat/vec4; draw_string_vec4
    %pushi/vec4 0, 0, 32; draw_string_vec4
    %concat/vec4; draw_string_vec4
    %pushi/vec4 0, 0, 32; draw_string_vec4
    %concat/vec4; draw_string_vec4
    %pushi/vec4 83, 0, 32; draw_string_vec4
    %concat/vec4; draw_string_vec4
    %pushi/vec4 1162944622, 0, 32; draw_string_vec4
    %concat/vec4; draw_string_vec4
    %pushi/vec4 1869881445, 0, 32; draw_string_vec4
    %concat/vec4; draw_string_vec4
    %pushi/vec4 1903518060, 0, 32; draw_string_vec4
    %concat/vec4; draw_string_vec4
    %store/vec4 v000002363f951dd0_0, 0, 256;
    %pushi/vec4 12, 0, 4;
    %store/vec4 v000002363f953450_0, 0, 4;
    %pushi/vec4 305419896, 0, 32;
    %store/vec4 v000002363f951e70_0, 0, 32;
    %pushi/vec4 305419888, 0, 32;
    %store/vec4 v000002363f9534f0_0, 0, 32;
    %pushi/vec4 0, 0, 32;
    %store/vec4 v000002363f951d30_0, 0, 32;
    %fork TD_tb_alu.run_case, S_000002363f96fb10;
    %join;
    %pushi/vec4 0, 0, 32; draw_string_vec4
    %pushi/vec4 0, 0, 32; draw_string_vec4
    %concat/vec4; draw_string_vec4
    %pushi/vec4 0, 0, 32; draw_string_vec4
    %concat/vec4; draw_string_vec4
    %pushi/vec4 0, 0, 32; draw_string_vec4
    %concat/vec4; draw_string_vec4
    %pushi/vec4 0, 0, 32; draw_string_vec4
    %concat/vec4; draw_string_vec4
    %pushi/vec4 0, 0, 32; draw_string_vec4
    %concat/vec4; draw_string_vec4
    %pushi/vec4 0, 0, 32; draw_string_vec4
    %concat/vec4; draw_string_vec4
    %pushi/vec4 1481527122, 0, 32; draw_string_vec4
    %concat/vec4; draw_string_vec4
    %store/vec4 v000002363f951dd0_0, 0, 256;
    %pushi/vec4 13, 0, 4;
    %store/vec4 v000002363f953450_0, 0, 4;
    %pushi/vec4 1437269760, 0, 32;
    %store/vec4 v000002363f951e70_0, 0, 32;
    %pushi/vec4 252645135, 0, 32;
    %store/vec4 v000002363f9534f0_0, 0, 32;
    %pushi/vec4 2774142960, 0, 32;
    %store/vec4 v000002363f951d30_0, 0, 32;
    %fork TD_tb_alu.run_case, S_000002363f96fb10;
    %join;
    %pushi/vec4 0, 0, 32; draw_string_vec4
    %pushi/vec4 0, 0, 32; draw_string_vec4
    %concat/vec4; draw_string_vec4
    %pushi/vec4 0, 0, 32; draw_string_vec4
    %concat/vec4; draw_string_vec4
    %pushi/vec4 0, 0, 32; draw_string_vec4
    %concat/vec4; draw_string_vec4
    %pushi/vec4 0, 0, 32; draw_string_vec4
    %concat/vec4; draw_string_vec4
    %pushi/vec4 0, 0, 32; draw_string_vec4
    %concat/vec4; draw_string_vec4
    %pushi/vec4 0, 0, 32; draw_string_vec4
    %concat/vec4; draw_string_vec4
    %pushi/vec4 5000265, 0, 32; draw_string_vec4
    %concat/vec4; draw_string_vec4
    %store/vec4 v000002363f951dd0_0, 0, 256;
    %pushi/vec4 14, 0, 4;
    %store/vec4 v000002363f953450_0, 0, 4;
    %pushi/vec4 0, 0, 32;
    %store/vec4 v000002363f951e70_0, 0, 32;
    %pushi/vec4 305419896, 0, 32;
    %store/vec4 v000002363f9534f0_0, 0, 32;
    %pushi/vec4 22136, 0, 32;
    %store/vec4 v000002363f951d30_0, 0, 32;
    %fork TD_tb_alu.run_case, S_000002363f96fb10;
    %join;
    %pushi/vec4 0, 0, 32; draw_string_vec4
    %pushi/vec4 0, 0, 32; draw_string_vec4
    %concat/vec4; draw_string_vec4
    %pushi/vec4 0, 0, 32; draw_string_vec4
    %concat/vec4; draw_string_vec4
    %pushi/vec4 0, 0, 32; draw_string_vec4
    %concat/vec4; draw_string_vec4
    %pushi/vec4 0, 0, 32; draw_string_vec4
    %concat/vec4; draw_string_vec4
    %pushi/vec4 5391699, 0, 32; draw_string_vec4
    %concat/vec4; draw_string_vec4
    %pushi/vec4 1163023941, 0, 32; draw_string_vec4
    %concat/vec4; draw_string_vec4
    %pushi/vec4 1143815728, 0, 32; draw_string_vec4
    %concat/vec4; draw_string_vec4
    %store/vec4 v000002363f951dd0_0, 0, 256;
    %pushi/vec4 15, 0, 4;
    %store/vec4 v000002363f953450_0, 0, 4;
    %pushi/vec4 2309737967, 0, 32;
    %store/vec4 v000002363f951e70_0, 0, 32;
    %pushi/vec4 19088743, 0, 32;
    %store/vec4 v000002363f9534f0_0, 0, 32;
    %pushi/vec4 0, 0, 32;
    %store/vec4 v000002363f951d30_0, 0, 32;
    %fork TD_tb_alu.run_case, S_000002363f96fb10;
    %join;
    %load/vec4 v000002363f9d4fa0_0;
    %cmpi/e 0, 0, 32;
    %jmp/0xz  T_1.0, 4;
    %vpi_call/w 3 98 "$display", "\012=== ALU TEST PASS ===" {0 0 0};
    %jmp T_1.1;
T_1.0 ;
    %vpi_call/w 3 100 "$display", "\012=== ALU TEST FAIL: %0d errors ===", v000002363f9d4fa0_0 {0 0 0};
T_1.1 ;
    %vpi_call/w 3 102 "$finish" {0 0 0};
    %end;
    .thread T_1;
# The file index is used to find the file name in the following table.
:file_names 6;
    "N/A";
    "<interactive>";
    "-";
    ".\new\tb_alu.v";
    "..\sources_1\new\alu.v";
    "..\sources_1\new\adder.v";
